solid OpenSCAD_Model
  facet normal -0.5141027441932258 -0.8577286100002697 0
    outer loop
      vertex 10.321508157935005 6.795196839129112 3
      vertex 10.321508157935005 6.795196839129112 9
      vertex 10.111074417450995 6.921325969243637 3
    endloop
  endfacet
  facet normal -0.42755509343027986 -0.9039892931234444 -3.244186185765657e-19
    outer loop
      vertex 10.321508157935005 6.795196839129112 3
      vertex 10.543291419087275 6.690301168721783 3
      vertex 10.543291419087275 6.690301168721783 9
    endloop
  endfacet
  facet normal -0.9415440651830217 -0.3368898533922174 3.6978543638821715e-19
    outer loop
      vertex 9.107649160669478 8.274288306863845 3
      vertex 9.190301168721783 8.043291419087275 3
      vertex 9.190301168721783 8.043291419087275 9
    endloop
  endfacet
  facet normal -0.9700312531945429 -0.24298017990326795 0
    outer loop
      vertex 9.107649160669478 8.274288306863845 3
      vertex 9.107649160669478 8.274288306863845 9
      vertex 9.048036798991923 8.51227419495968 3
    endloop
  endfacet
  facet normal -0.9891765099647813 -0.14673047445535986 0
    outer loop
      vertex 9.048036798991923 8.51227419495968 3
      vertex 9.048036798991923 8.51227419495968 9
      vertex 9.012038183319508 8.754957149176098 3
    endloop
  endfacet
  facet normal -0.9987954562051725 -0.049067674327417085 0
    outer loop
      vertex 9.012038183319508 8.754957149176098 3
      vertex 9.012038183319508 8.754957149176098 9
      vertex 9 9 3
    endloop
  endfacet
  facet normal -0.9987954562051725 0.049067674327417085 0
    outer loop
      vertex 9 9 3
      vertex 9 9 9
      vertex 9.012038183319508 9.245042850823902 3
    endloop
  endfacet
  facet normal -0.9891765099647813 0.14673047445535986 0
    outer loop
      vertex 9.012038183319508 9.245042850823902 3
      vertex 9.012038183319508 9.245042850823902 9
      vertex 9.048036798991923 9.48772580504032 3
    endloop
  endfacet
  facet normal -0.9700312531945429 0.24298017990326795 0
    outer loop
      vertex 9.048036798991923 9.48772580504032 3
      vertex 9.048036798991923 9.48772580504032 9
      vertex 9.107649160669478 9.725711693136155 3
    endloop
  endfacet
  facet normal -0.9415440651830217 0.3368898533922174 0
    outer loop
      vertex 9.107649160669478 9.725711693136155 3
      vertex 9.107649160669478 9.725711693136155 9
      vertex 9.190301168721783 9.956708580912725 3
    endloop
  endfacet
  facet normal -0.8577286100002722 -0.5141027441932216 0
    outer loop
      vertex 9.421325969243636 7.611074417450995 3
      vertex 9.421325969243636 7.611074417450995 9
      vertex 9.295196839129112 7.821508157935006 3
    endloop
  endfacet
  facet normal -0.7409511253549597 -0.6715589548470179 0
    outer loop
      vertex 9.732233047033631 7.232233047033631 3
      vertex 9.732233047033631 7.232233047033631 9
      vertex 9.567473866593158 7.414016789590886 3
    endloop
  endfacet
  facet normal -0.8032075314806436 -0.595699304492435 -5.715616795980833e-19
    outer loop
      vertex 9.421325969243636 7.611074417450995 3
      vertex 9.567473866593158 7.414016789590886 3
      vertex 9.567473866593158 7.414016789590886 9
    endloop
  endfacet
  facet normal -0.9039892931234438 -0.42755509343028125 0
    outer loop
      vertex 9.295196839129112 7.821508157935006 3
      vertex 9.295196839129112 7.821508157935006 9
      vertex 9.190301168721783 8.043291419087275 3
    endloop
  endfacet
  facet normal -0.6715589548470197 -0.7409511253549579 1.27685549299383e-19
    outer loop
      vertex 9.732233047033631 7.232233047033631 3
      vertex 9.914016789590885 7.067473866593158 3
      vertex 9.914016789590885 7.067473866593158 9
    endloop
  endfacet
  facet normal -0.595699304492431 -0.8032075314806466 -4.940404340799285e-19
    outer loop
      vertex 9.914016789590885 7.067473866593158 3
      vertex 10.111074417450995 6.921325969243637 3
      vertex 10.111074417450995 6.921325969243637 9
    endloop
  endfacet
  facet normal -0.9039892931234444 0.42755509343027986 0
    outer loop
      vertex 9.190301168721783 9.956708580912725 3
      vertex 9.190301168721783 9.956708580912725 9
      vertex 9.295196839129112 10.178491842064995 3
    endloop
  endfacet
  facet normal -0.8577286100002712 0.5141027441932231 0
    outer loop
      vertex 9.295196839129112 10.178491842064995 3
      vertex 9.295196839129112 10.178491842064995 9
      vertex 9.421325969243636 10.388925582549005 3
    endloop
  endfacet
  facet normal -0.8032075314806449 0.5956993044924334 0
    outer loop
      vertex 9.421325969243636 10.388925582549005 3
      vertex 9.421325969243636 10.388925582549005 9
      vertex 9.567473866593158 10.585983210409115 3
    endloop
  endfacet
  facet normal -0.7409511253549579 0.6715589548470197 0
    outer loop
      vertex 9.567473866593158 10.585983210409115 3
      vertex 9.567473866593158 10.585983210409115 9
      vertex 9.732233047033631 10.767766952966369 3
    endloop
  endfacet
  facet normal -0.6715589548470197 0.7409511253549579 0
    outer loop
      vertex 9.732233047033631 10.767766952966369 3
      vertex 9.732233047033631 10.767766952966369 9
      vertex 9.914016789590885 10.932526133406842 3
    endloop
  endfacet
  facet normal -0.5956993044924334 0.8032075314806449 0
    outer loop
      vertex 9.914016789590885 10.932526133406842 3
      vertex 9.914016789590885 10.932526133406842 9
      vertex 10.111074417450995 11.078674030756364 3
    endloop
  endfacet
  facet normal -0.5141027441932231 0.8577286100002712 0
    outer loop
      vertex 10.111074417450995 11.078674030756364 3
      vertex 10.111074417450995 11.078674030756364 9
      vertex 10.321508157935005 11.204803160870888 3
    endloop
  endfacet
  facet normal -0.42755509343027986 0.9039892931234444 0
    outer loop
      vertex 10.321508157935005 11.204803160870888 3
      vertex 10.321508157935005 11.204803160870888 9
      vertex 10.543291419087275 11.309698831278217 3
    endloop
  endfacet
  facet normal -0.42755509343027986 -0.9039892931234444 0
    outer loop
      vertex 10.321508157935005 6.795196839129112 3
      vertex 10.543291419087275 6.690301168721783 9
      vertex 10.321508157935005 6.795196839129112 9
    endloop
  endfacet
  facet normal -0.9415440651830217 -0.3368898533922174 0
    outer loop
      vertex 9.107649160669478 8.274288306863845 3
      vertex 9.190301168721783 8.043291419087275 9
      vertex 9.107649160669478 8.274288306863845 9
    endloop
  endfacet
  facet normal -0.9700312531945429 -0.24298017990326795 0
    outer loop
      vertex 9.048036798991923 8.51227419495968 3
      vertex 9.107649160669478 8.274288306863845 9
      vertex 9.048036798991923 8.51227419495968 9
    endloop
  endfacet
  facet normal -0.9987954562051725 -0.049067674327417085 0
    outer loop
      vertex 9 9 3
      vertex 9.012038183319508 8.754957149176098 9
      vertex 9 9 9
    endloop
  endfacet
  facet normal -0.9891765099647813 -0.14673047445535986 0
    outer loop
      vertex 9.012038183319508 8.754957149176098 3
      vertex 9.048036798991923 8.51227419495968 9
      vertex 9.012038183319508 8.754957149176098 9
    endloop
  endfacet
  facet normal -0.9987954562051725 0.049067674327417085 0
    outer loop
      vertex 9.012038183319508 9.245042850823902 3
      vertex 9 9 9
      vertex 9.012038183319508 9.245042850823902 9
    endloop
  endfacet
  facet normal -0.9891765099647813 0.14673047445535986 0
    outer loop
      vertex 9.048036798991923 9.48772580504032 3
      vertex 9.012038183319508 9.245042850823902 9
      vertex 9.048036798991923 9.48772580504032 9
    endloop
  endfacet
  facet normal -0.9700312531945429 0.24298017990326795 0
    outer loop
      vertex 9.107649160669478 9.725711693136155 3
      vertex 9.048036798991923 9.48772580504032 9
      vertex 9.107649160669478 9.725711693136155 9
    endloop
  endfacet
  facet normal -0.9415440651830217 0.3368898533922174 0
    outer loop
      vertex 9.190301168721783 9.956708580912725 3
      vertex 9.107649160669478 9.725711693136155 9
      vertex 9.190301168721783 9.956708580912725 9
    endloop
  endfacet
  facet normal -0.8032075314806436 -0.595699304492435 0
    outer loop
      vertex 9.421325969243636 7.611074417450995 3
      vertex 9.567473866593158 7.414016789590886 9
      vertex 9.421325969243636 7.611074417450995 9
    endloop
  endfacet
  facet normal -0.6715589548470197 -0.7409511253549579 0
    outer loop
      vertex 9.732233047033631 7.232233047033631 3
      vertex 9.914016789590885 7.067473866593158 9
      vertex 9.732233047033631 7.232233047033631 9
    endloop
  endfacet
  facet normal -0.7409511253549597 -0.6715589548470179 0
    outer loop
      vertex 9.567473866593158 7.414016789590886 3
      vertex 9.732233047033631 7.232233047033631 9
      vertex 9.567473866593158 7.414016789590886 9
    endloop
  endfacet
  facet normal -0.8577286100002722 -0.5141027441932216 0
    outer loop
      vertex 9.295196839129112 7.821508157935006 3
      vertex 9.421325969243636 7.611074417450995 9
      vertex 9.295196839129112 7.821508157935006 9
    endloop
  endfacet
  facet normal -0.9039892931234438 -0.42755509343028125 0
    outer loop
      vertex 9.190301168721783 8.043291419087275 3
      vertex 9.295196839129112 7.821508157935006 9
      vertex 9.190301168721783 8.043291419087275 9
    endloop
  endfacet
  facet normal -0.595699304492431 -0.8032075314806466 0
    outer loop
      vertex 9.914016789590885 7.067473866593158 3
      vertex 10.111074417450995 6.921325969243637 9
      vertex 9.914016789590885 7.067473866593158 9
    endloop
  endfacet
  facet normal -0.5141027441932258 -0.8577286100002697 0
    outer loop
      vertex 10.111074417450995 6.921325969243637 3
      vertex 10.321508157935005 6.795196839129112 9
      vertex 10.111074417450995 6.921325969243637 9
    endloop
  endfacet
  facet normal -0.9039892931234444 0.42755509343027986 0
    outer loop
      vertex 9.295196839129112 10.178491842064995 3
      vertex 9.190301168721783 9.956708580912725 9
      vertex 9.295196839129112 10.178491842064995 9
    endloop
  endfacet
  facet normal -0.8577286100002712 0.5141027441932231 0
    outer loop
      vertex 9.421325969243636 10.388925582549005 3
      vertex 9.295196839129112 10.178491842064995 9
      vertex 9.421325969243636 10.388925582549005 9
    endloop
  endfacet
  facet normal -0.8032075314806449 0.5956993044924334 0
    outer loop
      vertex 9.567473866593158 10.585983210409115 3
      vertex 9.421325969243636 10.388925582549005 9
      vertex 9.567473866593158 10.585983210409115 9
    endloop
  endfacet
  facet normal -0.7409511253549579 0.6715589548470197 0
    outer loop
      vertex 9.732233047033631 10.767766952966369 3
      vertex 9.567473866593158 10.585983210409115 9
      vertex 9.732233047033631 10.767766952966369 9
    endloop
  endfacet
  facet normal -0.6715589548470197 0.7409511253549579 0
    outer loop
      vertex 9.914016789590885 10.932526133406842 3
      vertex 9.732233047033631 10.767766952966369 9
      vertex 9.914016789590885 10.932526133406842 9
    endloop
  endfacet
  facet normal -0.5956993044924334 0.8032075314806449 0
    outer loop
      vertex 10.111074417450995 11.078674030756364 3
      vertex 9.914016789590885 10.932526133406842 9
      vertex 10.111074417450995 11.078674030756364 9
    endloop
  endfacet
  facet normal -0.5141027441932231 0.8577286100002712 0
    outer loop
      vertex 10.321508157935005 11.204803160870888 3
      vertex 10.111074417450995 11.078674030756364 9
      vertex 10.321508157935005 11.204803160870888 9
    endloop
  endfacet
  facet normal -0.42755509343027986 0.9039892931234444 0
    outer loop
      vertex 10.543291419087275 11.309698831278217 3
      vertex 10.321508157935005 11.204803160870888 9
      vertex 10.543291419087275 11.309698831278217 9
    endloop
  endfacet
  facet normal 0 0 1
    outer loop
      vertex 9.012038183319508 8.754957149176098 9
      vertex 9.012038183319508 9.245042850823902 9
      vertex 9 9 9
    endloop
  endfacet
  facet normal 0 0 1
    outer loop
      vertex 9.107649160669478 8.274288306863845 9
      vertex 9.048036798991923 9.48772580504032 9
      vertex 9.048036798991923 8.51227419495968 9
    endloop
  endfacet
  facet normal 0 0 1
    outer loop
      vertex 9.107649160669478 8.274288306863845 9
      vertex 9.190301168721783 8.043291419087275 9
      vertex 9.107649160669478 9.725711693136155 9
    endloop
  endfacet
  facet normal 0 0 1
    outer loop
      vertex 9.048036798991923 8.51227419495968 9
      vertex 9.012038183319508 9.245042850823902 9
      vertex 9.012038183319508 8.754957149176098 9
    endloop
  endfacet
  facet normal 0 0 1
    outer loop
      vertex 9.048036798991923 8.51227419495968 9
      vertex 9.048036798991923 9.48772580504032 9
      vertex 9.012038183319508 9.245042850823902 9
    endloop
  endfacet
  facet normal 0 0 1
    outer loop
      vertex 9.107649160669478 8.274288306863845 9
      vertex 9.107649160669478 9.725711693136155 9
      vertex 9.048036798991923 9.48772580504032 9
    endloop
  endfacet
  facet normal 0 0 1
    outer loop
      vertex 9.107649160669478 9.725711693136155 9
      vertex 9.190301168721783 8.043291419087275 9
      vertex 9.190301168721783 9.956708580912725 9
    endloop
  endfacet
  facet normal 0 0 1
    outer loop
      vertex 9.421325969243636 7.611074417450995 9
      vertex 9.295196839129112 10.178491842064995 9
      vertex 9.295196839129112 7.821508157935006 9
    endloop
  endfacet
  facet normal 0 0 1
    outer loop
      vertex 9.421325969243636 7.611074417450995 9
      vertex 9.567473866593158 7.414016789590886 9
      vertex 9.421325969243636 10.388925582549005 9
    endloop
  endfacet
  facet normal 0 0 1
    outer loop
      vertex 9.732233047033631 7.232233047033631 9
      vertex 9.567473866593158 10.585983210409115 9
      vertex 9.567473866593158 7.414016789590886 9
    endloop
  endfacet
  facet normal 0 0 1
    outer loop
      vertex 9.732233047033631 7.232233047033631 9
      vertex 9.914016789590885 7.067473866593158 9
      vertex 9.732233047033631 10.767766952966369 9
    endloop
  endfacet
  facet normal 0 0 1
    outer loop
      vertex 10.321508157935005 6.795196839129112 9
      vertex 10.543291419087275 6.690301168721783 9
      vertex 10.421136191556446 8.785400645782259 9
    endloop
  endfacet
  facet normal 0 0 1
    outer loop
      vertex 9.914016789590885 7.067473866593158 9
      vertex 10.111074417450995 6.921325969243637 9
      vertex 9.914016789590885 10.932526133406842 9
    endloop
  endfacet
  facet normal 0 0 1
    outer loop
      vertex 10.321508157935005 6.795196839129112 9
      vertex 10.421136191556446 8.785400645782259 9
      vertex 10.405296800660583 8.892181145637483 9
    endloop
  endfacet
  facet normal 0 0 1
    outer loop
      vertex 10.543291419087275 6.690301168721783 9
      vertex 10.483732514237584 8.5790482243984 9
      vertex 10.44736563069457 8.680686855020092 9
    endloop
  endfacet
  facet normal 0 0 1
    outer loop
      vertex 10.543291419087275 6.690301168721783 9
      vertex 10.44736563069457 8.680686855020092 9
      vertex 10.421136191556446 8.785400645782259 9
    endloop
  endfacet
  facet normal 0 0 1
    outer loop
      vertex 10.321508157935005 6.795196839129112 9
      vertex 10.111074417450995 11.078674030756364 9
      vertex 10.111074417450995 6.921325969243637 9
    endloop
  endfacet
  facet normal 0 0 1
    outer loop
      vertex 10.321508157935005 6.795196839129112 9
      vertex 10.405296800660583 8.892181145637483 9
      vertex 10.4 9 9
    endloop
  endfacet
  facet normal 0 0 1
    outer loop
      vertex 9.295196839129112 7.821508157935006 9
      vertex 9.190301168721783 9.956708580912725 9
      vertex 9.190301168721783 8.043291419087275 9
    endloop
  endfacet
  facet normal 0 0 1
    outer loop
      vertex 9.295196839129112 7.821508157935006 9
      vertex 9.295196839129112 10.178491842064995 9
      vertex 9.190301168721783 9.956708580912725 9
    endloop
  endfacet
  facet normal 0 0 1
    outer loop
      vertex 9.421325969243636 7.611074417450995 9
      vertex 9.421325969243636 10.388925582549005 9
      vertex 9.295196839129112 10.178491842064995 9
    endloop
  endfacet
  facet normal 0 0 1
    outer loop
      vertex 9.567473866593158 7.414016789590886 9
      vertex 9.567473866593158 10.585983210409115 9
      vertex 9.421325969243636 10.388925582549005 9
    endloop
  endfacet
  facet normal 0 0 1
    outer loop
      vertex 9.732233047033631 7.232233047033631 9
      vertex 9.732233047033631 10.767766952966369 9
      vertex 9.567473866593158 10.585983210409115 9
    endloop
  endfacet
  facet normal 0 0 1
    outer loop
      vertex 10.321508157935005 6.795196839129112 9
      vertex 10.4 9 9
      vertex 10.321508157935005 11.204803160870888 9
    endloop
  endfacet
  facet normal 0 0 1
    outer loop
      vertex 9.914016789590885 7.067473866593158 9
      vertex 9.914016789590885 10.932526133406842 9
      vertex 9.732233047033631 10.767766952966369 9
    endloop
  endfacet
  facet normal 0 0 1
    outer loop
      vertex 10.111074417450995 6.921325969243637 9
      vertex 10.111074417450995 11.078674030756364 9
      vertex 9.914016789590885 10.932526133406842 9
    endloop
  endfacet
  facet normal 0 0 1
    outer loop
      vertex 10.321508157935005 6.795196839129112 9
      vertex 10.321508157935005 11.204803160870888 9
      vertex 10.111074417450995 11.078674030756364 9
    endloop
  endfacet
  facet normal 0 0 1
    outer loop
      vertex 10.321508157935005 11.204803160870888 9
      vertex 10.4 9 9
      vertex 10.405296800660583 9.107818854362517 9
    endloop
  endfacet
  facet normal 0 0 1
    outer loop
      vertex 10.321508157935005 11.204803160870888 9
      vertex 10.405296800660583 9.107818854362517 9
      vertex 10.421136191556446 9.214599354217741 9
    endloop
  endfacet
  facet normal 0 0 1
    outer loop
      vertex 10.321508157935005 11.204803160870888 9
      vertex 10.421136191556446 9.214599354217741 9
      vertex 10.44736563069457 9.319313144979908 9
    endloop
  endfacet
  facet normal 0 0 1
    outer loop
      vertex 10.321508157935005 11.204803160870888 9
      vertex 10.44736563069457 9.319313144979908 9
      vertex 10.483732514237584 9.4209517756016 9
    endloop
  endfacet
  facet normal 0 0 1
    outer loop
      vertex 10.321508157935005 11.204803160870888 9
      vertex 10.483732514237584 9.4209517756016 9
      vertex 10.52988660921681 9.518536410508597 9
    endloop
  endfacet
  facet normal 0 0 1
    outer loop
      vertex 10.321508157935005 11.204803160870888 9
      vertex 10.52988660921681 9.518536410508597 9
      vertex 10.5853834264672 9.611127256321563 9
    endloop
  endfacet
  facet normal 0 0 1
    outer loop
      vertex 10.321508157935005 11.204803160870888 9
      vertex 10.5853834264672 9.611127256321563 9
      vertex 10.543291419087275 11.309698831278217 9
    endloop
  endfacet
  facet normal -0.3368898533922174 -0.9415440651830217 3.6978543638821715e-19
    outer loop
      vertex 10.543291419087275 6.690301168721783 3
      vertex 10.774288306863845 6.607649160669478 3
      vertex 10.774288306863845 6.607649160669478 9
    endloop
  endfacet
  facet normal -0.24298017990326456 -0.9700312531945438 -9.599886927401386e-20
    outer loop
      vertex 10.774288306863845 6.607649160669478 3
      vertex 11.01227419495968 6.548036798991924 3
      vertex 11.01227419495968 6.548036798991924 9
    endloop
  endfacet
  facet normal -0.14673047445536339 -0.9891765099647808 -5.780711981377781e-19
    outer loop
      vertex 11.01227419495968 6.548036798991924 3
      vertex 11.254957149176098 6.512038183319508 3
      vertex 11.254957149176098 6.512038183319508 9
    endloop
  endfacet
  facet normal -0.049067674327417085 -0.9987954562051725 -9.58810661253428e-20
    outer loop
      vertex 11.254957149176098 6.512038183319508 3
      vertex 11.5 6.5 3
      vertex 11.5 6.5 9
    endloop
  endfacet
  facet normal 0.049067674327417085 -0.9987954562051725 9.58810661253428e-20
    outer loop
      vertex 11.5 6.5 3
      vertex 11.745042850823902 6.512038183319508 3
      vertex 11.745042850823902 6.512038183319508 9
    endloop
  endfacet
  facet normal 0.14673047445536339 -0.9891765099647808 5.780711981377781e-19
    outer loop
      vertex 11.745042850823902 6.512038183319508 3
      vertex 11.98772580504032 6.548036798991924 3
      vertex 11.98772580504032 6.548036798991924 9
    endloop
  endfacet
  facet normal 0.24298017990326456 -0.9700312531945438 9.599886927401386e-20
    outer loop
      vertex 11.98772580504032 6.548036798991924 3
      vertex 12.225711693136155 6.607649160669478 3
      vertex 12.225711693136155 6.607649160669478 9
    endloop
  endfacet
  facet normal 0.3368898533922174 -0.9415440651830217 -3.6978543638821715e-19
    outer loop
      vertex 12.225711693136155 6.607649160669478 3
      vertex 12.456708580912725 6.690301168721783 3
      vertex 12.456708580912725 6.690301168721783 9
    endloop
  endfacet
  facet normal 0.42755509343027986 -0.9039892931234444 3.244186185765657e-19
    outer loop
      vertex 12.456708580912725 6.690301168721783 3
      vertex 12.678491842064995 6.795196839129112 3
      vertex 12.678491842064995 6.795196839129112 9
    endloop
  endfacet
  facet normal 0.5141027441932258 -0.8577286100002697 -1.7412288114373803e-19
    outer loop
      vertex 12.678491842064995 6.795196839129112 3
      vertex 12.888925582549005 6.921325969243637 3
      vertex 12.888925582549005 6.921325969243637 9
    endloop
  endfacet
  facet normal 0.595699304492431 -0.8032075314806466 4.940404340799285e-19
    outer loop
      vertex 12.888925582549005 6.921325969243637 3
      vertex 13.085983210409115 7.067473866593158 3
      vertex 13.085983210409115 7.067473866593158 9
    endloop
  endfacet
  facet normal -0.3368898533922174 0.9415440651830217 0
    outer loop
      vertex 10.543291419087275 11.309698831278217 3
      vertex 10.543291419087275 11.309698831278217 9
      vertex 10.774288306863845 11.392350839330522 3
    endloop
  endfacet
  facet normal -0.24298017990326795 0.9700312531945429 0
    outer loop
      vertex 10.774288306863845 11.392350839330522 3
      vertex 10.774288306863845 11.392350839330522 9
      vertex 11.01227419495968 11.451963201008077 3
    endloop
  endfacet
  facet normal -0.14673047445535986 0.9891765099647813 0
    outer loop
      vertex 11.01227419495968 11.451963201008077 3
      vertex 11.01227419495968 11.451963201008077 9
      vertex 11.254957149176098 11.487961816680492 3
    endloop
  endfacet
  facet normal -0.049067674327417085 0.9987954562051725 0
    outer loop
      vertex 11.254957149176098 11.487961816680492 3
      vertex 11.254957149176098 11.487961816680492 9
      vertex 11.5 11.5 3
    endloop
  endfacet
  facet normal 0.049067674327417085 0.9987954562051725 0
    outer loop
      vertex 11.5 11.5 3
      vertex 11.5 11.5 9
      vertex 11.745042850823902 11.487961816680492 3
    endloop
  endfacet
  facet normal 0.14673047445535986 0.9891765099647813 0
    outer loop
      vertex 11.745042850823902 11.487961816680492 3
      vertex 11.745042850823902 11.487961816680492 9
      vertex 11.98772580504032 11.451963201008077 3
    endloop
  endfacet
  facet normal 0.24298017990326795 0.9700312531945429 0
    outer loop
      vertex 11.98772580504032 11.451963201008077 3
      vertex 11.98772580504032 11.451963201008077 9
      vertex 12.225711693136155 11.392350839330522 3
    endloop
  endfacet
  facet normal 0.3368898533922174 0.9415440651830217 0
    outer loop
      vertex 12.225711693136155 11.392350839330522 3
      vertex 12.225711693136155 11.392350839330522 9
      vertex 12.456708580912725 11.309698831278217 3
    endloop
  endfacet
  facet normal 0.5141027441932231 0.8577286100002712 -1.2983034057417517e-19
    outer loop
      vertex 12.888925582549005 11.078674030756364 3
      vertex 12.678491842064995 11.204803160870888 3
      vertex 12.678491842064995 11.204803160870888 9
    endloop
  endfacet
  facet normal 0.5956993044924334 0.8032075314806449 0
    outer loop
      vertex 12.888925582549005 11.078674030756364 3
      vertex 12.888925582549005 11.078674030756364 9
      vertex 13.085983210409115 10.932526133406842 3
    endloop
  endfacet
  facet normal 0.42755509343027986 0.9039892931234444 0
    outer loop
      vertex 12.456708580912725 11.309698831278217 3
      vertex 12.456708580912725 11.309698831278217 9
      vertex 12.678491842064995 11.204803160870888 3
    endloop
  endfacet
  facet normal 0.6715589548470197 -0.7409511253549579 -1.27685549299383e-19
    outer loop
      vertex 13.085983210409115 7.067473866593158 3
      vertex 13.267766952966369 7.232233047033631 3
      vertex 13.267766952966369 7.232233047033631 9
    endloop
  endfacet
  facet normal 0.7409511253549597 -0.6715589548470179 2.9267031032870778e-19
    outer loop
      vertex 13.267766952966369 7.232233047033631 3
      vertex 13.432526133406842 7.414016789590886 3
      vertex 13.432526133406842 7.414016789590886 9
    endloop
  endfacet
  facet normal 0.8032075314806436 -0.595699304492435 5.715616795980833e-19
    outer loop
      vertex 13.432526133406842 7.414016789590886 3
      vertex 13.578674030756364 7.611074417450995 3
      vertex 13.578674030756364 7.611074417450995 9
    endloop
  endfacet
  facet normal 0.8577286100002722 -0.5141027441932216 8.111132248766452e-19
    outer loop
      vertex 13.578674030756364 7.611074417450995 3
      vertex 13.704803160870888 7.821508157935006 3
      vertex 13.704803160870888 7.821508157935006 9
    endloop
  endfacet
  facet normal 0.9039892931234438 -0.42755509343028125 6.70197473296507e-19
    outer loop
      vertex 13.704803160870888 7.821508157935006 3
      vertex 13.809698831278217 8.043291419087275 3
      vertex 13.809698831278217 8.043291419087275 9
    endloop
  endfacet
  facet normal 0.9415440651830217 -0.3368898533922174 -3.6978543638821715e-19
    outer loop
      vertex 13.809698831278217 8.043291419087275 3
      vertex 13.892350839330522 8.274288306863845 3
      vertex 13.892350839330522 8.274288306863845 9
    endloop
  endfacet
  facet normal 0.9700312531945429 -0.24298017990326795 -8.221355052957312e-20
    outer loop
      vertex 13.892350839330522 8.274288306863845 3
      vertex 13.951963201008077 8.51227419495968 3
      vertex 13.951963201008077 8.51227419495968 9
    endloop
  endfacet
  facet normal 0.9039892931234444 0.42755509343027986 0
    outer loop
      vertex 13.704803160870888 10.178491842064995 3
      vertex 13.704803160870888 10.178491842064995 9
      vertex 13.809698831278217 9.956708580912725 3
    endloop
  endfacet
  facet normal 0.9891765099647813 -0.14673047445535986 2.791291424266645e-19
    outer loop
      vertex 13.951963201008077 8.51227419495968 3
      vertex 13.987961816680492 8.754957149176098 3
      vertex 13.987961816680492 8.754957149176098 9
    endloop
  endfacet
  facet normal 0.9987954562051725 -0.049067674327417085 9.58810661253428e-20
    outer loop
      vertex 13.987961816680492 8.754957149176098 3
      vertex 14 9 3
      vertex 14 9 9
    endloop
  endfacet
  facet normal 0.9987954562051725 0.049067674327417085 -9.58810661253428e-20
    outer loop
      vertex 14 9 3
      vertex 13.987961816680492 9.245042850823902 3
      vertex 13.987961816680492 9.245042850823902 9
    endloop
  endfacet
  facet normal 0.9891765099647813 0.14673047445535986 -2.791291424266645e-19
    outer loop
      vertex 13.987961816680492 9.245042850823902 3
      vertex 13.951963201008077 9.48772580504032 3
      vertex 13.951963201008077 9.48772580504032 9
    endloop
  endfacet
  facet normal 0.9700312531945429 0.24298017990326795 0
    outer loop
      vertex 13.892350839330522 9.725711693136155 3
      vertex 13.892350839330522 9.725711693136155 9
      vertex 13.951963201008077 9.48772580504032 3
    endloop
  endfacet
  facet normal 0.9415440651830217 0.3368898533922174 3.6978543638821715e-19
    outer loop
      vertex 13.892350839330522 9.725711693136155 3
      vertex 13.809698831278217 9.956708580912725 3
      vertex 13.809698831278217 9.956708580912725 9
    endloop
  endfacet
  facet normal 0.7409511253549579 0.6715589548470197 1.27685549299383e-19
    outer loop
      vertex 13.432526133406842 10.585983210409115 3
      vertex 13.267766952966369 10.767766952966369 3
      vertex 13.267766952966369 10.767766952966369 9
    endloop
  endfacet
  facet normal 0.6715589548470197 0.7409511253549579 0
    outer loop
      vertex 13.085983210409115 10.932526133406842 3
      vertex 13.085983210409115 10.932526133406842 9
      vertex 13.267766952966369 10.767766952966369 3
    endloop
  endfacet
  facet normal 0.8032075314806449 0.5956993044924334 0
    outer loop
      vertex 13.432526133406842 10.585983210409115 3
      vertex 13.432526133406842 10.585983210409115 9
      vertex 13.578674030756364 10.388925582549005 3
    endloop
  endfacet
  facet normal 0.8577286100002712 0.5141027441932231 -1.2983034057417517e-19
    outer loop
      vertex 13.704803160870888 10.178491842064995 3
      vertex 13.578674030756364 10.388925582549005 3
      vertex 13.578674030756364 10.388925582549005 9
    endloop
  endfacet
  facet normal -0.3368898533922174 -0.9415440651830217 0
    outer loop
      vertex 10.543291419087275 6.690301168721783 3
      vertex 10.774288306863845 6.607649160669478 9
      vertex 10.543291419087275 6.690301168721783 9
    endloop
  endfacet
  facet normal -0.24298017990326456 -0.9700312531945438 0
    outer loop
      vertex 10.774288306863845 6.607649160669478 3
      vertex 11.01227419495968 6.548036798991924 9
      vertex 10.774288306863845 6.607649160669478 9
    endloop
  endfacet
  facet normal -0.14673047445536339 -0.9891765099647808 0
    outer loop
      vertex 11.01227419495968 6.548036798991924 3
      vertex 11.254957149176098 6.512038183319508 9
      vertex 11.01227419495968 6.548036798991924 9
    endloop
  endfacet
  facet normal -0.049067674327417085 -0.9987954562051725 0
    outer loop
      vertex 11.254957149176098 6.512038183319508 3
      vertex 11.5 6.5 9
      vertex 11.254957149176098 6.512038183319508 9
    endloop
  endfacet
  facet normal 0.049067674327417085 -0.9987954562051725 0
    outer loop
      vertex 11.5 6.5 3
      vertex 11.745042850823902 6.512038183319508 9
      vertex 11.5 6.5 9
    endloop
  endfacet
  facet normal 0.14673047445536339 -0.9891765099647808 0
    outer loop
      vertex 11.745042850823902 6.512038183319508 3
      vertex 11.98772580504032 6.548036798991924 9
      vertex 11.745042850823902 6.512038183319508 9
    endloop
  endfacet
  facet normal 0.24298017990326456 -0.9700312531945438 0
    outer loop
      vertex 11.98772580504032 6.548036798991924 3
      vertex 12.225711693136155 6.607649160669478 9
      vertex 11.98772580504032 6.548036798991924 9
    endloop
  endfacet
  facet normal 0.3368898533922174 -0.9415440651830217 0
    outer loop
      vertex 12.225711693136155 6.607649160669478 3
      vertex 12.456708580912725 6.690301168721783 9
      vertex 12.225711693136155 6.607649160669478 9
    endloop
  endfacet
  facet normal 0.42755509343027986 -0.9039892931234444 0
    outer loop
      vertex 12.456708580912725 6.690301168721783 3
      vertex 12.678491842064995 6.795196839129112 9
      vertex 12.456708580912725 6.690301168721783 9
    endloop
  endfacet
  facet normal 0.5141027441932258 -0.8577286100002697 0
    outer loop
      vertex 12.678491842064995 6.795196839129112 3
      vertex 12.888925582549005 6.921325969243637 9
      vertex 12.678491842064995 6.795196839129112 9
    endloop
  endfacet
  facet normal 0.595699304492431 -0.8032075314806466 0
    outer loop
      vertex 12.888925582549005 6.921325969243637 3
      vertex 13.085983210409115 7.067473866593158 9
      vertex 12.888925582549005 6.921325969243637 9
    endloop
  endfacet
  facet normal -0.3368898533922174 0.9415440651830217 0
    outer loop
      vertex 10.774288306863845 11.392350839330522 3
      vertex 10.543291419087275 11.309698831278217 9
      vertex 10.774288306863845 11.392350839330522 9
    endloop
  endfacet
  facet normal -0.24298017990326795 0.9700312531945429 0
    outer loop
      vertex 11.01227419495968 11.451963201008077 3
      vertex 10.774288306863845 11.392350839330522 9
      vertex 11.01227419495968 11.451963201008077 9
    endloop
  endfacet
  facet normal -0.14673047445535986 0.9891765099647813 0
    outer loop
      vertex 11.254957149176098 11.487961816680492 3
      vertex 11.01227419495968 11.451963201008077 9
      vertex 11.254957149176098 11.487961816680492 9
    endloop
  endfacet
  facet normal -0.049067674327417085 0.9987954562051725 0
    outer loop
      vertex 11.5 11.5 3
      vertex 11.254957149176098 11.487961816680492 9
      vertex 11.5 11.5 9
    endloop
  endfacet
  facet normal 0.049067674327417085 0.9987954562051725 0
    outer loop
      vertex 11.745042850823902 11.487961816680492 3
      vertex 11.5 11.5 9
      vertex 11.745042850823902 11.487961816680492 9
    endloop
  endfacet
  facet normal 0.14673047445535986 0.9891765099647813 0
    outer loop
      vertex 11.98772580504032 11.451963201008077 3
      vertex 11.745042850823902 11.487961816680492 9
      vertex 11.98772580504032 11.451963201008077 9
    endloop
  endfacet
  facet normal 0.24298017990326795 0.9700312531945429 0
    outer loop
      vertex 12.225711693136155 11.392350839330522 3
      vertex 11.98772580504032 11.451963201008077 9
      vertex 12.225711693136155 11.392350839330522 9
    endloop
  endfacet
  facet normal 0.3368898533922174 0.9415440651830217 0
    outer loop
      vertex 12.456708580912725 11.309698831278217 3
      vertex 12.225711693136155 11.392350839330522 9
      vertex 12.456708580912725 11.309698831278217 9
    endloop
  endfacet
  facet normal 0.5141027441932231 0.8577286100002712 0
    outer loop
      vertex 12.888925582549005 11.078674030756364 3
      vertex 12.678491842064995 11.204803160870888 9
      vertex 12.888925582549005 11.078674030756364 9
    endloop
  endfacet
  facet normal 0.5956993044924334 0.8032075314806449 0
    outer loop
      vertex 13.085983210409115 10.932526133406842 3
      vertex 12.888925582549005 11.078674030756364 9
      vertex 13.085983210409115 10.932526133406842 9
    endloop
  endfacet
  facet normal 0.42755509343027986 0.9039892931234444 0
    outer loop
      vertex 12.678491842064995 11.204803160870888 3
      vertex 12.456708580912725 11.309698831278217 9
      vertex 12.678491842064995 11.204803160870888 9
    endloop
  endfacet
  facet normal 0.6715589548470197 -0.7409511253549579 0
    outer loop
      vertex 13.085983210409115 7.067473866593158 3
      vertex 13.267766952966369 7.232233047033631 9
      vertex 13.085983210409115 7.067473866593158 9
    endloop
  endfacet
  facet normal 0.7409511253549597 -0.6715589548470179 0
    outer loop
      vertex 13.267766952966369 7.232233047033631 3
      vertex 13.432526133406842 7.414016789590886 9
      vertex 13.267766952966369 7.232233047033631 9
    endloop
  endfacet
  facet normal 0.8032075314806436 -0.595699304492435 0
    outer loop
      vertex 13.432526133406842 7.414016789590886 3
      vertex 13.578674030756364 7.611074417450995 9
      vertex 13.432526133406842 7.414016789590886 9
    endloop
  endfacet
  facet normal 0.8577286100002722 -0.5141027441932216 0
    outer loop
      vertex 13.578674030756364 7.611074417450995 3
      vertex 13.704803160870888 7.821508157935006 9
      vertex 13.578674030756364 7.611074417450995 9
    endloop
  endfacet
  facet normal 0.9039892931234438 -0.42755509343028125 0
    outer loop
      vertex 13.704803160870888 7.821508157935006 3
      vertex 13.809698831278217 8.043291419087275 9
      vertex 13.704803160870888 7.821508157935006 9
    endloop
  endfacet
  facet normal 0.9415440651830217 -0.3368898533922174 0
    outer loop
      vertex 13.809698831278217 8.043291419087275 3
      vertex 13.892350839330522 8.274288306863845 9
      vertex 13.809698831278217 8.043291419087275 9
    endloop
  endfacet
  facet normal 0.9700312531945429 -0.24298017990326795 0
    outer loop
      vertex 13.892350839330522 8.274288306863845 3
      vertex 13.951963201008077 8.51227419495968 9
      vertex 13.892350839330522 8.274288306863845 9
    endloop
  endfacet
  facet normal 0.9891765099647813 -0.14673047445535986 0
    outer loop
      vertex 13.951963201008077 8.51227419495968 3
      vertex 13.987961816680492 8.754957149176098 9
      vertex 13.951963201008077 8.51227419495968 9
    endloop
  endfacet
  facet normal 0.9039892931234444 0.42755509343027986 0
    outer loop
      vertex 13.809698831278217 9.956708580912725 3
      vertex 13.704803160870888 10.178491842064995 9
      vertex 13.809698831278217 9.956708580912725 9
    endloop
  endfacet
  facet normal 0.8577286100002712 0.5141027441932231 0
    outer loop
      vertex 13.704803160870888 10.178491842064995 3
      vertex 13.578674030756364 10.388925582549005 9
      vertex 13.704803160870888 10.178491842064995 9
    endloop
  endfacet
  facet normal 0.9987954562051725 -0.049067674327417085 0
    outer loop
      vertex 13.987961816680492 8.754957149176098 3
      vertex 14 9 9
      vertex 13.987961816680492 8.754957149176098 9
    endloop
  endfacet
  facet normal 0.9987954562051725 0.049067674327417085 0
    outer loop
      vertex 14 9 3
      vertex 13.987961816680492 9.245042850823902 9
      vertex 14 9 9
    endloop
  endfacet
  facet normal 0.9891765099647813 0.14673047445535986 0
    outer loop
      vertex 13.987961816680492 9.245042850823902 3
      vertex 13.951963201008077 9.48772580504032 9
      vertex 13.987961816680492 9.245042850823902 9
    endloop
  endfacet
  facet normal 0.9700312531945429 0.24298017990326795 0
    outer loop
      vertex 13.951963201008077 9.48772580504032 3
      vertex 13.892350839330522 9.725711693136155 9
      vertex 13.951963201008077 9.48772580504032 9
    endloop
  endfacet
  facet normal 0.9415440651830217 0.3368898533922174 0
    outer loop
      vertex 13.892350839330522 9.725711693136155 3
      vertex 13.809698831278217 9.956708580912725 9
      vertex 13.892350839330522 9.725711693136155 9
    endloop
  endfacet
  facet normal 0.7409511253549579 0.6715589548470197 0
    outer loop
      vertex 13.432526133406842 10.585983210409115 3
      vertex 13.267766952966369 10.767766952966369 9
      vertex 13.432526133406842 10.585983210409115 9
    endloop
  endfacet
  facet normal 0.6715589548470197 0.7409511253549579 0
    outer loop
      vertex 13.267766952966369 10.767766952966369 3
      vertex 13.085983210409115 10.932526133406842 9
      vertex 13.267766952966369 10.767766952966369 9
    endloop
  endfacet
  facet normal 0.8032075314806449 0.5956993044924334 0
    outer loop
      vertex 13.578674030756364 10.388925582549005 3
      vertex 13.432526133406842 10.585983210409115 9
      vertex 13.578674030756364 10.388925582549005 9
    endloop
  endfacet
  facet normal 0 0 1
    outer loop
      vertex 10.543291419087275 6.690301168721783 9
      vertex 10.774288306863845 6.607649160669478 9
      vertex 10.64968850130099 8.30216738741999 9
    endloop
  endfacet
  facet normal 0 0 1
    outer loop
      vertex 10.774288306863845 6.607649160669478 9
      vertex 10.722182540694797 8.222182540694797 9
      vertex 10.64968850130099 8.30216738741999 9
    endloop
  endfacet
  facet normal 0 0 1
    outer loop
      vertex 10.774288306863845 6.607649160669478 9
      vertex 10.888872743678437 8.0853834264672 9
      vertex 10.80216738741999 8.14968850130099 9
    endloop
  endfacet
  facet normal 0 0 1
    outer loop
      vertex 10.774288306863845 6.607649160669478 9
      vertex 10.80216738741999 8.14968850130099 9
      vertex 10.722182540694797 8.222182540694797 9
    endloop
  endfacet
  facet normal 0 0 1
    outer loop
      vertex 10.774288306863845 6.607649160669478 9
      vertex 11.01227419495968 6.548036798991924 9
      vertex 10.888872743678437 8.0853834264672 9
    endloop
  endfacet
  facet normal 0 0 1
    outer loop
      vertex 11.01227419495968 6.548036798991924 9
      vertex 11.254957149176098 6.512038183319508 9
      vertex 11.180686855020092 7.94736563069457 9
    endloop
  endfacet
  facet normal 0 0 1
    outer loop
      vertex 11.01227419495968 6.548036798991924 9
      vertex 10.981463589491403 8.02988660921681 9
      vertex 10.888872743678437 8.0853834264672 9
    endloop
  endfacet
  facet normal 0 0 1
    outer loop
      vertex 11.01227419495968 6.548036798991924 9
      vertex 11.180686855020092 7.94736563069457 9
      vertex 11.0790482243984 7.983732514237585 9
    endloop
  endfacet
  facet normal 0 0 1
    outer loop
      vertex 11.01227419495968 6.548036798991924 9
      vertex 11.0790482243984 7.983732514237585 9
      vertex 10.981463589491403 8.02988660921681 9
    endloop
  endfacet
  facet normal 0 0 1
    outer loop
      vertex 10.543291419087275 6.690301168721783 9
      vertex 10.52988660921681 8.481463589491403 9
      vertex 10.483732514237584 8.5790482243984 9
    endloop
  endfacet
  facet normal 0 0 1
    outer loop
      vertex 10.543291419087275 6.690301168721783 9
      vertex 10.5853834264672 8.388872743678437 9
      vertex 10.52988660921681 8.481463589491403 9
    endloop
  endfacet
  facet normal 0 0 1
    outer loop
      vertex 10.543291419087275 6.690301168721783 9
      vertex 10.64968850130099 8.30216738741999 9
      vertex 10.5853834264672 8.388872743678437 9
    endloop
  endfacet
  facet normal 0 0 1
    outer loop
      vertex 11.254957149176098 6.512038183319508 9
      vertex 11.5 6.5 9
      vertex 11.392181145637483 7.905296800660583 9
    endloop
  endfacet
  facet normal 0 0 1
    outer loop
      vertex 11.254957149176098 6.512038183319508 9
      vertex 11.285400645782259 7.921136191556446 9
      vertex 11.180686855020092 7.94736563069457 9
    endloop
  endfacet
  facet normal 0 0 1
    outer loop
      vertex 11.254957149176098 6.512038183319508 9
      vertex 11.392181145637483 7.905296800660583 9
      vertex 11.285400645782259 7.921136191556446 9
    endloop
  endfacet
  facet normal 0 0 1
    outer loop
      vertex 11.5 6.5 9
      vertex 11.5 7.9 9
      vertex 11.392181145637483 7.905296800660583 9
    endloop
  endfacet
  facet normal 0 0 1
    outer loop
      vertex 11.5 6.5 9
      vertex 11.745042850823902 6.512038183319508 9
      vertex 11.607818854362517 7.905296800660583 9
    endloop
  endfacet
  facet normal 0 0 1
    outer loop
      vertex 11.5 6.5 9
      vertex 11.607818854362517 7.905296800660583 9
      vertex 11.5 7.9 9
    endloop
  endfacet
  facet normal 0 0 1
    outer loop
      vertex 11.745042850823902 6.512038183319508 9
      vertex 11.714599354217741 7.921136191556446 9
      vertex 11.607818854362517 7.905296800660583 9
    endloop
  endfacet
  facet normal 0 0 1
    outer loop
      vertex 10.543291419087275 11.309698831278217 9
      vertex 10.5853834264672 9.611127256321563 9
      vertex 10.64968850130099 9.69783261258001 9
    endloop
  endfacet
  facet normal 0 0 1
    outer loop
      vertex 10.543291419087275 11.309698831278217 9
      vertex 10.64968850130099 9.69783261258001 9
      vertex 10.722182540694797 9.777817459305203 9
    endloop
  endfacet
  facet normal 0 0 1
    outer loop
      vertex 11.745042850823902 6.512038183319508 9
      vertex 11.98772580504032 6.548036798991924 9
      vertex 11.714599354217741 7.921136191556446 9
    endloop
  endfacet
  facet normal 0 0 1
    outer loop
      vertex 11.98772580504032 6.548036798991924 9
      vertex 12.225711693136155 6.607649160669478 9
      vertex 11.9209517756016 7.983732514237585 9
    endloop
  endfacet
  facet normal 0 0 1
    outer loop
      vertex 11.98772580504032 6.548036798991924 9
      vertex 11.819313144979908 7.94736563069457 9
      vertex 11.714599354217741 7.921136191556446 9
    endloop
  endfacet
  facet normal 0 0 1
    outer loop
      vertex 11.98772580504032 6.548036798991924 9
      vertex 11.9209517756016 7.983732514237585 9
      vertex 11.819313144979908 7.94736563069457 9
    endloop
  endfacet
  facet normal 0 0 1
    outer loop
      vertex 12.225711693136155 6.607649160669478 9
      vertex 12.018536410508597 8.02988660921681 9
      vertex 11.9209517756016 7.983732514237585 9
    endloop
  endfacet
  facet normal 0 0 1
    outer loop
      vertex 12.225711693136155 6.607649160669478 9
      vertex 12.111127256321563 8.0853834264672 9
      vertex 12.018536410508597 8.02988660921681 9
    endloop
  endfacet
  facet normal 0 0 1
    outer loop
      vertex 12.225711693136155 6.607649160669478 9
      vertex 12.456708580912725 6.690301168721783 9
      vertex 12.19783261258001 8.14968850130099 9
    endloop
  endfacet
  facet normal 0 0 1
    outer loop
      vertex 12.225711693136155 6.607649160669478 9
      vertex 12.19783261258001 8.14968850130099 9
      vertex 12.111127256321563 8.0853834264672 9
    endloop
  endfacet
  facet normal 0 0 1
    outer loop
      vertex 12.456708580912725 6.690301168721783 9
      vertex 12.277817459305203 8.222182540694797 9
      vertex 12.19783261258001 8.14968850130099 9
    endloop
  endfacet
  facet normal 0 0 1
    outer loop
      vertex 12.456708580912725 6.690301168721783 9
      vertex 12.35031149869901 8.30216738741999 9
      vertex 12.277817459305203 8.222182540694797 9
    endloop
  endfacet
  facet normal 0 0 1
    outer loop
      vertex 12.456708580912725 6.690301168721783 9
      vertex 12.4146165735328 8.388872743678437 9
      vertex 12.35031149869901 8.30216738741999 9
    endloop
  endfacet
  facet normal 0 0 1
    outer loop
      vertex 12.456708580912725 6.690301168721783 9
      vertex 12.678491842064995 6.795196839129112 9
      vertex 12.4146165735328 8.388872743678437 9
    endloop
  endfacet
  facet normal 0 0 1
    outer loop
      vertex 12.678491842064995 6.795196839129112 9
      vertex 12.47011339078319 8.481463589491403 9
      vertex 12.4146165735328 8.388872743678437 9
    endloop
  endfacet
  facet normal 0 0 1
    outer loop
      vertex 12.678491842064995 6.795196839129112 9
      vertex 12.516267485762416 8.5790482243984 9
      vertex 12.47011339078319 8.481463589491403 9
    endloop
  endfacet
  facet normal 0 0 1
    outer loop
      vertex 12.678491842064995 6.795196839129112 9
      vertex 12.55263436930543 8.680686855020092 9
      vertex 12.516267485762416 8.5790482243984 9
    endloop
  endfacet
  facet normal 0 0 1
    outer loop
      vertex 12.678491842064995 6.795196839129112 9
      vertex 12.578863808443554 8.785400645782259 9
      vertex 12.55263436930543 8.680686855020092 9
    endloop
  endfacet
  facet normal 0 0 1
    outer loop
      vertex 12.678491842064995 6.795196839129112 9
      vertex 12.594703199339417 8.892181145637483 9
      vertex 12.578863808443554 8.785400645782259 9
    endloop
  endfacet
  facet normal 0 0 1
    outer loop
      vertex 12.678491842064995 6.795196839129112 9
      vertex 12.6 9 9
      vertex 12.594703199339417 8.892181145637483 9
    endloop
  endfacet
  facet normal 0 0 1
    outer loop
      vertex 12.678491842064995 6.795196839129112 9
      vertex 12.888925582549005 6.921325969243637 9
      vertex 12.678491842064995 11.204803160870888 9
    endloop
  endfacet
  facet normal 0 0 1
    outer loop
      vertex 12.888925582549005 6.921325969243637 9
      vertex 13.085983210409115 7.067473866593158 9
      vertex 12.888925582549005 11.078674030756364 9
    endloop
  endfacet
  facet normal 0 0 1
    outer loop
      vertex 12.225711693136155 11.392350839330522 9
      vertex 12.277817459305203 9.777817459305203 9
      vertex 12.35031149869901 9.69783261258001 9
    endloop
  endfacet
  facet normal 0 0 1
    outer loop
      vertex 12.456708580912725 11.309698831278217 9
      vertex 12.4146165735328 9.611127256321563 9
      vertex 12.47011339078319 9.518536410508597 9
    endloop
  endfacet
  facet normal 0 0 1
    outer loop
      vertex 12.456708580912725 11.309698831278217 9
      vertex 12.35031149869901 9.69783261258001 9
      vertex 12.4146165735328 9.611127256321563 9
    endloop
  endfacet
  facet normal 0 0 1
    outer loop
      vertex 12.678491842064995 6.795196839129112 9
      vertex 12.678491842064995 11.204803160870888 9
      vertex 12.6 9 9
    endloop
  endfacet
  facet normal 0 0 1
    outer loop
      vertex 12.678491842064995 11.204803160870888 9
      vertex 12.594703199339417 9.107818854362517 9
      vertex 12.6 9 9
    endloop
  endfacet
  facet normal 0 0 1
    outer loop
      vertex 12.678491842064995 11.204803160870888 9
      vertex 12.578863808443554 9.214599354217741 9
      vertex 12.594703199339417 9.107818854362517 9
    endloop
  endfacet
  facet normal 0 0 1
    outer loop
      vertex 12.456708580912725 11.309698831278217 9
      vertex 12.55263436930543 9.319313144979908 9
      vertex 12.578863808443554 9.214599354217741 9
    endloop
  endfacet
  facet normal 0 0 1
    outer loop
      vertex 12.456708580912725 11.309698831278217 9
      vertex 12.516267485762416 9.4209517756016 9
      vertex 12.55263436930543 9.319313144979908 9
    endloop
  endfacet
  facet normal 0 0 1
    outer loop
      vertex 12.456708580912725 11.309698831278217 9
      vertex 12.47011339078319 9.518536410508597 9
      vertex 12.516267485762416 9.4209517756016 9
    endloop
  endfacet
  facet normal 0 0 1
    outer loop
      vertex 12.888925582549005 6.921325969243637 9
      vertex 12.888925582549005 11.078674030756364 9
      vertex 12.678491842064995 11.204803160870888 9
    endloop
  endfacet
  facet normal 0 0 1
    outer loop
      vertex 13.085983210409115 7.067473866593158 9
      vertex 13.085983210409115 10.932526133406842 9
      vertex 12.888925582549005 11.078674030756364 9
    endloop
  endfacet
  facet normal 0 0 1
    outer loop
      vertex 10.543291419087275 11.309698831278217 9
      vertex 10.722182540694797 9.777817459305203 9
      vertex 10.80216738741999 9.85031149869901 9
    endloop
  endfacet
  facet normal 0 0 1
    outer loop
      vertex 10.774288306863845 11.392350839330522 9
      vertex 10.80216738741999 9.85031149869901 9
      vertex 10.888872743678437 9.9146165735328 9
    endloop
  endfacet
  facet normal 0 0 1
    outer loop
      vertex 10.543291419087275 11.309698831278217 9
      vertex 10.80216738741999 9.85031149869901 9
      vertex 10.774288306863845 11.392350839330522 9
    endloop
  endfacet
  facet normal 0 0 1
    outer loop
      vertex 10.774288306863845 11.392350839330522 9
      vertex 10.888872743678437 9.9146165735328 9
      vertex 10.981463589491403 9.97011339078319 9
    endloop
  endfacet
  facet normal 0 0 1
    outer loop
      vertex 10.774288306863845 11.392350839330522 9
      vertex 10.981463589491403 9.97011339078319 9
      vertex 11.0790482243984 10.016267485762416 9
    endloop
  endfacet
  facet normal 0 0 1
    outer loop
      vertex 11.01227419495968 11.451963201008077 9
      vertex 11.0790482243984 10.016267485762416 9
      vertex 11.180686855020092 10.05263436930543 9
    endloop
  endfacet
  facet normal 0 0 1
    outer loop
      vertex 10.774288306863845 11.392350839330522 9
      vertex 11.0790482243984 10.016267485762416 9
      vertex 11.01227419495968 11.451963201008077 9
    endloop
  endfacet
  facet normal 0 0 1
    outer loop
      vertex 11.01227419495968 11.451963201008077 9
      vertex 11.180686855020092 10.05263436930543 9
      vertex 11.285400645782259 10.078863808443554 9
    endloop
  endfacet
  facet normal 0 0 1
    outer loop
      vertex 11.254957149176098 11.487961816680492 9
      vertex 11.285400645782259 10.078863808443554 9
      vertex 11.392181145637483 10.094703199339417 9
    endloop
  endfacet
  facet normal 0 0 1
    outer loop
      vertex 11.5 11.5 9
      vertex 11.392181145637483 10.094703199339417 9
      vertex 11.5 10.1 9
    endloop
  endfacet
  facet normal 0 0 1
    outer loop
      vertex 11.01227419495968 11.451963201008077 9
      vertex 11.285400645782259 10.078863808443554 9
      vertex 11.254957149176098 11.487961816680492 9
    endloop
  endfacet
  facet normal 0 0 1
    outer loop
      vertex 11.254957149176098 11.487961816680492 9
      vertex 11.392181145637483 10.094703199339417 9
      vertex 11.5 11.5 9
    endloop
  endfacet
  facet normal 0 0 1
    outer loop
      vertex 11.5 11.5 9
      vertex 11.5 10.1 9
      vertex 11.607818854362517 10.094703199339417 9
    endloop
  endfacet
  facet normal 0 0 1
    outer loop
      vertex 11.745042850823902 11.487961816680492 9
      vertex 11.607818854362517 10.094703199339417 9
      vertex 11.714599354217741 10.078863808443554 9
    endloop
  endfacet
  facet normal 0 0 1
    outer loop
      vertex 11.745042850823902 11.487961816680492 9
      vertex 11.714599354217741 10.078863808443554 9
      vertex 11.819313144979908 10.05263436930543 9
    endloop
  endfacet
  facet normal 0 0 1
    outer loop
      vertex 11.5 11.5 9
      vertex 11.607818854362517 10.094703199339417 9
      vertex 11.745042850823902 11.487961816680492 9
    endloop
  endfacet
  facet normal 0 0 1
    outer loop
      vertex 11.98772580504032 11.451963201008077 9
      vertex 11.819313144979908 10.05263436930543 9
      vertex 11.9209517756016 10.016267485762416 9
    endloop
  endfacet
  facet normal 0 0 1
    outer loop
      vertex 11.98772580504032 11.451963201008077 9
      vertex 11.9209517756016 10.016267485762416 9
      vertex 12.018536410508597 9.97011339078319 9
    endloop
  endfacet
  facet normal 0 0 1
    outer loop
      vertex 11.98772580504032 11.451963201008077 9
      vertex 12.018536410508597 9.97011339078319 9
      vertex 12.111127256321563 9.9146165735328 9
    endloop
  endfacet
  facet normal 0 0 1
    outer loop
      vertex 11.745042850823902 11.487961816680492 9
      vertex 11.819313144979908 10.05263436930543 9
      vertex 11.98772580504032 11.451963201008077 9
    endloop
  endfacet
  facet normal 0 0 1
    outer loop
      vertex 11.98772580504032 11.451963201008077 9
      vertex 12.111127256321563 9.9146165735328 9
      vertex 12.225711693136155 11.392350839330522 9
    endloop
  endfacet
  facet normal 0 0 1
    outer loop
      vertex 12.225711693136155 11.392350839330522 9
      vertex 12.111127256321563 9.9146165735328 9
      vertex 12.19783261258001 9.85031149869901 9
    endloop
  endfacet
  facet normal 0 0 1
    outer loop
      vertex 12.225711693136155 11.392350839330522 9
      vertex 12.19783261258001 9.85031149869901 9
      vertex 12.277817459305203 9.777817459305203 9
    endloop
  endfacet
  facet normal 0 0 1
    outer loop
      vertex 12.225711693136155 11.392350839330522 9
      vertex 12.35031149869901 9.69783261258001 9
      vertex 12.456708580912725 11.309698831278217 9
    endloop
  endfacet
  facet normal 0 0 1
    outer loop
      vertex 12.456708580912725 11.309698831278217 9
      vertex 12.578863808443554 9.214599354217741 9
      vertex 12.678491842064995 11.204803160870888 9
    endloop
  endfacet
  facet normal 0 0 1
    outer loop
      vertex 13.085983210409115 7.067473866593158 9
      vertex 13.267766952966369 7.232233047033631 9
      vertex 13.085983210409115 10.932526133406842 9
    endloop
  endfacet
  facet normal 0 0 1
    outer loop
      vertex 13.267766952966369 7.232233047033631 9
      vertex 13.432526133406842 7.414016789590886 9
      vertex 13.267766952966369 10.767766952966369 9
    endloop
  endfacet
  facet normal 0 0 1
    outer loop
      vertex 13.432526133406842 7.414016789590886 9
      vertex 13.578674030756364 7.611074417450995 9
      vertex 13.432526133406842 10.585983210409115 9
    endloop
  endfacet
  facet normal 0 0 1
    outer loop
      vertex 13.578674030756364 7.611074417450995 9
      vertex 13.704803160870888 7.821508157935006 9
      vertex 13.578674030756364 10.388925582549005 9
    endloop
  endfacet
  facet normal 0 0 1
    outer loop
      vertex 13.704803160870888 7.821508157935006 9
      vertex 13.809698831278217 8.043291419087275 9
      vertex 13.704803160870888 10.178491842064995 9
    endloop
  endfacet
  facet normal 0 0 1
    outer loop
      vertex 13.809698831278217 8.043291419087275 9
      vertex 13.809698831278217 9.956708580912725 9
      vertex 13.704803160870888 10.178491842064995 9
    endloop
  endfacet
  facet normal 0 0 1
    outer loop
      vertex 13.085983210409115 10.932526133406842 9
      vertex 13.267766952966369 7.232233047033631 9
      vertex 13.267766952966369 10.767766952966369 9
    endloop
  endfacet
  facet normal 0 0 1
    outer loop
      vertex 13.432526133406842 7.414016789590886 9
      vertex 13.432526133406842 10.585983210409115 9
      vertex 13.267766952966369 10.767766952966369 9
    endloop
  endfacet
  facet normal 0 0 1
    outer loop
      vertex 13.578674030756364 7.611074417450995 9
      vertex 13.578674030756364 10.388925582549005 9
      vertex 13.432526133406842 10.585983210409115 9
    endloop
  endfacet
  facet normal 0 0 1
    outer loop
      vertex 13.704803160870888 7.821508157935006 9
      vertex 13.704803160870888 10.178491842064995 9
      vertex 13.578674030756364 10.388925582549005 9
    endloop
  endfacet
  facet normal 0 0 1
    outer loop
      vertex 13.809698831278217 8.043291419087275 9
      vertex 13.892350839330522 8.274288306863845 9
      vertex 13.809698831278217 9.956708580912725 9
    endloop
  endfacet
  facet normal 0 0 1
    outer loop
      vertex 13.892350839330522 8.274288306863845 9
      vertex 13.951963201008077 8.51227419495968 9
      vertex 13.892350839330522 9.725711693136155 9
    endloop
  endfacet
  facet normal 0 0 1
    outer loop
      vertex 13.951963201008077 8.51227419495968 9
      vertex 13.987961816680492 8.754957149176098 9
      vertex 13.951963201008077 9.48772580504032 9
    endloop
  endfacet
  facet normal 0 0 1
    outer loop
      vertex 13.987961816680492 8.754957149176098 9
      vertex 14 9 9
      vertex 13.987961816680492 9.245042850823902 9
    endloop
  endfacet
  facet normal 0 0 1
    outer loop
      vertex 13.892350839330522 8.274288306863845 9
      vertex 13.892350839330522 9.725711693136155 9
      vertex 13.809698831278217 9.956708580912725 9
    endloop
  endfacet
  facet normal 0 0 1
    outer loop
      vertex 13.951963201008077 8.51227419495968 9
      vertex 13.951963201008077 9.48772580504032 9
      vertex 13.892350839330522 9.725711693136155 9
    endloop
  endfacet
  facet normal 0 0 1
    outer loop
      vertex 13.987961816680492 8.754957149176098 9
      vertex 13.987961816680492 9.245042850823902 9
      vertex 13.951963201008077 9.48772580504032 9
    endloop
  endfacet
  facet normal -0.5141027441932258 -0.8577286100002697 0
    outer loop
      vertex -12.678491842064995 6.795196839129112 3
      vertex -12.678491842064995 6.795196839129112 9
      vertex -12.888925582549005 6.921325969243637 3
    endloop
  endfacet
  facet normal -0.42755509343027986 -0.9039892931234444 -3.244186185765657e-19
    outer loop
      vertex -12.678491842064995 6.795196839129112 3
      vertex -12.456708580912725 6.690301168721783 3
      vertex -12.456708580912725 6.690301168721783 9
    endloop
  endfacet
  facet normal -0.3368898533922174 -0.9415440651830217 3.6978543638821715e-19
    outer loop
      vertex -12.456708580912725 6.690301168721783 3
      vertex -12.225711693136155 6.607649160669478 3
      vertex -12.225711693136155 6.607649160669478 9
    endloop
  endfacet
  facet normal -0.24298017990326456 -0.9700312531945438 -9.599886927401386e-20
    outer loop
      vertex -12.225711693136155 6.607649160669478 3
      vertex -11.98772580504032 6.548036798991924 3
      vertex -11.98772580504032 6.548036798991924 9
    endloop
  endfacet
  facet normal -0.14673047445536339 -0.9891765099647808 -5.780711981377781e-19
    outer loop
      vertex -11.98772580504032 6.548036798991924 3
      vertex -11.745042850823902 6.512038183319508 3
      vertex -11.745042850823902 6.512038183319508 9
    endloop
  endfacet
  facet normal -0.049067674327417085 -0.9987954562051725 -9.58810661253428e-20
    outer loop
      vertex -11.745042850823902 6.512038183319508 3
      vertex -11.5 6.5 3
      vertex -11.5 6.5 9
    endloop
  endfacet
  facet normal 0.049067674327417085 -0.9987954562051725 9.58810661253428e-20
    outer loop
      vertex -11.5 6.5 3
      vertex -11.254957149176098 6.512038183319508 3
      vertex -11.254957149176098 6.512038183319508 9
    endloop
  endfacet
  facet normal 0.14673047445536339 -0.9891765099647808 5.780711981377781e-19
    outer loop
      vertex -11.254957149176098 6.512038183319508 3
      vertex -11.01227419495968 6.548036798991924 3
      vertex -11.01227419495968 6.548036798991924 9
    endloop
  endfacet
  facet normal 0.24298017990326456 -0.9700312531945438 9.599886927401386e-20
    outer loop
      vertex -11.01227419495968 6.548036798991924 3
      vertex -10.774288306863845 6.607649160669478 3
      vertex -10.774288306863845 6.607649160669478 9
    endloop
  endfacet
  facet normal 0.3368898533922174 -0.9415440651830217 -3.6978543638821715e-19
    outer loop
      vertex -10.774288306863845 6.607649160669478 3
      vertex -10.543291419087275 6.690301168721783 3
      vertex -10.543291419087275 6.690301168721783 9
    endloop
  endfacet
  facet normal -0.9415440651830217 -0.3368898533922174 0
    outer loop
      vertex -13.809698831278217 8.043291419087275 3
      vertex -13.809698831278217 8.043291419087275 9
      vertex -13.892350839330522 8.274288306863845 3
    endloop
  endfacet
  facet normal -0.9891765099647813 -0.14673047445535986 0
    outer loop
      vertex -13.951963201008077 8.51227419495968 3
      vertex -13.951963201008077 8.51227419495968 9
      vertex -13.987961816680492 8.754957149176098 3
    endloop
  endfacet
  facet normal -0.9700312531945429 -0.24298017990326795 8.221355052957312e-20
    outer loop
      vertex -13.951963201008077 8.51227419495968 3
      vertex -13.892350839330522 8.274288306863845 3
      vertex -13.892350839330522 8.274288306863845 9
    endloop
  endfacet
  facet normal -0.8577286100002722 -0.5141027441932216 0
    outer loop
      vertex -13.578674030756364 7.611074417450995 3
      vertex -13.578674030756364 7.611074417450995 9
      vertex -13.704803160870888 7.821508157935006 3
    endloop
  endfacet
  facet normal -0.8032075314806436 -0.595699304492435 -5.715616795980833e-19
    outer loop
      vertex -13.578674030756364 7.611074417450995 3
      vertex -13.432526133406842 7.414016789590886 3
      vertex -13.432526133406842 7.414016789590886 9
    endloop
  endfacet
  facet normal -0.7409511253549597 -0.6715589548470179 0
    outer loop
      vertex -13.267766952966369 7.232233047033631 3
      vertex -13.267766952966369 7.232233047033631 9
      vertex -13.432526133406842 7.414016789590886 3
    endloop
  endfacet
  facet normal -0.6715589548470197 -0.7409511253549579 1.27685549299383e-19
    outer loop
      vertex -13.267766952966369 7.232233047033631 3
      vertex -13.085983210409115 7.067473866593158 3
      vertex -13.085983210409115 7.067473866593158 9
    endloop
  endfacet
  facet normal -0.9039892931234438 -0.42755509343028125 -6.70197473296507e-19
    outer loop
      vertex -13.809698831278217 8.043291419087275 3
      vertex -13.704803160870888 7.821508157935006 3
      vertex -13.704803160870888 7.821508157935006 9
    endloop
  endfacet
  facet normal -0.9987954562051725 -0.049067674327417085 0
    outer loop
      vertex -13.987961816680492 8.754957149176098 3
      vertex -13.987961816680492 8.754957149176098 9
      vertex -14 9 3
    endloop
  endfacet
  facet normal -0.9987954562051725 0.049067674327417085 0
    outer loop
      vertex -14 9 3
      vertex -14 9 9
      vertex -13.987961816680492 9.245042850823902 3
    endloop
  endfacet
  facet normal -0.9891765099647813 0.14673047445535986 0
    outer loop
      vertex -13.987961816680492 9.245042850823902 3
      vertex -13.987961816680492 9.245042850823902 9
      vertex -13.951963201008077 9.48772580504032 3
    endloop
  endfacet
  facet normal -0.9700312531945429 0.24298017990326795 0
    outer loop
      vertex -13.951963201008077 9.48772580504032 3
      vertex -13.951963201008077 9.48772580504032 9
      vertex -13.892350839330522 9.725711693136155 3
    endloop
  endfacet
  facet normal -0.9415440651830217 0.3368898533922174 0
    outer loop
      vertex -13.892350839330522 9.725711693136155 3
      vertex -13.892350839330522 9.725711693136155 9
      vertex -13.809698831278217 9.956708580912725 3
    endloop
  endfacet
  facet normal -0.9039892931234444 0.42755509343027986 0
    outer loop
      vertex -13.809698831278217 9.956708580912725 3
      vertex -13.809698831278217 9.956708580912725 9
      vertex -13.704803160870888 10.178491842064995 3
    endloop
  endfacet
  facet normal -0.8577286100002712 0.5141027441932231 0
    outer loop
      vertex -13.704803160870888 10.178491842064995 3
      vertex -13.704803160870888 10.178491842064995 9
      vertex -13.578674030756364 10.388925582549005 3
    endloop
  endfacet
  facet normal -0.8032075314806449 0.5956993044924334 0
    outer loop
      vertex -13.578674030756364 10.388925582549005 3
      vertex -13.578674030756364 10.388925582549005 9
      vertex -13.432526133406842 10.585983210409115 3
    endloop
  endfacet
  facet normal -0.7409511253549579 0.6715589548470197 0
    outer loop
      vertex -13.432526133406842 10.585983210409115 3
      vertex -13.432526133406842 10.585983210409115 9
      vertex -13.267766952966369 10.767766952966369 3
    endloop
  endfacet
  facet normal -0.6715589548470197 0.7409511253549579 0
    outer loop
      vertex -13.267766952966369 10.767766952966369 3
      vertex -13.267766952966369 10.767766952966369 9
      vertex -13.085983210409115 10.932526133406842 3
    endloop
  endfacet
  facet normal -0.595699304492431 -0.8032075314806466 -4.940404340799285e-19
    outer loop
      vertex -13.085983210409115 7.067473866593158 3
      vertex -12.888925582549005 6.921325969243637 3
      vertex -12.888925582549005 6.921325969243637 9
    endloop
  endfacet
  facet normal -0.5956993044924334 0.8032075314806449 0
    outer loop
      vertex -13.085983210409115 10.932526133406842 3
      vertex -13.085983210409115 10.932526133406842 9
      vertex -12.888925582549005 11.078674030756364 3
    endloop
  endfacet
  facet normal -0.5141027441932231 0.8577286100002712 0
    outer loop
      vertex -12.888925582549005 11.078674030756364 3
      vertex -12.888925582549005 11.078674030756364 9
      vertex -12.678491842064995 11.204803160870888 3
    endloop
  endfacet
  facet normal -0.42755509343027986 0.9039892931234444 0
    outer loop
      vertex -12.678491842064995 11.204803160870888 3
      vertex -12.678491842064995 11.204803160870888 9
      vertex -12.456708580912725 11.309698831278217 3
    endloop
  endfacet
  facet normal -0.3368898533922174 0.9415440651830217 0
    outer loop
      vertex -12.456708580912725 11.309698831278217 3
      vertex -12.456708580912725 11.309698831278217 9
      vertex -12.225711693136155 11.392350839330522 3
    endloop
  endfacet
  facet normal -0.24298017990326795 0.9700312531945429 0
    outer loop
      vertex -12.225711693136155 11.392350839330522 3
      vertex -12.225711693136155 11.392350839330522 9
      vertex -11.98772580504032 11.451963201008077 3
    endloop
  endfacet
  facet normal -0.14673047445535986 0.9891765099647813 0
    outer loop
      vertex -11.98772580504032 11.451963201008077 3
      vertex -11.98772580504032 11.451963201008077 9
      vertex -11.745042850823902 11.487961816680492 3
    endloop
  endfacet
  facet normal -0.049067674327417085 0.9987954562051725 0
    outer loop
      vertex -11.745042850823902 11.487961816680492 3
      vertex -11.745042850823902 11.487961816680492 9
      vertex -11.5 11.5 3
    endloop
  endfacet
  facet normal 0.049067674327417085 0.9987954562051725 0
    outer loop
      vertex -11.5 11.5 3
      vertex -11.5 11.5 9
      vertex -11.254957149176098 11.487961816680492 3
    endloop
  endfacet
  facet normal 0.14673047445535986 0.9891765099647813 0
    outer loop
      vertex -11.254957149176098 11.487961816680492 3
      vertex -11.254957149176098 11.487961816680492 9
      vertex -11.01227419495968 11.451963201008077 3
    endloop
  endfacet
  facet normal 0.24298017990326795 0.9700312531945429 0
    outer loop
      vertex -11.01227419495968 11.451963201008077 3
      vertex -11.01227419495968 11.451963201008077 9
      vertex -10.774288306863845 11.392350839330522 3
    endloop
  endfacet
  facet normal 0.3368898533922174 0.9415440651830217 0
    outer loop
      vertex -10.774288306863845 11.392350839330522 3
      vertex -10.774288306863845 11.392350839330522 9
      vertex -10.543291419087275 11.309698831278217 3
    endloop
  endfacet
  facet normal -0.42755509343027986 -0.9039892931234444 0
    outer loop
      vertex -12.678491842064995 6.795196839129112 3
      vertex -12.456708580912725 6.690301168721783 9
      vertex -12.678491842064995 6.795196839129112 9
    endloop
  endfacet
  facet normal -0.3368898533922174 -0.9415440651830217 0
    outer loop
      vertex -12.456708580912725 6.690301168721783 3
      vertex -12.225711693136155 6.607649160669478 9
      vertex -12.456708580912725 6.690301168721783 9
    endloop
  endfacet
  facet normal -0.24298017990326456 -0.9700312531945438 0
    outer loop
      vertex -12.225711693136155 6.607649160669478 3
      vertex -11.98772580504032 6.548036798991924 9
      vertex -12.225711693136155 6.607649160669478 9
    endloop
  endfacet
  facet normal -0.14673047445536339 -0.9891765099647808 0
    outer loop
      vertex -11.98772580504032 6.548036798991924 3
      vertex -11.745042850823902 6.512038183319508 9
      vertex -11.98772580504032 6.548036798991924 9
    endloop
  endfacet
  facet normal -0.049067674327417085 -0.9987954562051725 0
    outer loop
      vertex -11.745042850823902 6.512038183319508 3
      vertex -11.5 6.5 9
      vertex -11.745042850823902 6.512038183319508 9
    endloop
  endfacet
  facet normal 0.049067674327417085 -0.9987954562051725 0
    outer loop
      vertex -11.5 6.5 3
      vertex -11.254957149176098 6.512038183319508 9
      vertex -11.5 6.5 9
    endloop
  endfacet
  facet normal 0.14673047445536339 -0.9891765099647808 0
    outer loop
      vertex -11.254957149176098 6.512038183319508 3
      vertex -11.01227419495968 6.548036798991924 9
      vertex -11.254957149176098 6.512038183319508 9
    endloop
  endfacet
  facet normal 0.24298017990326456 -0.9700312531945438 0
    outer loop
      vertex -11.01227419495968 6.548036798991924 3
      vertex -10.774288306863845 6.607649160669478 9
      vertex -11.01227419495968 6.548036798991924 9
    endloop
  endfacet
  facet normal 0.3368898533922174 -0.9415440651830217 0
    outer loop
      vertex -10.774288306863845 6.607649160669478 3
      vertex -10.543291419087275 6.690301168721783 9
      vertex -10.774288306863845 6.607649160669478 9
    endloop
  endfacet
  facet normal -0.9415440651830217 -0.3368898533922174 0
    outer loop
      vertex -13.892350839330522 8.274288306863845 3
      vertex -13.809698831278217 8.043291419087275 9
      vertex -13.892350839330522 8.274288306863845 9
    endloop
  endfacet
  facet normal -0.9700312531945429 -0.24298017990326795 0
    outer loop
      vertex -13.951963201008077 8.51227419495968 3
      vertex -13.892350839330522 8.274288306863845 9
      vertex -13.951963201008077 8.51227419495968 9
    endloop
  endfacet
  facet normal -0.8032075314806436 -0.595699304492435 0
    outer loop
      vertex -13.578674030756364 7.611074417450995 3
      vertex -13.432526133406842 7.414016789590886 9
      vertex -13.578674030756364 7.611074417450995 9
    endloop
  endfacet
  facet normal -0.6715589548470197 -0.7409511253549579 0
    outer loop
      vertex -13.267766952966369 7.232233047033631 3
      vertex -13.085983210409115 7.067473866593158 9
      vertex -13.267766952966369 7.232233047033631 9
    endloop
  endfacet
  facet normal -0.7409511253549597 -0.6715589548470179 0
    outer loop
      vertex -13.432526133406842 7.414016789590886 3
      vertex -13.267766952966369 7.232233047033631 9
      vertex -13.432526133406842 7.414016789590886 9
    endloop
  endfacet
  facet normal -0.8577286100002722 -0.5141027441932216 0
    outer loop
      vertex -13.704803160870888 7.821508157935006 3
      vertex -13.578674030756364 7.611074417450995 9
      vertex -13.704803160870888 7.821508157935006 9
    endloop
  endfacet
  facet normal -0.9039892931234438 -0.42755509343028125 0
    outer loop
      vertex -13.809698831278217 8.043291419087275 3
      vertex -13.704803160870888 7.821508157935006 9
      vertex -13.809698831278217 8.043291419087275 9
    endloop
  endfacet
  facet normal -0.9891765099647813 -0.14673047445535986 0
    outer loop
      vertex -13.987961816680492 8.754957149176098 3
      vertex -13.951963201008077 8.51227419495968 9
      vertex -13.987961816680492 8.754957149176098 9
    endloop
  endfacet
  facet normal -0.9987954562051725 -0.049067674327417085 0
    outer loop
      vertex -14 9 3
      vertex -13.987961816680492 8.754957149176098 9
      vertex -14 9 9
    endloop
  endfacet
  facet normal -0.9987954562051725 0.049067674327417085 0
    outer loop
      vertex -13.987961816680492 9.245042850823902 3
      vertex -14 9 9
      vertex -13.987961816680492 9.245042850823902 9
    endloop
  endfacet
  facet normal -0.9891765099647813 0.14673047445535986 0
    outer loop
      vertex -13.951963201008077 9.48772580504032 3
      vertex -13.987961816680492 9.245042850823902 9
      vertex -13.951963201008077 9.48772580504032 9
    endloop
  endfacet
  facet normal -0.9700312531945429 0.24298017990326795 0
    outer loop
      vertex -13.892350839330522 9.725711693136155 3
      vertex -13.951963201008077 9.48772580504032 9
      vertex -13.892350839330522 9.725711693136155 9
    endloop
  endfacet
  facet normal -0.9415440651830217 0.3368898533922174 0
    outer loop
      vertex -13.809698831278217 9.956708580912725 3
      vertex -13.892350839330522 9.725711693136155 9
      vertex -13.809698831278217 9.956708580912725 9
    endloop
  endfacet
  facet normal -0.9039892931234444 0.42755509343027986 0
    outer loop
      vertex -13.704803160870888 10.178491842064995 3
      vertex -13.809698831278217 9.956708580912725 9
      vertex -13.704803160870888 10.178491842064995 9
    endloop
  endfacet
  facet normal -0.8577286100002712 0.5141027441932231 0
    outer loop
      vertex -13.578674030756364 10.388925582549005 3
      vertex -13.704803160870888 10.178491842064995 9
      vertex -13.578674030756364 10.388925582549005 9
    endloop
  endfacet
  facet normal -0.8032075314806449 0.5956993044924334 0
    outer loop
      vertex -13.432526133406842 10.585983210409115 3
      vertex -13.578674030756364 10.388925582549005 9
      vertex -13.432526133406842 10.585983210409115 9
    endloop
  endfacet
  facet normal -0.7409511253549579 0.6715589548470197 0
    outer loop
      vertex -13.267766952966369 10.767766952966369 3
      vertex -13.432526133406842 10.585983210409115 9
      vertex -13.267766952966369 10.767766952966369 9
    endloop
  endfacet
  facet normal -0.6715589548470197 0.7409511253549579 0
    outer loop
      vertex -13.085983210409115 10.932526133406842 3
      vertex -13.267766952966369 10.767766952966369 9
      vertex -13.085983210409115 10.932526133406842 9
    endloop
  endfacet
  facet normal -0.595699304492431 -0.8032075314806466 0
    outer loop
      vertex -13.085983210409115 7.067473866593158 3
      vertex -12.888925582549005 6.921325969243637 9
      vertex -13.085983210409115 7.067473866593158 9
    endloop
  endfacet
  facet normal -0.5141027441932258 -0.8577286100002697 0
    outer loop
      vertex -12.888925582549005 6.921325969243637 3
      vertex -12.678491842064995 6.795196839129112 9
      vertex -12.888925582549005 6.921325969243637 9
    endloop
  endfacet
  facet normal -0.5956993044924334 0.8032075314806449 0
    outer loop
      vertex -12.888925582549005 11.078674030756364 3
      vertex -13.085983210409115 10.932526133406842 9
      vertex -12.888925582549005 11.078674030756364 9
    endloop
  endfacet
  facet normal -0.5141027441932231 0.8577286100002712 0
    outer loop
      vertex -12.678491842064995 11.204803160870888 3
      vertex -12.888925582549005 11.078674030756364 9
      vertex -12.678491842064995 11.204803160870888 9
    endloop
  endfacet
  facet normal -0.42755509343027986 0.9039892931234444 0
    outer loop
      vertex -12.456708580912725 11.309698831278217 3
      vertex -12.678491842064995 11.204803160870888 9
      vertex -12.456708580912725 11.309698831278217 9
    endloop
  endfacet
  facet normal -0.3368898533922174 0.9415440651830217 0
    outer loop
      vertex -12.225711693136155 11.392350839330522 3
      vertex -12.456708580912725 11.309698831278217 9
      vertex -12.225711693136155 11.392350839330522 9
    endloop
  endfacet
  facet normal -0.24298017990326795 0.9700312531945429 0
    outer loop
      vertex -11.98772580504032 11.451963201008077 3
      vertex -12.225711693136155 11.392350839330522 9
      vertex -11.98772580504032 11.451963201008077 9
    endloop
  endfacet
  facet normal -0.14673047445535986 0.9891765099647813 0
    outer loop
      vertex -11.745042850823902 11.487961816680492 3
      vertex -11.98772580504032 11.451963201008077 9
      vertex -11.745042850823902 11.487961816680492 9
    endloop
  endfacet
  facet normal -0.049067674327417085 0.9987954562051725 0
    outer loop
      vertex -11.5 11.5 3
      vertex -11.745042850823902 11.487961816680492 9
      vertex -11.5 11.5 9
    endloop
  endfacet
  facet normal 0.049067674327417085 0.9987954562051725 0
    outer loop
      vertex -11.254957149176098 11.487961816680492 3
      vertex -11.5 11.5 9
      vertex -11.254957149176098 11.487961816680492 9
    endloop
  endfacet
  facet normal 0.14673047445535986 0.9891765099647813 0
    outer loop
      vertex -11.01227419495968 11.451963201008077 3
      vertex -11.254957149176098 11.487961816680492 9
      vertex -11.01227419495968 11.451963201008077 9
    endloop
  endfacet
  facet normal 0.24298017990326795 0.9700312531945429 0
    outer loop
      vertex -10.774288306863845 11.392350839330522 3
      vertex -11.01227419495968 11.451963201008077 9
      vertex -10.774288306863845 11.392350839330522 9
    endloop
  endfacet
  facet normal 0.3368898533922174 0.9415440651830217 0
    outer loop
      vertex -10.543291419087275 11.309698831278217 3
      vertex -10.774288306863845 11.392350839330522 9
      vertex -10.543291419087275 11.309698831278217 9
    endloop
  endfacet
  facet normal 0 0 1
    outer loop
      vertex -13.578674030756364 7.611074417450995 9
      vertex -13.704803160870888 10.178491842064995 9
      vertex -13.704803160870888 7.821508157935006 9
    endloop
  endfacet
  facet normal 0 0 1
    outer loop
      vertex -13.578674030756364 7.611074417450995 9
      vertex -13.432526133406842 7.414016789590886 9
      vertex -13.578674030756364 10.388925582549005 9
    endloop
  endfacet
  facet normal 0 0 1
    outer loop
      vertex -13.267766952966369 7.232233047033631 9
      vertex -13.432526133406842 10.585983210409115 9
      vertex -13.432526133406842 7.414016789590886 9
    endloop
  endfacet
  facet normal 0 0 1
    outer loop
      vertex -13.267766952966369 7.232233047033631 9
      vertex -13.085983210409115 7.067473866593158 9
      vertex -13.267766952966369 10.767766952966369 9
    endloop
  endfacet
  facet normal 0 0 1
    outer loop
      vertex -13.951963201008077 8.51227419495968 9
      vertex -13.987961816680492 9.245042850823902 9
      vertex -13.987961816680492 8.754957149176098 9
    endloop
  endfacet
  facet normal 0 0 1
    outer loop
      vertex -13.987961816680492 8.754957149176098 9
      vertex -13.987961816680492 9.245042850823902 9
      vertex -14 9 9
    endloop
  endfacet
  facet normal 0 0 1
    outer loop
      vertex -13.809698831278217 8.043291419087275 9
      vertex -13.892350839330522 9.725711693136155 9
      vertex -13.892350839330522 8.274288306863845 9
    endloop
  endfacet
  facet normal 0 0 1
    outer loop
      vertex -13.951963201008077 8.51227419495968 9
      vertex -13.892350839330522 8.274288306863845 9
      vertex -13.951963201008077 9.48772580504032 9
    endloop
  endfacet
  facet normal 0 0 1
    outer loop
      vertex -13.951963201008077 8.51227419495968 9
      vertex -13.951963201008077 9.48772580504032 9
      vertex -13.987961816680492 9.245042850823902 9
    endloop
  endfacet
  facet normal 0 0 1
    outer loop
      vertex -13.892350839330522 8.274288306863845 9
      vertex -13.892350839330522 9.725711693136155 9
      vertex -13.951963201008077 9.48772580504032 9
    endloop
  endfacet
  facet normal 0 0 1
    outer loop
      vertex -13.809698831278217 8.043291419087275 9
      vertex -13.809698831278217 9.956708580912725 9
      vertex -13.892350839330522 9.725711693136155 9
    endloop
  endfacet
  facet normal 0 0 1
    outer loop
      vertex -13.809698831278217 8.043291419087275 9
      vertex -13.704803160870888 7.821508157935006 9
      vertex -13.809698831278217 9.956708580912725 9
    endloop
  endfacet
  facet normal 0 0 1
    outer loop
      vertex -13.704803160870888 7.821508157935006 9
      vertex -13.704803160870888 10.178491842064995 9
      vertex -13.809698831278217 9.956708580912725 9
    endloop
  endfacet
  facet normal 0 0 1
    outer loop
      vertex -13.578674030756364 7.611074417450995 9
      vertex -13.578674030756364 10.388925582549005 9
      vertex -13.704803160870888 10.178491842064995 9
    endloop
  endfacet
  facet normal 0 0 1
    outer loop
      vertex -13.432526133406842 7.414016789590886 9
      vertex -13.432526133406842 10.585983210409115 9
      vertex -13.578674030756364 10.388925582549005 9
    endloop
  endfacet
  facet normal 0 0 1
    outer loop
      vertex -13.267766952966369 7.232233047033631 9
      vertex -13.267766952966369 10.767766952966369 9
      vertex -13.432526133406842 10.585983210409115 9
    endloop
  endfacet
  facet normal 0 0 1
    outer loop
      vertex -13.267766952966369 10.767766952966369 9
      vertex -13.085983210409115 7.067473866593158 9
      vertex -13.085983210409115 10.932526133406842 9
    endloop
  endfacet
  facet normal 0 0 1
    outer loop
      vertex -12.678491842064995 6.795196839129112 9
      vertex -12.456708580912725 6.690301168721783 9
      vertex -12.578863808443554 8.785400645782259 9
    endloop
  endfacet
  facet normal 0 0 1
    outer loop
      vertex -13.085983210409115 7.067473866593158 9
      vertex -12.888925582549005 6.921325969243637 9
      vertex -13.085983210409115 10.932526133406842 9
    endloop
  endfacet
  facet normal 0 0 1
    outer loop
      vertex -12.678491842064995 6.795196839129112 9
      vertex -12.888925582549005 11.078674030756364 9
      vertex -12.888925582549005 6.921325969243637 9
    endloop
  endfacet
  facet normal 0 0 1
    outer loop
      vertex -12.456708580912725 6.690301168721783 9
      vertex -12.47011339078319 8.481463589491403 9
      vertex -12.516267485762416 8.5790482243984 9
    endloop
  endfacet
  facet normal 0 0 1
    outer loop
      vertex -12.678491842064995 6.795196839129112 9
      vertex -12.578863808443554 8.785400645782259 9
      vertex -12.594703199339417 8.892181145637483 9
    endloop
  endfacet
  facet normal 0 0 1
    outer loop
      vertex -12.456708580912725 6.690301168721783 9
      vertex -12.55263436930543 8.680686855020092 9
      vertex -12.578863808443554 8.785400645782259 9
    endloop
  endfacet
  facet normal 0 0 1
    outer loop
      vertex -12.456708580912725 6.690301168721783 9
      vertex -12.516267485762416 8.5790482243984 9
      vertex -12.55263436930543 8.680686855020092 9
    endloop
  endfacet
  facet normal 0 0 1
    outer loop
      vertex -12.678491842064995 6.795196839129112 9
      vertex -12.594703199339417 8.892181145637483 9
      vertex -12.6 9 9
    endloop
  endfacet
  facet normal 0 0 1
    outer loop
      vertex -12.456708580912725 6.690301168721783 9
      vertex -12.225711693136155 6.607649160669478 9
      vertex -12.35031149869901 8.30216738741999 9
    endloop
  endfacet
  facet normal 0 0 1
    outer loop
      vertex -12.225711693136155 6.607649160669478 9
      vertex -12.277817459305203 8.222182540694797 9
      vertex -12.35031149869901 8.30216738741999 9
    endloop
  endfacet
  facet normal 0 0 1
    outer loop
      vertex -12.225711693136155 6.607649160669478 9
      vertex -12.19783261258001 8.14968850130099 9
      vertex -12.277817459305203 8.222182540694797 9
    endloop
  endfacet
  facet normal 0 0 1
    outer loop
      vertex -12.225711693136155 6.607649160669478 9
      vertex -12.111127256321563 8.0853834264672 9
      vertex -12.19783261258001 8.14968850130099 9
    endloop
  endfacet
  facet normal 0 0 1
    outer loop
      vertex -12.225711693136155 6.607649160669478 9
      vertex -11.98772580504032 6.548036798991924 9
      vertex -12.111127256321563 8.0853834264672 9
    endloop
  endfacet
  facet normal 0 0 1
    outer loop
      vertex -11.98772580504032 6.548036798991924 9
      vertex -11.745042850823902 6.512038183319508 9
      vertex -11.819313144979908 7.94736563069457 9
    endloop
  endfacet
  facet normal 0 0 1
    outer loop
      vertex -11.98772580504032 6.548036798991924 9
      vertex -12.018536410508597 8.02988660921681 9
      vertex -12.111127256321563 8.0853834264672 9
    endloop
  endfacet
  facet normal 0 0 1
    outer loop
      vertex -11.98772580504032 6.548036798991924 9
      vertex -11.819313144979908 7.94736563069457 9
      vertex -11.9209517756016 7.983732514237585 9
    endloop
  endfacet
  facet normal 0 0 1
    outer loop
      vertex -11.98772580504032 6.548036798991924 9
      vertex -11.9209517756016 7.983732514237585 9
      vertex -12.018536410508597 8.02988660921681 9
    endloop
  endfacet
  facet normal 0 0 1
    outer loop
      vertex -12.456708580912725 6.690301168721783 9
      vertex -12.35031149869901 8.30216738741999 9
      vertex -12.4146165735328 8.388872743678437 9
    endloop
  endfacet
  facet normal 0 0 1
    outer loop
      vertex -12.456708580912725 6.690301168721783 9
      vertex -12.4146165735328 8.388872743678437 9
      vertex -12.47011339078319 8.481463589491403 9
    endloop
  endfacet
  facet normal 0 0 1
    outer loop
      vertex -12.678491842064995 6.795196839129112 9
      vertex -12.6 9 9
      vertex -12.678491842064995 11.204803160870888 9
    endloop
  endfacet
  facet normal 0 0 1
    outer loop
      vertex -12.888925582549005 6.921325969243637 9
      vertex -12.888925582549005 11.078674030756364 9
      vertex -13.085983210409115 10.932526133406842 9
    endloop
  endfacet
  facet normal 0 0 1
    outer loop
      vertex -12.678491842064995 6.795196839129112 9
      vertex -12.678491842064995 11.204803160870888 9
      vertex -12.888925582549005 11.078674030756364 9
    endloop
  endfacet
  facet normal 0 0 1
    outer loop
      vertex -12.678491842064995 11.204803160870888 9
      vertex -12.6 9 9
      vertex -12.594703199339417 9.107818854362517 9
    endloop
  endfacet
  facet normal 0 0 1
    outer loop
      vertex -12.678491842064995 11.204803160870888 9
      vertex -12.594703199339417 9.107818854362517 9
      vertex -12.578863808443554 9.214599354217741 9
    endloop
  endfacet
  facet normal 0 0 1
    outer loop
      vertex -12.678491842064995 11.204803160870888 9
      vertex -12.578863808443554 9.214599354217741 9
      vertex -12.55263436930543 9.319313144979908 9
    endloop
  endfacet
  facet normal 0 0 1
    outer loop
      vertex -12.678491842064995 11.204803160870888 9
      vertex -12.55263436930543 9.319313144979908 9
      vertex -12.516267485762416 9.4209517756016 9
    endloop
  endfacet
  facet normal 0 0 1
    outer loop
      vertex -12.678491842064995 11.204803160870888 9
      vertex -12.516267485762416 9.4209517756016 9
      vertex -12.47011339078319 9.518536410508597 9
    endloop
  endfacet
  facet normal 0 0 1
    outer loop
      vertex -12.678491842064995 11.204803160870888 9
      vertex -12.47011339078319 9.518536410508597 9
      vertex -12.4146165735328 9.611127256321563 9
    endloop
  endfacet
  facet normal 0 0 1
    outer loop
      vertex -12.456708580912725 11.309698831278217 9
      vertex -12.4146165735328 9.611127256321563 9
      vertex -12.35031149869901 9.69783261258001 9
    endloop
  endfacet
  facet normal 0 0 1
    outer loop
      vertex -12.456708580912725 11.309698831278217 9
      vertex -12.35031149869901 9.69783261258001 9
      vertex -12.277817459305203 9.777817459305203 9
    endloop
  endfacet
  facet normal 0 0 1
    outer loop
      vertex -11.745042850823902 6.512038183319508 9
      vertex -11.5 6.5 9
      vertex -11.607818854362517 7.905296800660583 9
    endloop
  endfacet
  facet normal 0 0 1
    outer loop
      vertex -11.745042850823902 6.512038183319508 9
      vertex -11.714599354217741 7.921136191556446 9
      vertex -11.819313144979908 7.94736563069457 9
    endloop
  endfacet
  facet normal 0 0 1
    outer loop
      vertex -11.745042850823902 6.512038183319508 9
      vertex -11.607818854362517 7.905296800660583 9
      vertex -11.714599354217741 7.921136191556446 9
    endloop
  endfacet
  facet normal 0 0 1
    outer loop
      vertex -11.5 6.5 9
      vertex -11.5 7.9 9
      vertex -11.607818854362517 7.905296800660583 9
    endloop
  endfacet
  facet normal 0 0 1
    outer loop
      vertex -11.5 6.5 9
      vertex -11.254957149176098 6.512038183319508 9
      vertex -11.392181145637483 7.905296800660583 9
    endloop
  endfacet
  facet normal 0 0 1
    outer loop
      vertex -11.254957149176098 6.512038183319508 9
      vertex -11.01227419495968 6.548036798991924 9
      vertex -11.285400645782259 7.921136191556446 9
    endloop
  endfacet
  facet normal 0 0 1
    outer loop
      vertex -11.5 6.5 9
      vertex -11.392181145637483 7.905296800660583 9
      vertex -11.5 7.9 9
    endloop
  endfacet
  facet normal 0 0 1
    outer loop
      vertex -11.254957149176098 6.512038183319508 9
      vertex -11.285400645782259 7.921136191556446 9
      vertex -11.392181145637483 7.905296800660583 9
    endloop
  endfacet
  facet normal 0 0 1
    outer loop
      vertex -11.01227419495968 6.548036798991924 9
      vertex -11.180686855020092 7.94736563069457 9
      vertex -11.285400645782259 7.921136191556446 9
    endloop
  endfacet
  facet normal 0 0 1
    outer loop
      vertex -11.01227419495968 6.548036798991924 9
      vertex -10.774288306863845 6.607649160669478 9
      vertex -11.0790482243984 7.983732514237585 9
    endloop
  endfacet
  facet normal 0 0 1
    outer loop
      vertex -11.01227419495968 6.548036798991924 9
      vertex -11.0790482243984 7.983732514237585 9
      vertex -11.180686855020092 7.94736563069457 9
    endloop
  endfacet
  facet normal 0 0 1
    outer loop
      vertex -10.774288306863845 6.607649160669478 9
      vertex -10.981463589491403 8.02988660921681 9
      vertex -11.0790482243984 7.983732514237585 9
    endloop
  endfacet
  facet normal 0 0 1
    outer loop
      vertex -10.774288306863845 6.607649160669478 9
      vertex -10.888872743678437 8.0853834264672 9
      vertex -10.981463589491403 8.02988660921681 9
    endloop
  endfacet
  facet normal 0 0 1
    outer loop
      vertex -10.774288306863845 6.607649160669478 9
      vertex -10.543291419087275 6.690301168721783 9
      vertex -10.80216738741999 8.14968850130099 9
    endloop
  endfacet
  facet normal 0 0 1
    outer loop
      vertex -10.774288306863845 6.607649160669478 9
      vertex -10.80216738741999 8.14968850130099 9
      vertex -10.888872743678437 8.0853834264672 9
    endloop
  endfacet
  facet normal 0 0 1
    outer loop
      vertex -10.543291419087275 6.690301168721783 9
      vertex -10.722182540694797 8.222182540694797 9
      vertex -10.80216738741999 8.14968850130099 9
    endloop
  endfacet
  facet normal 0 0 1
    outer loop
      vertex -10.543291419087275 6.690301168721783 9
      vertex -10.64968850130099 8.30216738741999 9
      vertex -10.722182540694797 8.222182540694797 9
    endloop
  endfacet
  facet normal 0 0 1
    outer loop
      vertex -10.543291419087275 6.690301168721783 9
      vertex -10.5853834264672 8.388872743678437 9
      vertex -10.64968850130099 8.30216738741999 9
    endloop
  endfacet
  facet normal 0 0 1
    outer loop
      vertex -10.774288306863845 11.392350839330522 9
      vertex -10.722182540694797 9.777817459305203 9
      vertex -10.64968850130099 9.69783261258001 9
    endloop
  endfacet
  facet normal 0 0 1
    outer loop
      vertex -10.543291419087275 11.309698831278217 9
      vertex -10.52988660921681 9.518536410508597 9
      vertex -10.483732514237584 9.4209517756016 9
    endloop
  endfacet
  facet normal 0 0 1
    outer loop
      vertex -10.543291419087275 11.309698831278217 9
      vertex -10.64968850130099 9.69783261258001 9
      vertex -10.5853834264672 9.611127256321563 9
    endloop
  endfacet
  facet normal 0 0 1
    outer loop
      vertex -10.543291419087275 11.309698831278217 9
      vertex -10.5853834264672 9.611127256321563 9
      vertex -10.52988660921681 9.518536410508597 9
    endloop
  endfacet
  facet normal 0 0 1
    outer loop
      vertex -12.678491842064995 11.204803160870888 9
      vertex -12.4146165735328 9.611127256321563 9
      vertex -12.456708580912725 11.309698831278217 9
    endloop
  endfacet
  facet normal 0 0 1
    outer loop
      vertex -12.456708580912725 11.309698831278217 9
      vertex -12.277817459305203 9.777817459305203 9
      vertex -12.19783261258001 9.85031149869901 9
    endloop
  endfacet
  facet normal 0 0 1
    outer loop
      vertex -12.225711693136155 11.392350839330522 9
      vertex -12.19783261258001 9.85031149869901 9
      vertex -12.111127256321563 9.9146165735328 9
    endloop
  endfacet
  facet normal 0 0 1
    outer loop
      vertex -12.456708580912725 11.309698831278217 9
      vertex -12.19783261258001 9.85031149869901 9
      vertex -12.225711693136155 11.392350839330522 9
    endloop
  endfacet
  facet normal 0 0 1
    outer loop
      vertex -12.225711693136155 11.392350839330522 9
      vertex -12.111127256321563 9.9146165735328 9
      vertex -12.018536410508597 9.97011339078319 9
    endloop
  endfacet
  facet normal 0 0 1
    outer loop
      vertex -12.225711693136155 11.392350839330522 9
      vertex -12.018536410508597 9.97011339078319 9
      vertex -11.9209517756016 10.016267485762416 9
    endloop
  endfacet
  facet normal 0 0 1
    outer loop
      vertex -11.98772580504032 11.451963201008077 9
      vertex -11.9209517756016 10.016267485762416 9
      vertex -11.819313144979908 10.05263436930543 9
    endloop
  endfacet
  facet normal 0 0 1
    outer loop
      vertex -11.98772580504032 11.451963201008077 9
      vertex -11.819313144979908 10.05263436930543 9
      vertex -11.714599354217741 10.078863808443554 9
    endloop
  endfacet
  facet normal 0 0 1
    outer loop
      vertex -12.225711693136155 11.392350839330522 9
      vertex -11.9209517756016 10.016267485762416 9
      vertex -11.98772580504032 11.451963201008077 9
    endloop
  endfacet
  facet normal 0 0 1
    outer loop
      vertex -11.98772580504032 11.451963201008077 9
      vertex -11.714599354217741 10.078863808443554 9
      vertex -11.745042850823902 11.487961816680492 9
    endloop
  endfacet
  facet normal 0 0 1
    outer loop
      vertex -11.745042850823902 11.487961816680492 9
      vertex -11.714599354217741 10.078863808443554 9
      vertex -11.607818854362517 10.094703199339417 9
    endloop
  endfacet
  facet normal 0 0 1
    outer loop
      vertex -11.5 11.5 9
      vertex -11.607818854362517 10.094703199339417 9
      vertex -11.5 10.1 9
    endloop
  endfacet
  facet normal 0 0 1
    outer loop
      vertex -11.745042850823902 11.487961816680492 9
      vertex -11.607818854362517 10.094703199339417 9
      vertex -11.5 11.5 9
    endloop
  endfacet
  facet normal 0 0 1
    outer loop
      vertex -11.5 11.5 9
      vertex -11.5 10.1 9
      vertex -11.392181145637483 10.094703199339417 9
    endloop
  endfacet
  facet normal 0 0 1
    outer loop
      vertex -11.254957149176098 11.487961816680492 9
      vertex -11.392181145637483 10.094703199339417 9
      vertex -11.285400645782259 10.078863808443554 9
    endloop
  endfacet
  facet normal 0 0 1
    outer loop
      vertex -11.254957149176098 11.487961816680492 9
      vertex -11.285400645782259 10.078863808443554 9
      vertex -11.180686855020092 10.05263436930543 9
    endloop
  endfacet
  facet normal 0 0 1
    outer loop
      vertex -11.5 11.5 9
      vertex -11.392181145637483 10.094703199339417 9
      vertex -11.254957149176098 11.487961816680492 9
    endloop
  endfacet
  facet normal 0 0 1
    outer loop
      vertex -11.01227419495968 11.451963201008077 9
      vertex -11.180686855020092 10.05263436930543 9
      vertex -11.0790482243984 10.016267485762416 9
    endloop
  endfacet
  facet normal 0 0 1
    outer loop
      vertex -11.01227419495968 11.451963201008077 9
      vertex -11.0790482243984 10.016267485762416 9
      vertex -10.981463589491403 9.97011339078319 9
    endloop
  endfacet
  facet normal 0 0 1
    outer loop
      vertex -11.01227419495968 11.451963201008077 9
      vertex -10.981463589491403 9.97011339078319 9
      vertex -10.888872743678437 9.9146165735328 9
    endloop
  endfacet
  facet normal 0 0 1
    outer loop
      vertex -11.254957149176098 11.487961816680492 9
      vertex -11.180686855020092 10.05263436930543 9
      vertex -11.01227419495968 11.451963201008077 9
    endloop
  endfacet
  facet normal 0 0 1
    outer loop
      vertex -11.01227419495968 11.451963201008077 9
      vertex -10.888872743678437 9.9146165735328 9
      vertex -10.774288306863845 11.392350839330522 9
    endloop
  endfacet
  facet normal 0 0 1
    outer loop
      vertex -10.774288306863845 11.392350839330522 9
      vertex -10.888872743678437 9.9146165735328 9
      vertex -10.80216738741999 9.85031149869901 9
    endloop
  endfacet
  facet normal 0 0 1
    outer loop
      vertex -10.774288306863845 11.392350839330522 9
      vertex -10.80216738741999 9.85031149869901 9
      vertex -10.722182540694797 9.777817459305203 9
    endloop
  endfacet
  facet normal 0 0 1
    outer loop
      vertex -10.774288306863845 11.392350839330522 9
      vertex -10.64968850130099 9.69783261258001 9
      vertex -10.543291419087275 11.309698831278217 9
    endloop
  endfacet
  facet normal 0.42755509343027986 -0.9039892931234444 3.244186185765657e-19
    outer loop
      vertex -10.543291419087275 6.690301168721783 3
      vertex -10.321508157935005 6.795196839129112 3
      vertex -10.321508157935005 6.795196839129112 9
    endloop
  endfacet
  facet normal 0.5141027441932258 -0.8577286100002697 -1.7412288114373803e-19
    outer loop
      vertex -10.321508157935005 6.795196839129112 3
      vertex -10.111074417450995 6.921325969243637 3
      vertex -10.111074417450995 6.921325969243637 9
    endloop
  endfacet
  facet normal 0.595699304492431 -0.8032075314806466 4.940404340799285e-19
    outer loop
      vertex -10.111074417450995 6.921325969243637 3
      vertex -9.914016789590885 7.067473866593158 3
      vertex -9.914016789590885 7.067473866593158 9
    endloop
  endfacet
  facet normal 0.6715589548470197 -0.7409511253549579 -1.27685549299383e-19
    outer loop
      vertex -9.914016789590885 7.067473866593158 3
      vertex -9.732233047033631 7.232233047033631 3
      vertex -9.732233047033631 7.232233047033631 9
    endloop
  endfacet
  facet normal 0.7409511253549597 -0.6715589548470179 2.9267031032870778e-19
    outer loop
      vertex -9.732233047033631 7.232233047033631 3
      vertex -9.567473866593158 7.414016789590886 3
      vertex -9.567473866593158 7.414016789590886 9
    endloop
  endfacet
  facet normal 0.8032075314806436 -0.595699304492435 5.715616795980833e-19
    outer loop
      vertex -9.567473866593158 7.414016789590886 3
      vertex -9.421325969243636 7.611074417450995 3
      vertex -9.421325969243636 7.611074417450995 9
    endloop
  endfacet
  facet normal 0.8577286100002722 -0.5141027441932216 8.111132248766452e-19
    outer loop
      vertex -9.421325969243636 7.611074417450995 3
      vertex -9.295196839129112 7.821508157935006 3
      vertex -9.295196839129112 7.821508157935006 9
    endloop
  endfacet
  facet normal 0.9039892931234438 -0.42755509343028125 6.70197473296507e-19
    outer loop
      vertex -9.295196839129112 7.821508157935006 3
      vertex -9.190301168721783 8.043291419087275 3
      vertex -9.190301168721783 8.043291419087275 9
    endloop
  endfacet
  facet normal 0.9039892931234444 0.42755509343027986 -3.244186185765657e-19
    outer loop
      vertex -9.190301168721783 9.956708580912725 3
      vertex -9.295196839129112 10.178491842064995 3
      vertex -9.295196839129112 10.178491842064995 9
    endloop
  endfacet
  facet normal 0.9415440651830217 -0.3368898533922174 -3.6978543638821715e-19
    outer loop
      vertex -9.190301168721783 8.043291419087275 3
      vertex -9.107649160669478 8.274288306863845 3
      vertex -9.107649160669478 8.274288306863845 9
    endloop
  endfacet
  facet normal 0.9700312531945429 -0.24298017990326795 -8.221355052957312e-20
    outer loop
      vertex -9.107649160669478 8.274288306863845 3
      vertex -9.048036798991923 8.51227419495968 3
      vertex -9.048036798991923 8.51227419495968 9
    endloop
  endfacet
  facet normal 0.9891765099647813 -0.14673047445535986 2.791291424266645e-19
    outer loop
      vertex -9.048036798991923 8.51227419495968 3
      vertex -9.012038183319508 8.754957149176098 3
      vertex -9.012038183319508 8.754957149176098 9
    endloop
  endfacet
  facet normal 0.9987954562051725 -0.049067674327417085 9.58810661253428e-20
    outer loop
      vertex -9.012038183319508 8.754957149176098 3
      vertex -9 9 3
      vertex -9 9 9
    endloop
  endfacet
  facet normal 0.9891765099647813 0.14673047445535986 -2.791291424266645e-19
    outer loop
      vertex -9.012038183319508 9.245042850823902 3
      vertex -9.048036798991923 9.48772580504032 3
      vertex -9.048036798991923 9.48772580504032 9
    endloop
  endfacet
  facet normal 0.9987954562051725 0.049067674327417085 -9.58810661253428e-20
    outer loop
      vertex -9 9 3
      vertex -9.012038183319508 9.245042850823902 3
      vertex -9.012038183319508 9.245042850823902 9
    endloop
  endfacet
  facet normal 0.9700312531945429 0.24298017990326795 8.221355052957312e-20
    outer loop
      vertex -9.048036798991923 9.48772580504032 3
      vertex -9.107649160669478 9.725711693136155 3
      vertex -9.107649160669478 9.725711693136155 9
    endloop
  endfacet
  facet normal 0.9415440651830217 0.3368898533922174 0
    outer loop
      vertex -9.190301168721783 9.956708580912725 3
      vertex -9.190301168721783 9.956708580912725 9
      vertex -9.107649160669478 9.725711693136155 3
    endloop
  endfacet
  facet normal 0.5141027441932231 0.8577286100002712 -1.2983034057417517e-19
    outer loop
      vertex -10.111074417450995 11.078674030756364 3
      vertex -10.321508157935005 11.204803160870888 3
      vertex -10.321508157935005 11.204803160870888 9
    endloop
  endfacet
  facet normal 0.5956993044924334 0.8032075314806449 0
    outer loop
      vertex -10.111074417450995 11.078674030756364 3
      vertex -10.111074417450995 11.078674030756364 9
      vertex -9.914016789590885 10.932526133406842 3
    endloop
  endfacet
  facet normal 0.6715589548470197 0.7409511253549579 0
    outer loop
      vertex -9.914016789590885 10.932526133406842 3
      vertex -9.914016789590885 10.932526133406842 9
      vertex -9.732233047033631 10.767766952966369 3
    endloop
  endfacet
  facet normal 0.42755509343027986 0.9039892931234444 0
    outer loop
      vertex -10.543291419087275 11.309698831278217 3
      vertex -10.543291419087275 11.309698831278217 9
      vertex -10.321508157935005 11.204803160870888 3
    endloop
  endfacet
  facet normal 0.8032075314806449 0.5956993044924334 0
    outer loop
      vertex -9.567473866593158 10.585983210409115 3
      vertex -9.567473866593158 10.585983210409115 9
      vertex -9.421325969243636 10.388925582549005 3
    endloop
  endfacet
  facet normal 0.7409511253549579 0.6715589548470197 1.27685549299383e-19
    outer loop
      vertex -9.567473866593158 10.585983210409115 3
      vertex -9.732233047033631 10.767766952966369 3
      vertex -9.732233047033631 10.767766952966369 9
    endloop
  endfacet
  facet normal 0.8577286100002712 0.5141027441932231 -1.2983034057417517e-19
    outer loop
      vertex -9.295196839129112 10.178491842064995 3
      vertex -9.421325969243636 10.388925582549005 3
      vertex -9.421325969243636 10.388925582549005 9
    endloop
  endfacet
  facet normal 0.42755509343027986 -0.9039892931234444 0
    outer loop
      vertex -10.543291419087275 6.690301168721783 3
      vertex -10.321508157935005 6.795196839129112 9
      vertex -10.543291419087275 6.690301168721783 9
    endloop
  endfacet
  facet normal 0.5141027441932258 -0.8577286100002697 0
    outer loop
      vertex -10.321508157935005 6.795196839129112 3
      vertex -10.111074417450995 6.921325969243637 9
      vertex -10.321508157935005 6.795196839129112 9
    endloop
  endfacet
  facet normal 0.595699304492431 -0.8032075314806466 0
    outer loop
      vertex -10.111074417450995 6.921325969243637 3
      vertex -9.914016789590885 7.067473866593158 9
      vertex -10.111074417450995 6.921325969243637 9
    endloop
  endfacet
  facet normal 0.6715589548470197 -0.7409511253549579 0
    outer loop
      vertex -9.914016789590885 7.067473866593158 3
      vertex -9.732233047033631 7.232233047033631 9
      vertex -9.914016789590885 7.067473866593158 9
    endloop
  endfacet
  facet normal 0.7409511253549597 -0.6715589548470179 0
    outer loop
      vertex -9.732233047033631 7.232233047033631 3
      vertex -9.567473866593158 7.414016789590886 9
      vertex -9.732233047033631 7.232233047033631 9
    endloop
  endfacet
  facet normal 0.8032075314806436 -0.595699304492435 0
    outer loop
      vertex -9.567473866593158 7.414016789590886 3
      vertex -9.421325969243636 7.611074417450995 9
      vertex -9.567473866593158 7.414016789590886 9
    endloop
  endfacet
  facet normal 0.8577286100002722 -0.5141027441932216 0
    outer loop
      vertex -9.421325969243636 7.611074417450995 3
      vertex -9.295196839129112 7.821508157935006 9
      vertex -9.421325969243636 7.611074417450995 9
    endloop
  endfacet
  facet normal 0.9039892931234438 -0.42755509343028125 0
    outer loop
      vertex -9.295196839129112 7.821508157935006 3
      vertex -9.190301168721783 8.043291419087275 9
      vertex -9.295196839129112 7.821508157935006 9
    endloop
  endfacet
  facet normal 0.9039892931234444 0.42755509343027986 0
    outer loop
      vertex -9.190301168721783 9.956708580912725 3
      vertex -9.295196839129112 10.178491842064995 9
      vertex -9.190301168721783 9.956708580912725 9
    endloop
  endfacet
  facet normal 0.8577286100002712 0.5141027441932231 0
    outer loop
      vertex -9.295196839129112 10.178491842064995 3
      vertex -9.421325969243636 10.388925582549005 9
      vertex -9.295196839129112 10.178491842064995 9
    endloop
  endfacet
  facet normal 0.9415440651830217 -0.3368898533922174 0
    outer loop
      vertex -9.190301168721783 8.043291419087275 3
      vertex -9.107649160669478 8.274288306863845 9
      vertex -9.190301168721783 8.043291419087275 9
    endloop
  endfacet
  facet normal 0.9700312531945429 -0.24298017990326795 0
    outer loop
      vertex -9.107649160669478 8.274288306863845 3
      vertex -9.048036798991923 8.51227419495968 9
      vertex -9.107649160669478 8.274288306863845 9
    endloop
  endfacet
  facet normal 0.9891765099647813 -0.14673047445535986 0
    outer loop
      vertex -9.048036798991923 8.51227419495968 3
      vertex -9.012038183319508 8.754957149176098 9
      vertex -9.048036798991923 8.51227419495968 9
    endloop
  endfacet
  facet normal 0.9987954562051725 -0.049067674327417085 0
    outer loop
      vertex -9.012038183319508 8.754957149176098 3
      vertex -9 9 9
      vertex -9.012038183319508 8.754957149176098 9
    endloop
  endfacet
  facet normal 0.9891765099647813 0.14673047445535986 0
    outer loop
      vertex -9.012038183319508 9.245042850823902 3
      vertex -9.048036798991923 9.48772580504032 9
      vertex -9.012038183319508 9.245042850823902 9
    endloop
  endfacet
  facet normal 0.9987954562051725 0.049067674327417085 0
    outer loop
      vertex -9 9 3
      vertex -9.012038183319508 9.245042850823902 9
      vertex -9 9 9
    endloop
  endfacet
  facet normal 0.9700312531945429 0.24298017990326795 0
    outer loop
      vertex -9.048036798991923 9.48772580504032 3
      vertex -9.107649160669478 9.725711693136155 9
      vertex -9.048036798991923 9.48772580504032 9
    endloop
  endfacet
  facet normal 0.9415440651830217 0.3368898533922174 0
    outer loop
      vertex -9.107649160669478 9.725711693136155 3
      vertex -9.190301168721783 9.956708580912725 9
      vertex -9.107649160669478 9.725711693136155 9
    endloop
  endfacet
  facet normal 0.5141027441932231 0.8577286100002712 0
    outer loop
      vertex -10.111074417450995 11.078674030756364 3
      vertex -10.321508157935005 11.204803160870888 9
      vertex -10.111074417450995 11.078674030756364 9
    endloop
  endfacet
  facet normal 0.5956993044924334 0.8032075314806449 0
    outer loop
      vertex -9.914016789590885 10.932526133406842 3
      vertex -10.111074417450995 11.078674030756364 9
      vertex -9.914016789590885 10.932526133406842 9
    endloop
  endfacet
  facet normal 0.42755509343027986 0.9039892931234444 0
    outer loop
      vertex -10.321508157935005 11.204803160870888 3
      vertex -10.543291419087275 11.309698831278217 9
      vertex -10.321508157935005 11.204803160870888 9
    endloop
  endfacet
  facet normal 0.7409511253549579 0.6715589548470197 0
    outer loop
      vertex -9.567473866593158 10.585983210409115 3
      vertex -9.732233047033631 10.767766952966369 9
      vertex -9.567473866593158 10.585983210409115 9
    endloop
  endfacet
  facet normal 0.6715589548470197 0.7409511253549579 0
    outer loop
      vertex -9.732233047033631 10.767766952966369 3
      vertex -9.914016789590885 10.932526133406842 9
      vertex -9.732233047033631 10.767766952966369 9
    endloop
  endfacet
  facet normal 0.8032075314806449 0.5956993044924334 0
    outer loop
      vertex -9.421325969243636 10.388925582549005 3
      vertex -9.567473866593158 10.585983210409115 9
      vertex -9.421325969243636 10.388925582549005 9
    endloop
  endfacet
  facet normal 0 0 1
    outer loop
      vertex -10.543291419087275 6.690301168721783 9
      vertex -10.321508157935005 6.795196839129112 9
      vertex -10.5853834264672 8.388872743678437 9
    endloop
  endfacet
  facet normal 0 0 1
    outer loop
      vertex -10.321508157935005 6.795196839129112 9
      vertex -10.52988660921681 8.481463589491403 9
      vertex -10.5853834264672 8.388872743678437 9
    endloop
  endfacet
  facet normal 0 0 1
    outer loop
      vertex -10.321508157935005 6.795196839129112 9
      vertex -10.483732514237584 8.5790482243984 9
      vertex -10.52988660921681 8.481463589491403 9
    endloop
  endfacet
  facet normal 0 0 1
    outer loop
      vertex -10.321508157935005 6.795196839129112 9
      vertex -10.44736563069457 8.680686855020092 9
      vertex -10.483732514237584 8.5790482243984 9
    endloop
  endfacet
  facet normal 0 0 1
    outer loop
      vertex -10.321508157935005 6.795196839129112 9
      vertex -10.421136191556446 8.785400645782259 9
      vertex -10.44736563069457 8.680686855020092 9
    endloop
  endfacet
  facet normal 0 0 1
    outer loop
      vertex -10.321508157935005 6.795196839129112 9
      vertex -10.405296800660583 8.892181145637483 9
      vertex -10.421136191556446 8.785400645782259 9
    endloop
  endfacet
  facet normal 0 0 1
    outer loop
      vertex -10.321508157935005 6.795196839129112 9
      vertex -10.4 9 9
      vertex -10.405296800660583 8.892181145637483 9
    endloop
  endfacet
  facet normal 0 0 1
    outer loop
      vertex -10.321508157935005 6.795196839129112 9
      vertex -10.111074417450995 6.921325969243637 9
      vertex -10.321508157935005 11.204803160870888 9
    endloop
  endfacet
  facet normal 0 0 1
    outer loop
      vertex -10.111074417450995 6.921325969243637 9
      vertex -9.914016789590885 7.067473866593158 9
      vertex -10.111074417450995 11.078674030756364 9
    endloop
  endfacet
  facet normal 0 0 1
    outer loop
      vertex -9.914016789590885 7.067473866593158 9
      vertex -9.732233047033631 7.232233047033631 9
      vertex -9.914016789590885 10.932526133406842 9
    endloop
  endfacet
  facet normal 0 0 1
    outer loop
      vertex -9.732233047033631 7.232233047033631 9
      vertex -9.567473866593158 7.414016789590886 9
      vertex -9.732233047033631 10.767766952966369 9
    endloop
  endfacet
  facet normal 0 0 1
    outer loop
      vertex -9.567473866593158 7.414016789590886 9
      vertex -9.421325969243636 7.611074417450995 9
      vertex -9.567473866593158 10.585983210409115 9
    endloop
  endfacet
  facet normal 0 0 1
    outer loop
      vertex -10.321508157935005 6.795196839129112 9
      vertex -10.321508157935005 11.204803160870888 9
      vertex -10.4 9 9
    endloop
  endfacet
  facet normal 0 0 1
    outer loop
      vertex -10.321508157935005 11.204803160870888 9
      vertex -10.405296800660583 9.107818854362517 9
      vertex -10.4 9 9
    endloop
  endfacet
  facet normal 0 0 1
    outer loop
      vertex -10.321508157935005 11.204803160870888 9
      vertex -10.421136191556446 9.214599354217741 9
      vertex -10.405296800660583 9.107818854362517 9
    endloop
  endfacet
  facet normal 0 0 1
    outer loop
      vertex -10.111074417450995 6.921325969243637 9
      vertex -10.111074417450995 11.078674030756364 9
      vertex -10.321508157935005 11.204803160870888 9
    endloop
  endfacet
  facet normal 0 0 1
    outer loop
      vertex -10.543291419087275 11.309698831278217 9
      vertex -10.44736563069457 9.319313144979908 9
      vertex -10.421136191556446 9.214599354217741 9
    endloop
  endfacet
  facet normal 0 0 1
    outer loop
      vertex -10.543291419087275 11.309698831278217 9
      vertex -10.483732514237584 9.4209517756016 9
      vertex -10.44736563069457 9.319313144979908 9
    endloop
  endfacet
  facet normal 0 0 1
    outer loop
      vertex -9.914016789590885 7.067473866593158 9
      vertex -9.914016789590885 10.932526133406842 9
      vertex -10.111074417450995 11.078674030756364 9
    endloop
  endfacet
  facet normal 0 0 1
    outer loop
      vertex -9.421325969243636 7.611074417450995 9
      vertex -9.295196839129112 7.821508157935006 9
      vertex -9.421325969243636 10.388925582549005 9
    endloop
  endfacet
  facet normal 0 0 1
    outer loop
      vertex -9.295196839129112 7.821508157935006 9
      vertex -9.190301168721783 8.043291419087275 9
      vertex -9.295196839129112 10.178491842064995 9
    endloop
  endfacet
  facet normal 0 0 1
    outer loop
      vertex -9.190301168721783 8.043291419087275 9
      vertex -9.190301168721783 9.956708580912725 9
      vertex -9.295196839129112 10.178491842064995 9
    endloop
  endfacet
  facet normal 0 0 1
    outer loop
      vertex -9.732233047033631 7.232233047033631 9
      vertex -9.732233047033631 10.767766952966369 9
      vertex -9.914016789590885 10.932526133406842 9
    endloop
  endfacet
  facet normal 0 0 1
    outer loop
      vertex -9.567473866593158 7.414016789590886 9
      vertex -9.567473866593158 10.585983210409115 9
      vertex -9.732233047033631 10.767766952966369 9
    endloop
  endfacet
  facet normal 0 0 1
    outer loop
      vertex -9.421325969243636 7.611074417450995 9
      vertex -9.421325969243636 10.388925582549005 9
      vertex -9.567473866593158 10.585983210409115 9
    endloop
  endfacet
  facet normal 0 0 1
    outer loop
      vertex -9.295196839129112 7.821508157935006 9
      vertex -9.295196839129112 10.178491842064995 9
      vertex -9.421325969243636 10.388925582549005 9
    endloop
  endfacet
  facet normal 0 0 1
    outer loop
      vertex -9.190301168721783 8.043291419087275 9
      vertex -9.107649160669478 8.274288306863845 9
      vertex -9.190301168721783 9.956708580912725 9
    endloop
  endfacet
  facet normal 0 0 1
    outer loop
      vertex -9.107649160669478 8.274288306863845 9
      vertex -9.048036798991923 8.51227419495968 9
      vertex -9.107649160669478 9.725711693136155 9
    endloop
  endfacet
  facet normal 0 0 1
    outer loop
      vertex -9.048036798991923 8.51227419495968 9
      vertex -9.012038183319508 8.754957149176098 9
      vertex -9.048036798991923 9.48772580504032 9
    endloop
  endfacet
  facet normal 0 0 1
    outer loop
      vertex -9.012038183319508 8.754957149176098 9
      vertex -9 9 9
      vertex -9.012038183319508 9.245042850823902 9
    endloop
  endfacet
  facet normal 0 0 1
    outer loop
      vertex -9.012038183319508 8.754957149176098 9
      vertex -9.012038183319508 9.245042850823902 9
      vertex -9.048036798991923 9.48772580504032 9
    endloop
  endfacet
  facet normal 0 0 1
    outer loop
      vertex -9.190301168721783 9.956708580912725 9
      vertex -9.107649160669478 8.274288306863845 9
      vertex -9.107649160669478 9.725711693136155 9
    endloop
  endfacet
  facet normal 0 0 1
    outer loop
      vertex -9.048036798991923 8.51227419495968 9
      vertex -9.048036798991923 9.48772580504032 9
      vertex -9.107649160669478 9.725711693136155 9
    endloop
  endfacet
  facet normal 0 0 1
    outer loop
      vertex -10.543291419087275 11.309698831278217 9
      vertex -10.421136191556446 9.214599354217741 9
      vertex -10.321508157935005 11.204803160870888 9
    endloop
  endfacet
  facet normal -0.9415440651830217 -0.3368898533922174 3.6978543638821715e-19
    outer loop
      vertex 9.107649160669478 -21.725711693136155 3
      vertex 9.190301168721783 -21.956708580912725 3
      vertex 9.190301168721783 -21.956708580912725 9
    endloop
  endfacet
  facet normal -0.9700312531945429 -0.24298017990326795 0
    outer loop
      vertex 9.107649160669478 -21.725711693136155 3
      vertex 9.107649160669478 -21.725711693136155 9
      vertex 9.048036798991923 -21.48772580504032 3
    endloop
  endfacet
  facet normal -0.9987954562051725 -0.04906767432741744 0
    outer loop
      vertex 9.012038183319508 -21.2450428508239 3
      vertex 9.012038183319508 -21.2450428508239 9
      vertex 9 -21 3
    endloop
  endfacet
  facet normal -0.9891765099647815 -0.1467304744553588 0
    outer loop
      vertex 9.048036798991923 -21.48772580504032 3
      vertex 9.048036798991923 -21.48772580504032 9
      vertex 9.012038183319508 -21.2450428508239 3
    endloop
  endfacet
  facet normal -0.9987954562051725 0.04906767432741744 0
    outer loop
      vertex 9 -21 3
      vertex 9 -21 9
      vertex 9.012038183319508 -20.7549571491761 3
    endloop
  endfacet
  facet normal -0.9891765099647815 0.1467304744553588 0
    outer loop
      vertex 9.012038183319508 -20.7549571491761 3
      vertex 9.012038183319508 -20.7549571491761 9
      vertex 9.048036798991923 -20.51227419495968 3
    endloop
  endfacet
  facet normal -0.7409511253549579 -0.6715589548470197 1.27685549299383e-19
    outer loop
      vertex 9.567473866593158 -22.585983210409115 3
      vertex 9.732233047033631 -22.76776695296637 3
      vertex 9.732233047033631 -22.76776695296637 9
    endloop
  endfacet
  facet normal -0.8032075314806423 -0.5956993044924368 4.038743264164043e-19
    outer loop
      vertex 9.421325969243636 -22.388925582549007 3
      vertex 9.567473866593158 -22.585983210409115 3
      vertex 9.567473866593158 -22.585983210409115 9
    endloop
  endfacet
  facet normal -0.42755509343028575 -0.9039892931234416 7.290513978459238e-19
    outer loop
      vertex 10.321508157935005 -23.20480316087089 3
      vertex 10.543291419087275 -23.30969883127822 3
      vertex 10.543291419087275 -23.30969883127822 9
    endloop
  endfacet
  facet normal -0.6715589548470197 -0.7409511253549579 1.27685549299383e-19
    outer loop
      vertex 9.732233047033631 -22.76776695296637 3
      vertex 9.914016789590885 -22.932526133406842 3
      vertex 9.914016789590885 -22.932526133406842 9
    endloop
  endfacet
  facet normal -0.5956993044924334 -0.8032075314806449 8.099151560291748e-19
    outer loop
      vertex 9.914016789590885 -22.932526133406842 3
      vertex 10.111074417450995 -23.078674030756364 3
      vertex 10.111074417450995 -23.078674030756364 9
    endloop
  endfacet
  facet normal -0.5141027441932231 -0.8577286100002712 0
    outer loop
      vertex 10.321508157935005 -23.20480316087089 3
      vertex 10.321508157935005 -23.20480316087089 9
      vertex 10.111074417450995 -23.078674030756364 3
    endloop
  endfacet
  facet normal -0.9039892931234432 -0.4275550934302827 0
    outer loop
      vertex 9.295196839129112 -22.178491842064993 3
      vertex 9.295196839129112 -22.178491842064993 9
      vertex 9.190301168721783 -21.956708580912725 3
    endloop
  endfacet
  facet normal -0.8577286100002751 -0.5141027441932168 0
    outer loop
      vertex 9.421325969243636 -22.388925582549007 3
      vertex 9.421325969243636 -22.388925582549007 9
      vertex 9.295196839129112 -22.178491842064993 3
    endloop
  endfacet
  facet normal -0.9700312531945429 0.24298017990326795 0
    outer loop
      vertex 9.048036798991923 -20.51227419495968 3
      vertex 9.048036798991923 -20.51227419495968 9
      vertex 9.107649160669478 -20.274288306863845 3
    endloop
  endfacet
  facet normal -0.9415440651830217 0.3368898533922174 0
    outer loop
      vertex 9.107649160669478 -20.274288306863845 3
      vertex 9.107649160669478 -20.274288306863845 9
      vertex 9.190301168721783 -20.043291419087275 3
    endloop
  endfacet
  facet normal -0.9039892931234432 0.4275550934302827 0
    outer loop
      vertex 9.190301168721783 -20.043291419087275 3
      vertex 9.190301168721783 -20.043291419087275 9
      vertex 9.295196839129112 -19.821508157935007 3
    endloop
  endfacet
  facet normal -0.8577286100002751 0.5141027441932168 0
    outer loop
      vertex 9.295196839129112 -19.821508157935007 3
      vertex 9.295196839129112 -19.821508157935007 9
      vertex 9.421325969243636 -19.611074417450993 3
    endloop
  endfacet
  facet normal -0.8032075314806423 0.5956993044924368 0
    outer loop
      vertex 9.421325969243636 -19.611074417450993 3
      vertex 9.421325969243636 -19.611074417450993 9
      vertex 9.567473866593158 -19.414016789590885 3
    endloop
  endfacet
  facet normal -0.7409511253549579 0.6715589548470197 0
    outer loop
      vertex 9.567473866593158 -19.414016789590885 3
      vertex 9.567473866593158 -19.414016789590885 9
      vertex 9.732233047033631 -19.23223304703363 3
    endloop
  endfacet
  facet normal -0.6715589548470197 0.7409511253549579 0
    outer loop
      vertex 9.732233047033631 -19.23223304703363 3
      vertex 9.732233047033631 -19.23223304703363 9
      vertex 9.914016789590885 -19.067473866593158 3
    endloop
  endfacet
  facet normal -0.5956993044924334 0.8032075314806449 0
    outer loop
      vertex 9.914016789590885 -19.067473866593158 3
      vertex 9.914016789590885 -19.067473866593158 9
      vertex 10.111074417450995 -18.921325969243636 3
    endloop
  endfacet
  facet normal -0.5141027441932231 0.8577286100002712 0
    outer loop
      vertex 10.111074417450995 -18.921325969243636 3
      vertex 10.111074417450995 -18.921325969243636 9
      vertex 10.321508157935005 -18.79519683912911 3
    endloop
  endfacet
  facet normal -0.42755509343028575 0.9039892931234416 0
    outer loop
      vertex 10.321508157935005 -18.79519683912911 3
      vertex 10.321508157935005 -18.79519683912911 9
      vertex 10.543291419087275 -18.69030116872178 3
    endloop
  endfacet
  facet normal -0.9415440651830217 -0.3368898533922174 0
    outer loop
      vertex 9.107649160669478 -21.725711693136155 3
      vertex 9.190301168721783 -21.956708580912725 9
      vertex 9.107649160669478 -21.725711693136155 9
    endloop
  endfacet
  facet normal -0.9700312531945429 -0.24298017990326795 0
    outer loop
      vertex 9.048036798991923 -21.48772580504032 3
      vertex 9.107649160669478 -21.725711693136155 9
      vertex 9.048036798991923 -21.48772580504032 9
    endloop
  endfacet
  facet normal -0.9987954562051725 -0.04906767432741744 0
    outer loop
      vertex 9 -21 3
      vertex 9.012038183319508 -21.2450428508239 9
      vertex 9 -21 9
    endloop
  endfacet
  facet normal -0.9891765099647815 -0.1467304744553588 0
    outer loop
      vertex 9.012038183319508 -21.2450428508239 3
      vertex 9.048036798991923 -21.48772580504032 9
      vertex 9.012038183319508 -21.2450428508239 9
    endloop
  endfacet
  facet normal -0.9987954562051725 0.04906767432741744 0
    outer loop
      vertex 9.012038183319508 -20.7549571491761 3
      vertex 9 -21 9
      vertex 9.012038183319508 -20.7549571491761 9
    endloop
  endfacet
  facet normal -0.8032075314806423 -0.5956993044924368 0
    outer loop
      vertex 9.421325969243636 -22.388925582549007 3
      vertex 9.567473866593158 -22.585983210409115 9
      vertex 9.421325969243636 -22.388925582549007 9
    endloop
  endfacet
  facet normal -0.6715589548470197 -0.7409511253549579 0
    outer loop
      vertex 9.732233047033631 -22.76776695296637 3
      vertex 9.914016789590885 -22.932526133406842 9
      vertex 9.732233047033631 -22.76776695296637 9
    endloop
  endfacet
  facet normal -0.7409511253549579 -0.6715589548470197 0
    outer loop
      vertex 9.567473866593158 -22.585983210409115 3
      vertex 9.732233047033631 -22.76776695296637 9
      vertex 9.567473866593158 -22.585983210409115 9
    endloop
  endfacet
  facet normal -0.42755509343028575 -0.9039892931234416 0
    outer loop
      vertex 10.321508157935005 -23.20480316087089 3
      vertex 10.543291419087275 -23.30969883127822 9
      vertex 10.321508157935005 -23.20480316087089 9
    endloop
  endfacet
  facet normal -0.5956993044924334 -0.8032075314806449 0
    outer loop
      vertex 9.914016789590885 -22.932526133406842 3
      vertex 10.111074417450995 -23.078674030756364 9
      vertex 9.914016789590885 -22.932526133406842 9
    endloop
  endfacet
  facet normal -0.5141027441932231 -0.8577286100002712 0
    outer loop
      vertex 10.111074417450995 -23.078674030756364 3
      vertex 10.321508157935005 -23.20480316087089 9
      vertex 10.111074417450995 -23.078674030756364 9
    endloop
  endfacet
  facet normal -0.8577286100002751 -0.5141027441932168 0
    outer loop
      vertex 9.295196839129112 -22.178491842064993 3
      vertex 9.421325969243636 -22.388925582549007 9
      vertex 9.295196839129112 -22.178491842064993 9
    endloop
  endfacet
  facet normal -0.9039892931234432 -0.4275550934302827 0
    outer loop
      vertex 9.190301168721783 -21.956708580912725 3
      vertex 9.295196839129112 -22.178491842064993 9
      vertex 9.190301168721783 -21.956708580912725 9
    endloop
  endfacet
  facet normal 0 0 1
    outer loop
      vertex 9.107649160669478 -21.725711693136155 9
      vertex 9.190301168721783 -21.956708580912725 9
      vertex 9.107649160669478 -20.274288306863845 9
    endloop
  endfacet
  facet normal 0 0 1
    outer loop
      vertex 9.048036798991923 -21.48772580504032 9
      vertex 9.012038183319508 -20.7549571491761 9
      vertex 9.012038183319508 -21.2450428508239 9
    endloop
  endfacet
  facet normal 0 0 1
    outer loop
      vertex 9.107649160669478 -21.725711693136155 9
      vertex 9.048036798991923 -20.51227419495968 9
      vertex 9.048036798991923 -21.48772580504032 9
    endloop
  endfacet
  facet normal 0 0 1
    outer loop
      vertex 9.012038183319508 -21.2450428508239 9
      vertex 9.012038183319508 -20.7549571491761 9
      vertex 9 -21 9
    endloop
  endfacet
  facet normal 0 0 1
    outer loop
      vertex 9.048036798991923 -21.48772580504032 9
      vertex 9.048036798991923 -20.51227419495968 9
      vertex 9.012038183319508 -20.7549571491761 9
    endloop
  endfacet
  facet normal 0 0 1
    outer loop
      vertex 9.107649160669478 -21.725711693136155 9
      vertex 9.107649160669478 -20.274288306863845 9
      vertex 9.048036798991923 -20.51227419495968 9
    endloop
  endfacet
  facet normal 0 0 1
    outer loop
      vertex 9.190301168721783 -21.956708580912725 9
      vertex 9.190301168721783 -20.043291419087275 9
      vertex 9.107649160669478 -20.274288306863845 9
    endloop
  endfacet
  facet normal 0 0 1
    outer loop
      vertex 10.321508157935005 -23.20480316087089 9
      vertex 10.543291419087275 -23.30969883127822 9
      vertex 10.421136191556446 -21.21459935421774 9
    endloop
  endfacet
  facet normal 0 0 1
    outer loop
      vertex 9.421325969243636 -22.388925582549007 9
      vertex 9.567473866593158 -22.585983210409115 9
      vertex 9.421325969243636 -19.611074417450993 9
    endloop
  endfacet
  facet normal 0 0 1
    outer loop
      vertex 9.567473866593158 -22.585983210409115 9
      vertex 9.732233047033631 -22.76776695296637 9
      vertex 9.567473866593158 -19.414016789590885 9
    endloop
  endfacet
  facet normal 0 0 1
    outer loop
      vertex 9.732233047033631 -22.76776695296637 9
      vertex 9.914016789590885 -22.932526133406842 9
      vertex 9.732233047033631 -19.23223304703363 9
    endloop
  endfacet
  facet normal 0 0 1
    outer loop
      vertex 9.295196839129112 -22.178491842064993 9
      vertex 9.190301168721783 -20.043291419087275 9
      vertex 9.190301168721783 -21.956708580912725 9
    endloop
  endfacet
  facet normal 0 0 1
    outer loop
      vertex 9.421325969243636 -22.388925582549007 9
      vertex 9.295196839129112 -19.821508157935007 9
      vertex 9.295196839129112 -22.178491842064993 9
    endloop
  endfacet
  facet normal 0 0 1
    outer loop
      vertex 9.295196839129112 -22.178491842064993 9
      vertex 9.295196839129112 -19.821508157935007 9
      vertex 9.190301168721783 -20.043291419087275 9
    endloop
  endfacet
  facet normal 0 0 1
    outer loop
      vertex 9.914016789590885 -22.932526133406842 9
      vertex 10.111074417450995 -23.078674030756364 9
      vertex 9.914016789590885 -19.067473866593158 9
    endloop
  endfacet
  facet normal 0 0 1
    outer loop
      vertex 10.543291419087275 -23.30969883127822 9
      vertex 10.483732514237584 -21.420951775601598 9
      vertex 10.44736563069457 -21.31931314497991 9
    endloop
  endfacet
  facet normal 0 0 1
    outer loop
      vertex 10.543291419087275 -23.30969883127822 9
      vertex 10.44736563069457 -21.31931314497991 9
      vertex 10.421136191556446 -21.21459935421774 9
    endloop
  endfacet
  facet normal 0 0 1
    outer loop
      vertex 10.321508157935005 -23.20480316087089 9
      vertex 10.111074417450995 -18.921325969243636 9
      vertex 10.111074417450995 -23.078674030756364 9
    endloop
  endfacet
  facet normal 0 0 1
    outer loop
      vertex 10.321508157935005 -23.20480316087089 9
      vertex 10.421136191556446 -21.21459935421774 9
      vertex 10.405296800660583 -21.107818854362517 9
    endloop
  endfacet
  facet normal 0 0 1
    outer loop
      vertex 10.321508157935005 -23.20480316087089 9
      vertex 10.405296800660583 -21.107818854362517 9
      vertex 10.4 -21 9
    endloop
  endfacet
  facet normal 0 0 1
    outer loop
      vertex 10.321508157935005 -23.20480316087089 9
      vertex 10.4 -21 9
      vertex 10.321508157935005 -18.79519683912911 9
    endloop
  endfacet
  facet normal -0.9891765099647815 0.1467304744553588 0
    outer loop
      vertex 9.048036798991923 -20.51227419495968 3
      vertex 9.012038183319508 -20.7549571491761 9
      vertex 9.048036798991923 -20.51227419495968 9
    endloop
  endfacet
  facet normal -0.9700312531945429 0.24298017990326795 0
    outer loop
      vertex 9.107649160669478 -20.274288306863845 3
      vertex 9.048036798991923 -20.51227419495968 9
      vertex 9.107649160669478 -20.274288306863845 9
    endloop
  endfacet
  facet normal -0.9415440651830217 0.3368898533922174 0
    outer loop
      vertex 9.190301168721783 -20.043291419087275 3
      vertex 9.107649160669478 -20.274288306863845 9
      vertex 9.190301168721783 -20.043291419087275 9
    endloop
  endfacet
  facet normal -0.9039892931234432 0.4275550934302827 0
    outer loop
      vertex 9.295196839129112 -19.821508157935007 3
      vertex 9.190301168721783 -20.043291419087275 9
      vertex 9.295196839129112 -19.821508157935007 9
    endloop
  endfacet
  facet normal -0.8577286100002751 0.5141027441932168 0
    outer loop
      vertex 9.421325969243636 -19.611074417450993 3
      vertex 9.295196839129112 -19.821508157935007 9
      vertex 9.421325969243636 -19.611074417450993 9
    endloop
  endfacet
  facet normal -0.8032075314806423 0.5956993044924368 0
    outer loop
      vertex 9.567473866593158 -19.414016789590885 3
      vertex 9.421325969243636 -19.611074417450993 9
      vertex 9.567473866593158 -19.414016789590885 9
    endloop
  endfacet
  facet normal -0.7409511253549579 0.6715589548470197 0
    outer loop
      vertex 9.732233047033631 -19.23223304703363 3
      vertex 9.567473866593158 -19.414016789590885 9
      vertex 9.732233047033631 -19.23223304703363 9
    endloop
  endfacet
  facet normal -0.6715589548470197 0.7409511253549579 0
    outer loop
      vertex 9.914016789590885 -19.067473866593158 3
      vertex 9.732233047033631 -19.23223304703363 9
      vertex 9.914016789590885 -19.067473866593158 9
    endloop
  endfacet
  facet normal -0.5956993044924334 0.8032075314806449 0
    outer loop
      vertex 10.111074417450995 -18.921325969243636 3
      vertex 9.914016789590885 -19.067473866593158 9
      vertex 10.111074417450995 -18.921325969243636 9
    endloop
  endfacet
  facet normal -0.5141027441932231 0.8577286100002712 0
    outer loop
      vertex 10.321508157935005 -18.79519683912911 3
      vertex 10.111074417450995 -18.921325969243636 9
      vertex 10.321508157935005 -18.79519683912911 9
    endloop
  endfacet
  facet normal -0.42755509343028575 0.9039892931234416 0
    outer loop
      vertex 10.543291419087275 -18.69030116872178 3
      vertex 10.321508157935005 -18.79519683912911 9
      vertex 10.543291419087275 -18.69030116872178 9
    endloop
  endfacet
  facet normal 0 0 1
    outer loop
      vertex 9.421325969243636 -22.388925582549007 9
      vertex 9.421325969243636 -19.611074417450993 9
      vertex 9.295196839129112 -19.821508157935007 9
    endloop
  endfacet
  facet normal 0 0 1
    outer loop
      vertex 9.567473866593158 -22.585983210409115 9
      vertex 9.567473866593158 -19.414016789590885 9
      vertex 9.421325969243636 -19.611074417450993 9
    endloop
  endfacet
  facet normal 0 0 1
    outer loop
      vertex 9.732233047033631 -22.76776695296637 9
      vertex 9.732233047033631 -19.23223304703363 9
      vertex 9.567473866593158 -19.414016789590885 9
    endloop
  endfacet
  facet normal 0 0 1
    outer loop
      vertex 9.914016789590885 -22.932526133406842 9
      vertex 9.914016789590885 -19.067473866593158 9
      vertex 9.732233047033631 -19.23223304703363 9
    endloop
  endfacet
  facet normal 0 0 1
    outer loop
      vertex 10.111074417450995 -23.078674030756364 9
      vertex 10.111074417450995 -18.921325969243636 9
      vertex 9.914016789590885 -19.067473866593158 9
    endloop
  endfacet
  facet normal 0 0 1
    outer loop
      vertex 10.321508157935005 -23.20480316087089 9
      vertex 10.321508157935005 -18.79519683912911 9
      vertex 10.111074417450995 -18.921325969243636 9
    endloop
  endfacet
  facet normal 0 0 1
    outer loop
      vertex 10.321508157935005 -18.79519683912911 9
      vertex 10.4 -21 9
      vertex 10.405296800660583 -20.892181145637483 9
    endloop
  endfacet
  facet normal 0 0 1
    outer loop
      vertex 10.321508157935005 -18.79519683912911 9
      vertex 10.405296800660583 -20.892181145637483 9
      vertex 10.421136191556446 -20.78540064578226 9
    endloop
  endfacet
  facet normal 0 0 1
    outer loop
      vertex 10.321508157935005 -18.79519683912911 9
      vertex 10.421136191556446 -20.78540064578226 9
      vertex 10.44736563069457 -20.68068685502009 9
    endloop
  endfacet
  facet normal 0 0 1
    outer loop
      vertex 10.321508157935005 -18.79519683912911 9
      vertex 10.44736563069457 -20.68068685502009 9
      vertex 10.483732514237584 -20.579048224398402 9
    endloop
  endfacet
  facet normal 0 0 1
    outer loop
      vertex 10.321508157935005 -18.79519683912911 9
      vertex 10.483732514237584 -20.579048224398402 9
      vertex 10.52988660921681 -20.4814635894914 9
    endloop
  endfacet
  facet normal 0 0 1
    outer loop
      vertex 10.321508157935005 -18.79519683912911 9
      vertex 10.52988660921681 -20.4814635894914 9
      vertex 10.5853834264672 -20.388872743678437 9
    endloop
  endfacet
  facet normal 0 0 1
    outer loop
      vertex 10.321508157935005 -18.79519683912911 9
      vertex 10.5853834264672 -20.388872743678437 9
      vertex 10.543291419087275 -18.69030116872178 9
    endloop
  endfacet
  facet normal -0.336889853392211 -0.9415440651830241 1.0071100867579934e-18
    outer loop
      vertex 10.543291419087275 -23.30969883127822 3
      vertex 10.774288306863845 -23.392350839330522 3
      vertex 10.774288306863845 -23.392350839330522 9
    endloop
  endfacet
  facet normal -0.24298017990326795 -0.9700312531945429 8.221355052957312e-20
    outer loop
      vertex 10.774288306863845 -23.392350839330522 3
      vertex 11.01227419495968 -23.451963201008077 3
      vertex 11.01227419495968 -23.451963201008077 9
    endloop
  endfacet
  facet normal -0.14673047445535986 -0.9891765099647813 -2.791291424266645e-19
    outer loop
      vertex 11.01227419495968 -23.451963201008077 3
      vertex 11.254957149176098 -23.487961816680492 3
      vertex 11.254957149176098 -23.487961816680492 9
    endloop
  endfacet
  facet normal -0.049067674327417085 -0.9987954562051725 -9.58810661253428e-20
    outer loop
      vertex 11.254957149176098 -23.487961816680492 3
      vertex 11.5 -23.5 3
      vertex 11.5 -23.5 9
    endloop
  endfacet
  facet normal 0.049067674327417085 -0.9987954562051725 9.58810661253428e-20
    outer loop
      vertex 11.5 -23.5 3
      vertex 11.745042850823902 -23.487961816680492 3
      vertex 11.745042850823902 -23.487961816680492 9
    endloop
  endfacet
  facet normal 0.14673047445535986 -0.9891765099647813 2.791291424266645e-19
    outer loop
      vertex 11.745042850823902 -23.487961816680492 3
      vertex 11.98772580504032 -23.451963201008077 3
      vertex 11.98772580504032 -23.451963201008077 9
    endloop
  endfacet
  facet normal 0.24298017990326795 -0.9700312531945429 -8.221355052957312e-20
    outer loop
      vertex 11.98772580504032 -23.451963201008077 3
      vertex 12.225711693136155 -23.392350839330522 3
      vertex 12.225711693136155 -23.392350839330522 9
    endloop
  endfacet
  facet normal 0.336889853392211 -0.9415440651830241 -1.0071100867579934e-18
    outer loop
      vertex 12.225711693136155 -23.392350839330522 3
      vertex 12.456708580912725 -23.30969883127822 3
      vertex 12.456708580912725 -23.30969883127822 9
    endloop
  endfacet
  facet normal 0.42755509343028575 -0.9039892931234416 -7.290513978459238e-19
    outer loop
      vertex 12.456708580912725 -23.30969883127822 3
      vertex 12.678491842064995 -23.20480316087089 3
      vertex 12.678491842064995 -23.20480316087089 9
    endloop
  endfacet
  facet normal 0.5141027441932231 -0.8577286100002712 1.2983034057417517e-19
    outer loop
      vertex 12.678491842064995 -23.20480316087089 3
      vertex 12.888925582549005 -23.078674030756364 3
      vertex 12.888925582549005 -23.078674030756364 9
    endloop
  endfacet
  facet normal 0.5956993044924334 -0.8032075314806449 -8.099151560291748e-19
    outer loop
      vertex 12.888925582549005 -23.078674030756364 3
      vertex 13.085983210409115 -22.932526133406842 3
      vertex 13.085983210409115 -22.932526133406842 9
    endloop
  endfacet
  facet normal 0.6715589548470197 -0.7409511253549579 -1.27685549299383e-19
    outer loop
      vertex 13.085983210409115 -22.932526133406842 3
      vertex 13.267766952966369 -22.76776695296637 3
      vertex 13.267766952966369 -22.76776695296637 9
    endloop
  endfacet
  facet normal 0.7409511253549579 -0.6715589548470197 -1.27685549299383e-19
    outer loop
      vertex 13.267766952966369 -22.76776695296637 3
      vertex 13.432526133406842 -22.585983210409115 3
      vertex 13.432526133406842 -22.585983210409115 9
    endloop
  endfacet
  facet normal 0.8032075314806423 -0.5956993044924368 -4.038743264164043e-19
    outer loop
      vertex 13.432526133406842 -22.585983210409115 3
      vertex 13.578674030756364 -22.388925582549007 3
      vertex 13.578674030756364 -22.388925582549007 9
    endloop
  endfacet
  facet normal 0.8577286100002751 -0.5141027441932168 4.980490361422891e-19
    outer loop
      vertex 13.578674030756364 -22.388925582549007 3
      vertex 13.704803160870888 -22.178491842064993 3
      vertex 13.704803160870888 -22.178491842064993 9
    endloop
  endfacet
  facet normal 0.9039892931234432 -0.4275550934302827 1.0159763280164506e-18
    outer loop
      vertex 13.704803160870888 -22.178491842064993 3
      vertex 13.809698831278217 -21.956708580912725 3
      vertex 13.809698831278217 -21.956708580912725 9
    endloop
  endfacet
  facet normal 0.9415440651830217 -0.3368898533922174 -3.6978543638821715e-19
    outer loop
      vertex 13.809698831278217 -21.956708580912725 3
      vertex 13.892350839330522 -21.725711693136155 3
      vertex 13.892350839330522 -21.725711693136155 9
    endloop
  endfacet
  facet normal 0.9700312531945429 -0.24298017990326795 -8.221355052957312e-20
    outer loop
      vertex 13.892350839330522 -21.725711693136155 3
      vertex 13.951963201008077 -21.48772580504032 3
      vertex 13.951963201008077 -21.48772580504032 9
    endloop
  endfacet
  facet normal 0.9891765099647815 -0.1467304744553588 1.1718854659098017e-19
    outer loop
      vertex 13.951963201008077 -21.48772580504032 3
      vertex 13.987961816680492 -21.2450428508239 3
      vertex 13.987961816680492 -21.2450428508239 9
    endloop
  endfacet
  facet normal 0.9987954562051725 -0.04906767432741744 5.022407019195139e-21
    outer loop
      vertex 13.987961816680492 -21.2450428508239 3
      vertex 14 -21 3
      vertex 14 -21 9
    endloop
  endfacet
  facet normal 0.9987954562051725 0.04906767432741744 -5.022407019195139e-21
    outer loop
      vertex 14 -21 3
      vertex 13.987961816680492 -20.7549571491761 3
      vertex 13.987961816680492 -20.7549571491761 9
    endloop
  endfacet
  facet normal -0.336889853392211 0.9415440651830241 0
    outer loop
      vertex 10.543291419087275 -18.69030116872178 3
      vertex 10.543291419087275 -18.69030116872178 9
      vertex 10.774288306863845 -18.607649160669478 3
    endloop
  endfacet
  facet normal -0.24298017990326795 0.9700312531945429 0
    outer loop
      vertex 10.774288306863845 -18.607649160669478 3
      vertex 10.774288306863845 -18.607649160669478 9
      vertex 11.01227419495968 -18.548036798991923 3
    endloop
  endfacet
  facet normal -0.14673047445535986 0.9891765099647813 0
    outer loop
      vertex 11.01227419495968 -18.548036798991923 3
      vertex 11.01227419495968 -18.548036798991923 9
      vertex 11.254957149176098 -18.512038183319508 3
    endloop
  endfacet
  facet normal -0.049067674327417085 0.9987954562051725 0
    outer loop
      vertex 11.254957149176098 -18.512038183319508 3
      vertex 11.254957149176098 -18.512038183319508 9
      vertex 11.5 -18.5 3
    endloop
  endfacet
  facet normal 0.049067674327417085 0.9987954562051725 0
    outer loop
      vertex 11.5 -18.5 3
      vertex 11.5 -18.5 9
      vertex 11.745042850823902 -18.512038183319508 3
    endloop
  endfacet
  facet normal 0.5956993044924334 0.8032075314806449 0
    outer loop
      vertex 12.888925582549005 -18.921325969243636 3
      vertex 12.888925582549005 -18.921325969243636 9
      vertex 13.085983210409115 -19.067473866593158 3
    endloop
  endfacet
  facet normal 0.14673047445535986 0.9891765099647813 0
    outer loop
      vertex 11.745042850823902 -18.512038183319508 3
      vertex 11.745042850823902 -18.512038183319508 9
      vertex 11.98772580504032 -18.548036798991923 3
    endloop
  endfacet
  facet normal 0.24298017990326795 0.9700312531945429 0
    outer loop
      vertex 11.98772580504032 -18.548036798991923 3
      vertex 11.98772580504032 -18.548036798991923 9
      vertex 12.225711693136155 -18.607649160669478 3
    endloop
  endfacet
  facet normal 0.336889853392211 0.9415440651830241 0
    outer loop
      vertex 12.225711693136155 -18.607649160669478 3
      vertex 12.225711693136155 -18.607649160669478 9
      vertex 12.456708580912725 -18.69030116872178 3
    endloop
  endfacet
  facet normal 0.42755509343028575 0.9039892931234416 0
    outer loop
      vertex 12.456708580912725 -18.69030116872178 3
      vertex 12.456708580912725 -18.69030116872178 9
      vertex 12.678491842064995 -18.79519683912911 3
    endloop
  endfacet
  facet normal 0.5141027441932231 0.8577286100002712 -1.2983034057417517e-19
    outer loop
      vertex 12.888925582549005 -18.921325969243636 3
      vertex 12.678491842064995 -18.79519683912911 3
      vertex 12.678491842064995 -18.79519683912911 9
    endloop
  endfacet
  facet normal 0.9039892931234432 0.4275550934302827 0
    outer loop
      vertex 13.704803160870888 -19.821508157935007 3
      vertex 13.704803160870888 -19.821508157935007 9
      vertex 13.809698831278217 -20.043291419087275 3
    endloop
  endfacet
  facet normal 0.6715589548470197 0.7409511253549579 0
    outer loop
      vertex 13.085983210409115 -19.067473866593158 3
      vertex 13.085983210409115 -19.067473866593158 9
      vertex 13.267766952966369 -19.23223304703363 3
    endloop
  endfacet
  facet normal 0.7409511253549579 0.6715589548470197 1.27685549299383e-19
    outer loop
      vertex 13.432526133406842 -19.414016789590885 3
      vertex 13.267766952966369 -19.23223304703363 3
      vertex 13.267766952966369 -19.23223304703363 9
    endloop
  endfacet
  facet normal 0.8032075314806423 0.5956993044924368 0
    outer loop
      vertex 13.432526133406842 -19.414016789590885 3
      vertex 13.432526133406842 -19.414016789590885 9
      vertex 13.578674030756364 -19.611074417450993 3
    endloop
  endfacet
  facet normal 0.8577286100002751 0.5141027441932168 -4.980490361422891e-19
    outer loop
      vertex 13.704803160870888 -19.821508157935007 3
      vertex 13.578674030756364 -19.611074417450993 3
      vertex 13.578674030756364 -19.611074417450993 9
    endloop
  endfacet
  facet normal 0.9700312531945429 0.24298017990326795 0
    outer loop
      vertex 13.892350839330522 -20.274288306863845 3
      vertex 13.892350839330522 -20.274288306863845 9
      vertex 13.951963201008077 -20.51227419495968 3
    endloop
  endfacet
  facet normal 0.9891765099647815 0.1467304744553588 -1.1718854659098017e-19
    outer loop
      vertex 13.987961816680492 -20.7549571491761 3
      vertex 13.951963201008077 -20.51227419495968 3
      vertex 13.951963201008077 -20.51227419495968 9
    endloop
  endfacet
  facet normal 0.9415440651830217 0.3368898533922174 3.6978543638821715e-19
    outer loop
      vertex 13.892350839330522 -20.274288306863845 3
      vertex 13.809698831278217 -20.043291419087275 3
      vertex 13.809698831278217 -20.043291419087275 9
    endloop
  endfacet
  facet normal -0.336889853392211 -0.9415440651830241 0
    outer loop
      vertex 10.543291419087275 -23.30969883127822 3
      vertex 10.774288306863845 -23.392350839330522 9
      vertex 10.543291419087275 -23.30969883127822 9
    endloop
  endfacet
  facet normal -0.24298017990326795 -0.9700312531945429 0
    outer loop
      vertex 10.774288306863845 -23.392350839330522 3
      vertex 11.01227419495968 -23.451963201008077 9
      vertex 10.774288306863845 -23.392350839330522 9
    endloop
  endfacet
  facet normal -0.14673047445535986 -0.9891765099647813 0
    outer loop
      vertex 11.01227419495968 -23.451963201008077 3
      vertex 11.254957149176098 -23.487961816680492 9
      vertex 11.01227419495968 -23.451963201008077 9
    endloop
  endfacet
  facet normal -0.049067674327417085 -0.9987954562051725 0
    outer loop
      vertex 11.254957149176098 -23.487961816680492 3
      vertex 11.5 -23.5 9
      vertex 11.254957149176098 -23.487961816680492 9
    endloop
  endfacet
  facet normal 0.049067674327417085 -0.9987954562051725 0
    outer loop
      vertex 11.5 -23.5 3
      vertex 11.745042850823902 -23.487961816680492 9
      vertex 11.5 -23.5 9
    endloop
  endfacet
  facet normal 0.14673047445535986 -0.9891765099647813 0
    outer loop
      vertex 11.745042850823902 -23.487961816680492 3
      vertex 11.98772580504032 -23.451963201008077 9
      vertex 11.745042850823902 -23.487961816680492 9
    endloop
  endfacet
  facet normal 0.24298017990326795 -0.9700312531945429 0
    outer loop
      vertex 11.98772580504032 -23.451963201008077 3
      vertex 12.225711693136155 -23.392350839330522 9
      vertex 11.98772580504032 -23.451963201008077 9
    endloop
  endfacet
  facet normal 0.336889853392211 -0.9415440651830241 0
    outer loop
      vertex 12.225711693136155 -23.392350839330522 3
      vertex 12.456708580912725 -23.30969883127822 9
      vertex 12.225711693136155 -23.392350839330522 9
    endloop
  endfacet
  facet normal 0.42755509343028575 -0.9039892931234416 0
    outer loop
      vertex 12.456708580912725 -23.30969883127822 3
      vertex 12.678491842064995 -23.20480316087089 9
      vertex 12.456708580912725 -23.30969883127822 9
    endloop
  endfacet
  facet normal 0.5141027441932231 -0.8577286100002712 0
    outer loop
      vertex 12.678491842064995 -23.20480316087089 3
      vertex 12.888925582549005 -23.078674030756364 9
      vertex 12.678491842064995 -23.20480316087089 9
    endloop
  endfacet
  facet normal 0.5956993044924334 -0.8032075314806449 0
    outer loop
      vertex 12.888925582549005 -23.078674030756364 3
      vertex 13.085983210409115 -22.932526133406842 9
      vertex 12.888925582549005 -23.078674030756364 9
    endloop
  endfacet
  facet normal 0.6715589548470197 -0.7409511253549579 0
    outer loop
      vertex 13.085983210409115 -22.932526133406842 3
      vertex 13.267766952966369 -22.76776695296637 9
      vertex 13.085983210409115 -22.932526133406842 9
    endloop
  endfacet
  facet normal 0.7409511253549579 -0.6715589548470197 0
    outer loop
      vertex 13.267766952966369 -22.76776695296637 3
      vertex 13.432526133406842 -22.585983210409115 9
      vertex 13.267766952966369 -22.76776695296637 9
    endloop
  endfacet
  facet normal 0.8032075314806423 -0.5956993044924368 0
    outer loop
      vertex 13.432526133406842 -22.585983210409115 3
      vertex 13.578674030756364 -22.388925582549007 9
      vertex 13.432526133406842 -22.585983210409115 9
    endloop
  endfacet
  facet normal 0.8577286100002751 -0.5141027441932168 0
    outer loop
      vertex 13.578674030756364 -22.388925582549007 3
      vertex 13.704803160870888 -22.178491842064993 9
      vertex 13.578674030756364 -22.388925582549007 9
    endloop
  endfacet
  facet normal 0.9039892931234432 -0.4275550934302827 0
    outer loop
      vertex 13.704803160870888 -22.178491842064993 3
      vertex 13.809698831278217 -21.956708580912725 9
      vertex 13.704803160870888 -22.178491842064993 9
    endloop
  endfacet
  facet normal 0.9415440651830217 -0.3368898533922174 0
    outer loop
      vertex 13.809698831278217 -21.956708580912725 3
      vertex 13.892350839330522 -21.725711693136155 9
      vertex 13.809698831278217 -21.956708580912725 9
    endloop
  endfacet
  facet normal 0.9700312531945429 -0.24298017990326795 0
    outer loop
      vertex 13.892350839330522 -21.725711693136155 3
      vertex 13.951963201008077 -21.48772580504032 9
      vertex 13.892350839330522 -21.725711693136155 9
    endloop
  endfacet
  facet normal 0.9891765099647815 -0.1467304744553588 0
    outer loop
      vertex 13.951963201008077 -21.48772580504032 3
      vertex 13.987961816680492 -21.2450428508239 9
      vertex 13.951963201008077 -21.48772580504032 9
    endloop
  endfacet
  facet normal 0.9987954562051725 -0.04906767432741744 0
    outer loop
      vertex 13.987961816680492 -21.2450428508239 3
      vertex 14 -21 9
      vertex 13.987961816680492 -21.2450428508239 9
    endloop
  endfacet
  facet normal 0.9987954562051725 0.04906767432741744 0
    outer loop
      vertex 14 -21 3
      vertex 13.987961816680492 -20.7549571491761 9
      vertex 14 -21 9
    endloop
  endfacet
  facet normal 0.9891765099647815 0.1467304744553588 0
    outer loop
      vertex 13.987961816680492 -20.7549571491761 3
      vertex 13.951963201008077 -20.51227419495968 9
      vertex 13.987961816680492 -20.7549571491761 9
    endloop
  endfacet
  facet normal 0 0 1
    outer loop
      vertex 10.543291419087275 -23.30969883127822 9
      vertex 10.774288306863845 -23.392350839330522 9
      vertex 10.64968850130099 -21.69783261258001 9
    endloop
  endfacet
  facet normal 0 0 1
    outer loop
      vertex 10.774288306863845 -23.392350839330522 9
      vertex 10.888872743678437 -21.9146165735328 9
      vertex 10.80216738741999 -21.85031149869901 9
    endloop
  endfacet
  facet normal 0 0 1
    outer loop
      vertex 10.774288306863845 -23.392350839330522 9
      vertex 11.01227419495968 -23.451963201008077 9
      vertex 10.888872743678437 -21.9146165735328 9
    endloop
  endfacet
  facet normal 0 0 1
    outer loop
      vertex 11.01227419495968 -23.451963201008077 9
      vertex 11.254957149176098 -23.487961816680492 9
      vertex 11.180686855020092 -22.05263436930543 9
    endloop
  endfacet
  facet normal 0 0 1
    outer loop
      vertex 11.01227419495968 -23.451963201008077 9
      vertex 10.981463589491403 -21.97011339078319 9
      vertex 10.888872743678437 -21.9146165735328 9
    endloop
  endfacet
  facet normal 0 0 1
    outer loop
      vertex 11.01227419495968 -23.451963201008077 9
      vertex 11.0790482243984 -22.016267485762416 9
      vertex 10.981463589491403 -21.97011339078319 9
    endloop
  endfacet
  facet normal 0 0 1
    outer loop
      vertex 11.01227419495968 -23.451963201008077 9
      vertex 11.180686855020092 -22.05263436930543 9
      vertex 11.0790482243984 -22.016267485762416 9
    endloop
  endfacet
  facet normal 0 0 1
    outer loop
      vertex 11.254957149176098 -23.487961816680492 9
      vertex 11.5 -23.5 9
      vertex 11.392181145637483 -22.094703199339417 9
    endloop
  endfacet
  facet normal 0 0 1
    outer loop
      vertex 11.254957149176098 -23.487961816680492 9
      vertex 11.285400645782259 -22.078863808443554 9
      vertex 11.180686855020092 -22.05263436930543 9
    endloop
  endfacet
  facet normal 0 0 1
    outer loop
      vertex 11.254957149176098 -23.487961816680492 9
      vertex 11.392181145637483 -22.094703199339417 9
      vertex 11.285400645782259 -22.078863808443554 9
    endloop
  endfacet
  facet normal 0 0 1
    outer loop
      vertex 11.5 -23.5 9
      vertex 11.5 -22.1 9
      vertex 11.392181145637483 -22.094703199339417 9
    endloop
  endfacet
  facet normal 0 0 1
    outer loop
      vertex 11.5 -23.5 9
      vertex 11.745042850823902 -23.487961816680492 9
      vertex 11.607818854362517 -22.094703199339417 9
    endloop
  endfacet
  facet normal 0 0 1
    outer loop
      vertex 11.5 -23.5 9
      vertex 11.607818854362517 -22.094703199339417 9
      vertex 11.5 -22.1 9
    endloop
  endfacet
  facet normal 0 0 1
    outer loop
      vertex 11.745042850823902 -23.487961816680492 9
      vertex 11.714599354217741 -22.078863808443554 9
      vertex 11.607818854362517 -22.094703199339417 9
    endloop
  endfacet
  facet normal 0 0 1
    outer loop
      vertex 10.543291419087275 -23.30969883127822 9
      vertex 10.5853834264672 -21.611127256321563 9
      vertex 10.52988660921681 -21.5185364105086 9
    endloop
  endfacet
  facet normal 0 0 1
    outer loop
      vertex 10.543291419087275 -23.30969883127822 9
      vertex 10.64968850130099 -21.69783261258001 9
      vertex 10.5853834264672 -21.611127256321563 9
    endloop
  endfacet
  facet normal 0 0 1
    outer loop
      vertex 10.543291419087275 -23.30969883127822 9
      vertex 10.52988660921681 -21.5185364105086 9
      vertex 10.483732514237584 -21.420951775601598 9
    endloop
  endfacet
  facet normal 0 0 1
    outer loop
      vertex 10.774288306863845 -23.392350839330522 9
      vertex 10.722182540694797 -21.7778174593052 9
      vertex 10.64968850130099 -21.69783261258001 9
    endloop
  endfacet
  facet normal 0 0 1
    outer loop
      vertex 10.774288306863845 -23.392350839330522 9
      vertex 10.80216738741999 -21.85031149869901 9
      vertex 10.722182540694797 -21.7778174593052 9
    endloop
  endfacet
  facet normal 0 0 1
    outer loop
      vertex 11.745042850823902 -23.487961816680492 9
      vertex 11.98772580504032 -23.451963201008077 9
      vertex 11.714599354217741 -22.078863808443554 9
    endloop
  endfacet
  facet normal 0 0 1
    outer loop
      vertex 11.98772580504032 -23.451963201008077 9
      vertex 12.225711693136155 -23.392350839330522 9
      vertex 11.9209517756016 -22.016267485762416 9
    endloop
  endfacet
  facet normal 0 0 1
    outer loop
      vertex 11.98772580504032 -23.451963201008077 9
      vertex 11.819313144979908 -22.05263436930543 9
      vertex 11.714599354217741 -22.078863808443554 9
    endloop
  endfacet
  facet normal 0 0 1
    outer loop
      vertex 11.98772580504032 -23.451963201008077 9
      vertex 11.9209517756016 -22.016267485762416 9
      vertex 11.819313144979908 -22.05263436930543 9
    endloop
  endfacet
  facet normal 0 0 1
    outer loop
      vertex 12.225711693136155 -23.392350839330522 9
      vertex 12.018536410508597 -21.97011339078319 9
      vertex 11.9209517756016 -22.016267485762416 9
    endloop
  endfacet
  facet normal 0 0 1
    outer loop
      vertex 12.225711693136155 -23.392350839330522 9
      vertex 12.111127256321563 -21.9146165735328 9
      vertex 12.018536410508597 -21.97011339078319 9
    endloop
  endfacet
  facet normal 0 0 1
    outer loop
      vertex 12.225711693136155 -23.392350839330522 9
      vertex 12.456708580912725 -23.30969883127822 9
      vertex 12.19783261258001 -21.85031149869901 9
    endloop
  endfacet
  facet normal 0 0 1
    outer loop
      vertex 12.225711693136155 -23.392350839330522 9
      vertex 12.19783261258001 -21.85031149869901 9
      vertex 12.111127256321563 -21.9146165735328 9
    endloop
  endfacet
  facet normal 0 0 1
    outer loop
      vertex 12.456708580912725 -23.30969883127822 9
      vertex 12.678491842064995 -23.20480316087089 9
      vertex 12.4146165735328 -21.611127256321563 9
    endloop
  endfacet
  facet normal 0 0 1
    outer loop
      vertex 12.456708580912725 -23.30969883127822 9
      vertex 12.277817459305203 -21.7778174593052 9
      vertex 12.19783261258001 -21.85031149869901 9
    endloop
  endfacet
  facet normal 0 0 1
    outer loop
      vertex 12.456708580912725 -23.30969883127822 9
      vertex 12.35031149869901 -21.69783261258001 9
      vertex 12.277817459305203 -21.7778174593052 9
    endloop
  endfacet
  facet normal 0 0 1
    outer loop
      vertex 12.456708580912725 -23.30969883127822 9
      vertex 12.4146165735328 -21.611127256321563 9
      vertex 12.35031149869901 -21.69783261258001 9
    endloop
  endfacet
  facet normal 0 0 1
    outer loop
      vertex 12.678491842064995 -23.20480316087089 9
      vertex 12.47011339078319 -21.5185364105086 9
      vertex 12.4146165735328 -21.611127256321563 9
    endloop
  endfacet
  facet normal 0 0 1
    outer loop
      vertex 12.678491842064995 -23.20480316087089 9
      vertex 12.516267485762416 -21.420951775601598 9
      vertex 12.47011339078319 -21.5185364105086 9
    endloop
  endfacet
  facet normal 0 0 1
    outer loop
      vertex 12.678491842064995 -23.20480316087089 9
      vertex 12.55263436930543 -21.31931314497991 9
      vertex 12.516267485762416 -21.420951775601598 9
    endloop
  endfacet
  facet normal 0 0 1
    outer loop
      vertex 12.678491842064995 -23.20480316087089 9
      vertex 12.578863808443554 -21.21459935421774 9
      vertex 12.55263436930543 -21.31931314497991 9
    endloop
  endfacet
  facet normal 0 0 1
    outer loop
      vertex 12.678491842064995 -23.20480316087089 9
      vertex 12.594703199339417 -21.107818854362517 9
      vertex 12.578863808443554 -21.21459935421774 9
    endloop
  endfacet
  facet normal 0 0 1
    outer loop
      vertex 12.678491842064995 -23.20480316087089 9
      vertex 12.6 -21 9
      vertex 12.594703199339417 -21.107818854362517 9
    endloop
  endfacet
  facet normal 0 0 1
    outer loop
      vertex 12.678491842064995 -23.20480316087089 9
      vertex 12.888925582549005 -23.078674030756364 9
      vertex 12.678491842064995 -18.79519683912911 9
    endloop
  endfacet
  facet normal 0 0 1
    outer loop
      vertex 12.888925582549005 -23.078674030756364 9
      vertex 13.085983210409115 -22.932526133406842 9
      vertex 12.888925582549005 -18.921325969243636 9
    endloop
  endfacet
  facet normal 0 0 1
    outer loop
      vertex 12.678491842064995 -23.20480316087089 9
      vertex 12.678491842064995 -18.79519683912911 9
      vertex 12.6 -21 9
    endloop
  endfacet
  facet normal 0 0 1
    outer loop
      vertex 13.085983210409115 -22.932526133406842 9
      vertex 13.267766952966369 -22.76776695296637 9
      vertex 13.085983210409115 -19.067473866593158 9
    endloop
  endfacet
  facet normal 0 0 1
    outer loop
      vertex 13.267766952966369 -22.76776695296637 9
      vertex 13.432526133406842 -22.585983210409115 9
      vertex 13.267766952966369 -19.23223304703363 9
    endloop
  endfacet
  facet normal 0 0 1
    outer loop
      vertex 13.432526133406842 -22.585983210409115 9
      vertex 13.578674030756364 -22.388925582549007 9
      vertex 13.432526133406842 -19.414016789590885 9
    endloop
  endfacet
  facet normal 0 0 1
    outer loop
      vertex 13.578674030756364 -22.388925582549007 9
      vertex 13.704803160870888 -22.178491842064993 9
      vertex 13.578674030756364 -19.611074417450993 9
    endloop
  endfacet
  facet normal 0 0 1
    outer loop
      vertex 13.704803160870888 -22.178491842064993 9
      vertex 13.809698831278217 -21.956708580912725 9
      vertex 13.704803160870888 -19.821508157935007 9
    endloop
  endfacet
  facet normal 0 0 1
    outer loop
      vertex 13.809698831278217 -21.956708580912725 9
      vertex 13.892350839330522 -21.725711693136155 9
      vertex 13.809698831278217 -20.043291419087275 9
    endloop
  endfacet
  facet normal 0 0 1
    outer loop
      vertex 13.892350839330522 -21.725711693136155 9
      vertex 13.951963201008077 -21.48772580504032 9
      vertex 13.892350839330522 -20.274288306863845 9
    endloop
  endfacet
  facet normal 0 0 1
    outer loop
      vertex 13.951963201008077 -21.48772580504032 9
      vertex 13.987961816680492 -21.2450428508239 9
      vertex 13.951963201008077 -20.51227419495968 9
    endloop
  endfacet
  facet normal 0 0 1
    outer loop
      vertex 13.951963201008077 -21.48772580504032 9
      vertex 13.951963201008077 -20.51227419495968 9
      vertex 13.892350839330522 -20.274288306863845 9
    endloop
  endfacet
  facet normal 0 0 1
    outer loop
      vertex 13.892350839330522 -21.725711693136155 9
      vertex 13.892350839330522 -20.274288306863845 9
      vertex 13.809698831278217 -20.043291419087275 9
    endloop
  endfacet
  facet normal 0 0 1
    outer loop
      vertex 13.987961816680492 -21.2450428508239 9
      vertex 14 -21 9
      vertex 13.987961816680492 -20.7549571491761 9
    endloop
  endfacet
  facet normal 0 0 1
    outer loop
      vertex 13.987961816680492 -21.2450428508239 9
      vertex 13.987961816680492 -20.7549571491761 9
      vertex 13.951963201008077 -20.51227419495968 9
    endloop
  endfacet
  facet normal -0.336889853392211 0.9415440651830241 0
    outer loop
      vertex 10.774288306863845 -18.607649160669478 3
      vertex 10.543291419087275 -18.69030116872178 9
      vertex 10.774288306863845 -18.607649160669478 9
    endloop
  endfacet
  facet normal -0.24298017990326795 0.9700312531945429 0
    outer loop
      vertex 11.01227419495968 -18.548036798991923 3
      vertex 10.774288306863845 -18.607649160669478 9
      vertex 11.01227419495968 -18.548036798991923 9
    endloop
  endfacet
  facet normal -0.14673047445535986 0.9891765099647813 0
    outer loop
      vertex 11.254957149176098 -18.512038183319508 3
      vertex 11.01227419495968 -18.548036798991923 9
      vertex 11.254957149176098 -18.512038183319508 9
    endloop
  endfacet
  facet normal -0.049067674327417085 0.9987954562051725 0
    outer loop
      vertex 11.5 -18.5 3
      vertex 11.254957149176098 -18.512038183319508 9
      vertex 11.5 -18.5 9
    endloop
  endfacet
  facet normal 0.049067674327417085 0.9987954562051725 0
    outer loop
      vertex 11.745042850823902 -18.512038183319508 3
      vertex 11.5 -18.5 9
      vertex 11.745042850823902 -18.512038183319508 9
    endloop
  endfacet
  facet normal 0.5956993044924334 0.8032075314806449 0
    outer loop
      vertex 13.085983210409115 -19.067473866593158 3
      vertex 12.888925582549005 -18.921325969243636 9
      vertex 13.085983210409115 -19.067473866593158 9
    endloop
  endfacet
  facet normal 0.14673047445535986 0.9891765099647813 0
    outer loop
      vertex 11.98772580504032 -18.548036798991923 3
      vertex 11.745042850823902 -18.512038183319508 9
      vertex 11.98772580504032 -18.548036798991923 9
    endloop
  endfacet
  facet normal 0.24298017990326795 0.9700312531945429 0
    outer loop
      vertex 12.225711693136155 -18.607649160669478 3
      vertex 11.98772580504032 -18.548036798991923 9
      vertex 12.225711693136155 -18.607649160669478 9
    endloop
  endfacet
  facet normal 0.336889853392211 0.9415440651830241 0
    outer loop
      vertex 12.456708580912725 -18.69030116872178 3
      vertex 12.225711693136155 -18.607649160669478 9
      vertex 12.456708580912725 -18.69030116872178 9
    endloop
  endfacet
  facet normal 0.42755509343028575 0.9039892931234416 0
    outer loop
      vertex 12.678491842064995 -18.79519683912911 3
      vertex 12.456708580912725 -18.69030116872178 9
      vertex 12.678491842064995 -18.79519683912911 9
    endloop
  endfacet
  facet normal 0.5141027441932231 0.8577286100002712 0
    outer loop
      vertex 12.888925582549005 -18.921325969243636 3
      vertex 12.678491842064995 -18.79519683912911 9
      vertex 12.888925582549005 -18.921325969243636 9
    endloop
  endfacet
  facet normal 0.9039892931234432 0.4275550934302827 0
    outer loop
      vertex 13.809698831278217 -20.043291419087275 3
      vertex 13.704803160870888 -19.821508157935007 9
      vertex 13.809698831278217 -20.043291419087275 9
    endloop
  endfacet
  facet normal 0.7409511253549579 0.6715589548470197 0
    outer loop
      vertex 13.432526133406842 -19.414016789590885 3
      vertex 13.267766952966369 -19.23223304703363 9
      vertex 13.432526133406842 -19.414016789590885 9
    endloop
  endfacet
  facet normal 0.6715589548470197 0.7409511253549579 0
    outer loop
      vertex 13.267766952966369 -19.23223304703363 3
      vertex 13.085983210409115 -19.067473866593158 9
      vertex 13.267766952966369 -19.23223304703363 9
    endloop
  endfacet
  facet normal 0.8032075314806423 0.5956993044924368 0
    outer loop
      vertex 13.578674030756364 -19.611074417450993 3
      vertex 13.432526133406842 -19.414016789590885 9
      vertex 13.578674030756364 -19.611074417450993 9
    endloop
  endfacet
  facet normal 0.8577286100002751 0.5141027441932168 0
    outer loop
      vertex 13.704803160870888 -19.821508157935007 3
      vertex 13.578674030756364 -19.611074417450993 9
      vertex 13.704803160870888 -19.821508157935007 9
    endloop
  endfacet
  facet normal 0.9700312531945429 0.24298017990326795 0
    outer loop
      vertex 13.951963201008077 -20.51227419495968 3
      vertex 13.892350839330522 -20.274288306863845 9
      vertex 13.951963201008077 -20.51227419495968 9
    endloop
  endfacet
  facet normal 0.9415440651830217 0.3368898533922174 0
    outer loop
      vertex 13.892350839330522 -20.274288306863845 3
      vertex 13.809698831278217 -20.043291419087275 9
      vertex 13.892350839330522 -20.274288306863845 9
    endloop
  endfacet
  facet normal 0 0 1
    outer loop
      vertex 10.543291419087275 -18.69030116872178 9
      vertex 10.5853834264672 -20.388872743678437 9
      vertex 10.64968850130099 -20.30216738741999 9
    endloop
  endfacet
  facet normal 0 0 1
    outer loop
      vertex 10.543291419087275 -18.69030116872178 9
      vertex 10.64968850130099 -20.30216738741999 9
      vertex 10.722182540694797 -20.2221825406948 9
    endloop
  endfacet
  facet normal 0 0 1
    outer loop
      vertex 10.543291419087275 -18.69030116872178 9
      vertex 10.722182540694797 -20.2221825406948 9
      vertex 10.80216738741999 -20.14968850130099 9
    endloop
  endfacet
  facet normal 0 0 1
    outer loop
      vertex 10.774288306863845 -18.607649160669478 9
      vertex 10.80216738741999 -20.14968850130099 9
      vertex 10.888872743678437 -20.0853834264672 9
    endloop
  endfacet
  facet normal 0 0 1
    outer loop
      vertex 10.543291419087275 -18.69030116872178 9
      vertex 10.80216738741999 -20.14968850130099 9
      vertex 10.774288306863845 -18.607649160669478 9
    endloop
  endfacet
  facet normal 0 0 1
    outer loop
      vertex 10.774288306863845 -18.607649160669478 9
      vertex 10.888872743678437 -20.0853834264672 9
      vertex 10.981463589491403 -20.02988660921681 9
    endloop
  endfacet
  facet normal 0 0 1
    outer loop
      vertex 10.774288306863845 -18.607649160669478 9
      vertex 10.981463589491403 -20.02988660921681 9
      vertex 11.0790482243984 -19.983732514237584 9
    endloop
  endfacet
  facet normal 0 0 1
    outer loop
      vertex 11.01227419495968 -18.548036798991923 9
      vertex 11.0790482243984 -19.983732514237584 9
      vertex 11.180686855020092 -19.94736563069457 9
    endloop
  endfacet
  facet normal 0 0 1
    outer loop
      vertex 10.774288306863845 -18.607649160669478 9
      vertex 11.0790482243984 -19.983732514237584 9
      vertex 11.01227419495968 -18.548036798991923 9
    endloop
  endfacet
  facet normal 0 0 1
    outer loop
      vertex 11.01227419495968 -18.548036798991923 9
      vertex 11.180686855020092 -19.94736563069457 9
      vertex 11.285400645782259 -19.921136191556446 9
    endloop
  endfacet
  facet normal 0 0 1
    outer loop
      vertex 11.254957149176098 -18.512038183319508 9
      vertex 11.285400645782259 -19.921136191556446 9
      vertex 11.392181145637483 -19.905296800660583 9
    endloop
  endfacet
  facet normal 0 0 1
    outer loop
      vertex 11.5 -18.5 9
      vertex 11.392181145637483 -19.905296800660583 9
      vertex 11.5 -19.9 9
    endloop
  endfacet
  facet normal 0 0 1
    outer loop
      vertex 11.01227419495968 -18.548036798991923 9
      vertex 11.285400645782259 -19.921136191556446 9
      vertex 11.254957149176098 -18.512038183319508 9
    endloop
  endfacet
  facet normal 0 0 1
    outer loop
      vertex 11.254957149176098 -18.512038183319508 9
      vertex 11.392181145637483 -19.905296800660583 9
      vertex 11.5 -18.5 9
    endloop
  endfacet
  facet normal 0 0 1
    outer loop
      vertex 11.5 -18.5 9
      vertex 11.5 -19.9 9
      vertex 11.607818854362517 -19.905296800660583 9
    endloop
  endfacet
  facet normal 0 0 1
    outer loop
      vertex 11.745042850823902 -18.512038183319508 9
      vertex 11.607818854362517 -19.905296800660583 9
      vertex 11.714599354217741 -19.921136191556446 9
    endloop
  endfacet
  facet normal 0 0 1
    outer loop
      vertex 11.745042850823902 -18.512038183319508 9
      vertex 11.714599354217741 -19.921136191556446 9
      vertex 11.819313144979908 -19.94736563069457 9
    endloop
  endfacet
  facet normal 0 0 1
    outer loop
      vertex 11.5 -18.5 9
      vertex 11.607818854362517 -19.905296800660583 9
      vertex 11.745042850823902 -18.512038183319508 9
    endloop
  endfacet
  facet normal 0 0 1
    outer loop
      vertex 12.456708580912725 -18.69030116872178 9
      vertex 12.35031149869901 -20.30216738741999 9
      vertex 12.4146165735328 -20.388872743678437 9
    endloop
  endfacet
  facet normal 0 0 1
    outer loop
      vertex 12.456708580912725 -18.69030116872178 9
      vertex 12.4146165735328 -20.388872743678437 9
      vertex 12.47011339078319 -20.4814635894914 9
    endloop
  endfacet
  facet normal 0 0 1
    outer loop
      vertex 11.98772580504032 -18.548036798991923 9
      vertex 11.819313144979908 -19.94736563069457 9
      vertex 11.9209517756016 -19.983732514237584 9
    endloop
  endfacet
  facet normal 0 0 1
    outer loop
      vertex 11.98772580504032 -18.548036798991923 9
      vertex 11.9209517756016 -19.983732514237584 9
      vertex 12.018536410508597 -20.02988660921681 9
    endloop
  endfacet
  facet normal 0 0 1
    outer loop
      vertex 11.98772580504032 -18.548036798991923 9
      vertex 12.018536410508597 -20.02988660921681 9
      vertex 12.111127256321563 -20.0853834264672 9
    endloop
  endfacet
  facet normal 0 0 1
    outer loop
      vertex 11.745042850823902 -18.512038183319508 9
      vertex 11.819313144979908 -19.94736563069457 9
      vertex 11.98772580504032 -18.548036798991923 9
    endloop
  endfacet
  facet normal 0 0 1
    outer loop
      vertex 11.98772580504032 -18.548036798991923 9
      vertex 12.111127256321563 -20.0853834264672 9
      vertex 12.225711693136155 -18.607649160669478 9
    endloop
  endfacet
  facet normal 0 0 1
    outer loop
      vertex 12.225711693136155 -18.607649160669478 9
      vertex 12.111127256321563 -20.0853834264672 9
      vertex 12.19783261258001 -20.14968850130099 9
    endloop
  endfacet
  facet normal 0 0 1
    outer loop
      vertex 12.225711693136155 -18.607649160669478 9
      vertex 12.19783261258001 -20.14968850130099 9
      vertex 12.277817459305203 -20.2221825406948 9
    endloop
  endfacet
  facet normal 0 0 1
    outer loop
      vertex 12.225711693136155 -18.607649160669478 9
      vertex 12.277817459305203 -20.2221825406948 9
      vertex 12.35031149869901 -20.30216738741999 9
    endloop
  endfacet
  facet normal 0 0 1
    outer loop
      vertex 12.225711693136155 -18.607649160669478 9
      vertex 12.35031149869901 -20.30216738741999 9
      vertex 12.456708580912725 -18.69030116872178 9
    endloop
  endfacet
  facet normal 0 0 1
    outer loop
      vertex 12.678491842064995 -18.79519683912911 9
      vertex 12.594703199339417 -20.892181145637483 9
      vertex 12.6 -21 9
    endloop
  endfacet
  facet normal 0 0 1
    outer loop
      vertex 12.456708580912725 -18.69030116872178 9
      vertex 12.516267485762416 -20.579048224398402 9
      vertex 12.55263436930543 -20.68068685502009 9
    endloop
  endfacet
  facet normal 0 0 1
    outer loop
      vertex 12.456708580912725 -18.69030116872178 9
      vertex 12.55263436930543 -20.68068685502009 9
      vertex 12.578863808443554 -20.78540064578226 9
    endloop
  endfacet
  facet normal 0 0 1
    outer loop
      vertex 12.678491842064995 -18.79519683912911 9
      vertex 12.578863808443554 -20.78540064578226 9
      vertex 12.594703199339417 -20.892181145637483 9
    endloop
  endfacet
  facet normal 0 0 1
    outer loop
      vertex 12.456708580912725 -18.69030116872178 9
      vertex 12.47011339078319 -20.4814635894914 9
      vertex 12.516267485762416 -20.579048224398402 9
    endloop
  endfacet
  facet normal 0 0 1
    outer loop
      vertex 12.888925582549005 -23.078674030756364 9
      vertex 12.888925582549005 -18.921325969243636 9
      vertex 12.678491842064995 -18.79519683912911 9
    endloop
  endfacet
  facet normal 0 0 1
    outer loop
      vertex 13.085983210409115 -22.932526133406842 9
      vertex 13.085983210409115 -19.067473866593158 9
      vertex 12.888925582549005 -18.921325969243636 9
    endloop
  endfacet
  facet normal 0 0 1
    outer loop
      vertex 12.456708580912725 -18.69030116872178 9
      vertex 12.578863808443554 -20.78540064578226 9
      vertex 12.678491842064995 -18.79519683912911 9
    endloop
  endfacet
  facet normal 0 0 1
    outer loop
      vertex 13.267766952966369 -22.76776695296637 9
      vertex 13.267766952966369 -19.23223304703363 9
      vertex 13.085983210409115 -19.067473866593158 9
    endloop
  endfacet
  facet normal 0 0 1
    outer loop
      vertex 13.432526133406842 -22.585983210409115 9
      vertex 13.432526133406842 -19.414016789590885 9
      vertex 13.267766952966369 -19.23223304703363 9
    endloop
  endfacet
  facet normal 0 0 1
    outer loop
      vertex 13.578674030756364 -22.388925582549007 9
      vertex 13.578674030756364 -19.611074417450993 9
      vertex 13.432526133406842 -19.414016789590885 9
    endloop
  endfacet
  facet normal 0 0 1
    outer loop
      vertex 13.704803160870888 -22.178491842064993 9
      vertex 13.704803160870888 -19.821508157935007 9
      vertex 13.578674030756364 -19.611074417450993 9
    endloop
  endfacet
  facet normal 0 0 1
    outer loop
      vertex 13.809698831278217 -21.956708580912725 9
      vertex 13.809698831278217 -20.043291419087275 9
      vertex 13.704803160870888 -19.821508157935007 9
    endloop
  endfacet
  facet normal -0.8032075314806423 -0.5956993044924368 4.038743264164043e-19
    outer loop
      vertex -13.578674030756364 -22.388925582549007 3
      vertex -13.432526133406842 -22.585983210409115 3
      vertex -13.432526133406842 -22.585983210409115 9
    endloop
  endfacet
  facet normal -0.6715589548470197 -0.7409511253549579 1.27685549299383e-19
    outer loop
      vertex -13.267766952966369 -22.76776695296637 3
      vertex -13.085983210409115 -22.932526133406842 3
      vertex -13.085983210409115 -22.932526133406842 9
    endloop
  endfacet
  facet normal -0.7409511253549579 -0.6715589548470197 1.27685549299383e-19
    outer loop
      vertex -13.432526133406842 -22.585983210409115 3
      vertex -13.267766952966369 -22.76776695296637 3
      vertex -13.267766952966369 -22.76776695296637 9
    endloop
  endfacet
  facet normal -0.9415440651830217 -0.3368898533922174 0
    outer loop
      vertex -13.809698831278217 -21.956708580912725 3
      vertex -13.809698831278217 -21.956708580912725 9
      vertex -13.892350839330522 -21.725711693136155 3
    endloop
  endfacet
  facet normal -0.9700312531945429 -0.24298017990326795 8.221355052957312e-20
    outer loop
      vertex -13.951963201008077 -21.48772580504032 3
      vertex -13.892350839330522 -21.725711693136155 3
      vertex -13.892350839330522 -21.725711693136155 9
    endloop
  endfacet
  facet normal -0.9891765099647815 -0.1467304744553588 0
    outer loop
      vertex -13.951963201008077 -21.48772580504032 3
      vertex -13.951963201008077 -21.48772580504032 9
      vertex -13.987961816680492 -21.2450428508239 3
    endloop
  endfacet
  facet normal -0.9987954562051725 -0.04906767432741744 0
    outer loop
      vertex -13.987961816680492 -21.2450428508239 3
      vertex -13.987961816680492 -21.2450428508239 9
      vertex -14 -21 3
    endloop
  endfacet
  facet normal -0.9987954562051725 0.04906767432741744 0
    outer loop
      vertex -14 -21 3
      vertex -14 -21 9
      vertex -13.987961816680492 -20.7549571491761 3
    endloop
  endfacet
  facet normal -0.9891765099647815 0.1467304744553588 0
    outer loop
      vertex -13.987961816680492 -20.7549571491761 3
      vertex -13.987961816680492 -20.7549571491761 9
      vertex -13.951963201008077 -20.51227419495968 3
    endloop
  endfacet
  facet normal -0.8577286100002751 -0.5141027441932168 0
    outer loop
      vertex -13.578674030756364 -22.388925582549007 3
      vertex -13.578674030756364 -22.388925582549007 9
      vertex -13.704803160870888 -22.178491842064993 3
    endloop
  endfacet
  facet normal -0.9039892931234432 -0.4275550934302827 -1.0159763280164506e-18
    outer loop
      vertex -13.809698831278217 -21.956708580912725 3
      vertex -13.704803160870888 -22.178491842064993 3
      vertex -13.704803160870888 -22.178491842064993 9
    endloop
  endfacet
  facet normal -0.42755509343028575 -0.9039892931234416 7.290513978459238e-19
    outer loop
      vertex -12.678491842064995 -23.20480316087089 3
      vertex -12.456708580912725 -23.30969883127822 3
      vertex -12.456708580912725 -23.30969883127822 9
    endloop
  endfacet
  facet normal -0.5956993044924334 -0.8032075314806449 8.099151560291748e-19
    outer loop
      vertex -13.085983210409115 -22.932526133406842 3
      vertex -12.888925582549005 -23.078674030756364 3
      vertex -12.888925582549005 -23.078674030756364 9
    endloop
  endfacet
  facet normal -0.5141027441932231 -0.8577286100002712 0
    outer loop
      vertex -12.678491842064995 -23.20480316087089 3
      vertex -12.678491842064995 -23.20480316087089 9
      vertex -12.888925582549005 -23.078674030756364 3
    endloop
  endfacet
  facet normal -0.336889853392211 -0.9415440651830241 1.0071100867579934e-18
    outer loop
      vertex -12.456708580912725 -23.30969883127822 3
      vertex -12.225711693136155 -23.392350839330522 3
      vertex -12.225711693136155 -23.392350839330522 9
    endloop
  endfacet
  facet normal -0.24298017990326795 -0.9700312531945429 8.221355052957312e-20
    outer loop
      vertex -12.225711693136155 -23.392350839330522 3
      vertex -11.98772580504032 -23.451963201008077 3
      vertex -11.98772580504032 -23.451963201008077 9
    endloop
  endfacet
  facet normal -0.14673047445535986 -0.9891765099647813 -2.791291424266645e-19
    outer loop
      vertex -11.98772580504032 -23.451963201008077 3
      vertex -11.745042850823902 -23.487961816680492 3
      vertex -11.745042850823902 -23.487961816680492 9
    endloop
  endfacet
  facet normal -0.049067674327417085 -0.9987954562051725 -9.58810661253428e-20
    outer loop
      vertex -11.745042850823902 -23.487961816680492 3
      vertex -11.5 -23.5 3
      vertex -11.5 -23.5 9
    endloop
  endfacet
  facet normal 0.049067674327417085 -0.9987954562051725 9.58810661253428e-20
    outer loop
      vertex -11.5 -23.5 3
      vertex -11.254957149176098 -23.487961816680492 3
      vertex -11.254957149176098 -23.487961816680492 9
    endloop
  endfacet
  facet normal 0.14673047445535986 -0.9891765099647813 2.791291424266645e-19
    outer loop
      vertex -11.254957149176098 -23.487961816680492 3
      vertex -11.01227419495968 -23.451963201008077 3
      vertex -11.01227419495968 -23.451963201008077 9
    endloop
  endfacet
  facet normal 0.24298017990326795 -0.9700312531945429 -8.221355052957312e-20
    outer loop
      vertex -11.01227419495968 -23.451963201008077 3
      vertex -10.774288306863845 -23.392350839330522 3
      vertex -10.774288306863845 -23.392350839330522 9
    endloop
  endfacet
  facet normal 0.336889853392211 -0.9415440651830241 -1.0071100867579934e-18
    outer loop
      vertex -10.774288306863845 -23.392350839330522 3
      vertex -10.543291419087275 -23.30969883127822 3
      vertex -10.543291419087275 -23.30969883127822 9
    endloop
  endfacet
  facet normal -0.9700312531945429 0.24298017990326795 0
    outer loop
      vertex -13.951963201008077 -20.51227419495968 3
      vertex -13.951963201008077 -20.51227419495968 9
      vertex -13.892350839330522 -20.274288306863845 3
    endloop
  endfacet
  facet normal -0.9415440651830217 0.3368898533922174 0
    outer loop
      vertex -13.892350839330522 -20.274288306863845 3
      vertex -13.892350839330522 -20.274288306863845 9
      vertex -13.809698831278217 -20.043291419087275 3
    endloop
  endfacet
  facet normal -0.9039892931234432 0.4275550934302827 0
    outer loop
      vertex -13.809698831278217 -20.043291419087275 3
      vertex -13.809698831278217 -20.043291419087275 9
      vertex -13.704803160870888 -19.821508157935007 3
    endloop
  endfacet
  facet normal -0.8577286100002751 0.5141027441932168 0
    outer loop
      vertex -13.704803160870888 -19.821508157935007 3
      vertex -13.704803160870888 -19.821508157935007 9
      vertex -13.578674030756364 -19.611074417450993 3
    endloop
  endfacet
  facet normal -0.8032075314806423 0.5956993044924368 0
    outer loop
      vertex -13.578674030756364 -19.611074417450993 3
      vertex -13.578674030756364 -19.611074417450993 9
      vertex -13.432526133406842 -19.414016789590885 3
    endloop
  endfacet
  facet normal -0.7409511253549579 0.6715589548470197 0
    outer loop
      vertex -13.432526133406842 -19.414016789590885 3
      vertex -13.432526133406842 -19.414016789590885 9
      vertex -13.267766952966369 -19.23223304703363 3
    endloop
  endfacet
  facet normal -0.6715589548470197 0.7409511253549579 0
    outer loop
      vertex -13.267766952966369 -19.23223304703363 3
      vertex -13.267766952966369 -19.23223304703363 9
      vertex -13.085983210409115 -19.067473866593158 3
    endloop
  endfacet
  facet normal -0.5956993044924334 0.8032075314806449 0
    outer loop
      vertex -13.085983210409115 -19.067473866593158 3
      vertex -13.085983210409115 -19.067473866593158 9
      vertex -12.888925582549005 -18.921325969243636 3
    endloop
  endfacet
  facet normal -0.5141027441932231 0.8577286100002712 0
    outer loop
      vertex -12.888925582549005 -18.921325969243636 3
      vertex -12.888925582549005 -18.921325969243636 9
      vertex -12.678491842064995 -18.79519683912911 3
    endloop
  endfacet
  facet normal -0.42755509343028575 0.9039892931234416 0
    outer loop
      vertex -12.678491842064995 -18.79519683912911 3
      vertex -12.678491842064995 -18.79519683912911 9
      vertex -12.456708580912725 -18.69030116872178 3
    endloop
  endfacet
  facet normal -0.336889853392211 0.9415440651830241 0
    outer loop
      vertex -12.456708580912725 -18.69030116872178 3
      vertex -12.456708580912725 -18.69030116872178 9
      vertex -12.225711693136155 -18.607649160669478 3
    endloop
  endfacet
  facet normal -0.24298017990326795 0.9700312531945429 0
    outer loop
      vertex -12.225711693136155 -18.607649160669478 3
      vertex -12.225711693136155 -18.607649160669478 9
      vertex -11.98772580504032 -18.548036798991923 3
    endloop
  endfacet
  facet normal -0.14673047445535986 0.9891765099647813 0
    outer loop
      vertex -11.98772580504032 -18.548036798991923 3
      vertex -11.98772580504032 -18.548036798991923 9
      vertex -11.745042850823902 -18.512038183319508 3
    endloop
  endfacet
  facet normal -0.049067674327417085 0.9987954562051725 0
    outer loop
      vertex -11.745042850823902 -18.512038183319508 3
      vertex -11.745042850823902 -18.512038183319508 9
      vertex -11.5 -18.5 3
    endloop
  endfacet
  facet normal 0.049067674327417085 0.9987954562051725 0
    outer loop
      vertex -11.5 -18.5 3
      vertex -11.5 -18.5 9
      vertex -11.254957149176098 -18.512038183319508 3
    endloop
  endfacet
  facet normal 0.14673047445535986 0.9891765099647813 0
    outer loop
      vertex -11.254957149176098 -18.512038183319508 3
      vertex -11.254957149176098 -18.512038183319508 9
      vertex -11.01227419495968 -18.548036798991923 3
    endloop
  endfacet
  facet normal 0.24298017990326795 0.9700312531945429 0
    outer loop
      vertex -11.01227419495968 -18.548036798991923 3
      vertex -11.01227419495968 -18.548036798991923 9
      vertex -10.774288306863845 -18.607649160669478 3
    endloop
  endfacet
  facet normal 0.336889853392211 0.9415440651830241 0
    outer loop
      vertex -10.774288306863845 -18.607649160669478 3
      vertex -10.774288306863845 -18.607649160669478 9
      vertex -10.543291419087275 -18.69030116872178 3
    endloop
  endfacet
  facet normal -0.8032075314806423 -0.5956993044924368 0
    outer loop
      vertex -13.578674030756364 -22.388925582549007 3
      vertex -13.432526133406842 -22.585983210409115 9
      vertex -13.578674030756364 -22.388925582549007 9
    endloop
  endfacet
  facet normal -0.6715589548470197 -0.7409511253549579 0
    outer loop
      vertex -13.267766952966369 -22.76776695296637 3
      vertex -13.085983210409115 -22.932526133406842 9
      vertex -13.267766952966369 -22.76776695296637 9
    endloop
  endfacet
  facet normal -0.7409511253549579 -0.6715589548470197 0
    outer loop
      vertex -13.432526133406842 -22.585983210409115 3
      vertex -13.267766952966369 -22.76776695296637 9
      vertex -13.432526133406842 -22.585983210409115 9
    endloop
  endfacet
  facet normal -0.9415440651830217 -0.3368898533922174 0
    outer loop
      vertex -13.892350839330522 -21.725711693136155 3
      vertex -13.809698831278217 -21.956708580912725 9
      vertex -13.892350839330522 -21.725711693136155 9
    endloop
  endfacet
  facet normal -0.9700312531945429 -0.24298017990326795 0
    outer loop
      vertex -13.951963201008077 -21.48772580504032 3
      vertex -13.892350839330522 -21.725711693136155 9
      vertex -13.951963201008077 -21.48772580504032 9
    endloop
  endfacet
  facet normal -0.9891765099647815 -0.1467304744553588 0
    outer loop
      vertex -13.987961816680492 -21.2450428508239 3
      vertex -13.951963201008077 -21.48772580504032 9
      vertex -13.987961816680492 -21.2450428508239 9
    endloop
  endfacet
  facet normal -0.9987954562051725 -0.04906767432741744 0
    outer loop
      vertex -14 -21 3
      vertex -13.987961816680492 -21.2450428508239 9
      vertex -14 -21 9
    endloop
  endfacet
  facet normal -0.9987954562051725 0.04906767432741744 0
    outer loop
      vertex -13.987961816680492 -20.7549571491761 3
      vertex -14 -21 9
      vertex -13.987961816680492 -20.7549571491761 9
    endloop
  endfacet
  facet normal -0.8577286100002751 -0.5141027441932168 0
    outer loop
      vertex -13.704803160870888 -22.178491842064993 3
      vertex -13.578674030756364 -22.388925582549007 9
      vertex -13.704803160870888 -22.178491842064993 9
    endloop
  endfacet
  facet normal -0.9039892931234432 -0.4275550934302827 0
    outer loop
      vertex -13.809698831278217 -21.956708580912725 3
      vertex -13.704803160870888 -22.178491842064993 9
      vertex -13.809698831278217 -21.956708580912725 9
    endloop
  endfacet
  facet normal -0.42755509343028575 -0.9039892931234416 0
    outer loop
      vertex -12.678491842064995 -23.20480316087089 3
      vertex -12.456708580912725 -23.30969883127822 9
      vertex -12.678491842064995 -23.20480316087089 9
    endloop
  endfacet
  facet normal -0.5956993044924334 -0.8032075314806449 0
    outer loop
      vertex -13.085983210409115 -22.932526133406842 3
      vertex -12.888925582549005 -23.078674030756364 9
      vertex -13.085983210409115 -22.932526133406842 9
    endloop
  endfacet
  facet normal -0.5141027441932231 -0.8577286100002712 0
    outer loop
      vertex -12.888925582549005 -23.078674030756364 3
      vertex -12.678491842064995 -23.20480316087089 9
      vertex -12.888925582549005 -23.078674030756364 9
    endloop
  endfacet
  facet normal -0.336889853392211 -0.9415440651830241 0
    outer loop
      vertex -12.456708580912725 -23.30969883127822 3
      vertex -12.225711693136155 -23.392350839330522 9
      vertex -12.456708580912725 -23.30969883127822 9
    endloop
  endfacet
  facet normal -0.24298017990326795 -0.9700312531945429 0
    outer loop
      vertex -12.225711693136155 -23.392350839330522 3
      vertex -11.98772580504032 -23.451963201008077 9
      vertex -12.225711693136155 -23.392350839330522 9
    endloop
  endfacet
  facet normal -0.14673047445535986 -0.9891765099647813 0
    outer loop
      vertex -11.98772580504032 -23.451963201008077 3
      vertex -11.745042850823902 -23.487961816680492 9
      vertex -11.98772580504032 -23.451963201008077 9
    endloop
  endfacet
  facet normal -0.049067674327417085 -0.9987954562051725 0
    outer loop
      vertex -11.745042850823902 -23.487961816680492 3
      vertex -11.5 -23.5 9
      vertex -11.745042850823902 -23.487961816680492 9
    endloop
  endfacet
  facet normal 0.049067674327417085 -0.9987954562051725 0
    outer loop
      vertex -11.5 -23.5 3
      vertex -11.254957149176098 -23.487961816680492 9
      vertex -11.5 -23.5 9
    endloop
  endfacet
  facet normal 0.14673047445535986 -0.9891765099647813 0
    outer loop
      vertex -11.254957149176098 -23.487961816680492 3
      vertex -11.01227419495968 -23.451963201008077 9
      vertex -11.254957149176098 -23.487961816680492 9
    endloop
  endfacet
  facet normal 0.24298017990326795 -0.9700312531945429 0
    outer loop
      vertex -11.01227419495968 -23.451963201008077 3
      vertex -10.774288306863845 -23.392350839330522 9
      vertex -11.01227419495968 -23.451963201008077 9
    endloop
  endfacet
  facet normal 0.336889853392211 -0.9415440651830241 0
    outer loop
      vertex -10.774288306863845 -23.392350839330522 3
      vertex -10.543291419087275 -23.30969883127822 9
      vertex -10.774288306863845 -23.392350839330522 9
    endloop
  endfacet
  facet normal 0 0 1
    outer loop
      vertex -13.951963201008077 -21.48772580504032 9
      vertex -13.987961816680492 -20.7549571491761 9
      vertex -13.987961816680492 -21.2450428508239 9
    endloop
  endfacet
  facet normal 0 0 1
    outer loop
      vertex -13.809698831278217 -21.956708580912725 9
      vertex -13.892350839330522 -20.274288306863845 9
      vertex -13.892350839330522 -21.725711693136155 9
    endloop
  endfacet
  facet normal 0 0 1
    outer loop
      vertex -13.951963201008077 -21.48772580504032 9
      vertex -13.892350839330522 -21.725711693136155 9
      vertex -13.951963201008077 -20.51227419495968 9
    endloop
  endfacet
  facet normal 0 0 1
    outer loop
      vertex -13.987961816680492 -21.2450428508239 9
      vertex -13.987961816680492 -20.7549571491761 9
      vertex -14 -21 9
    endloop
  endfacet
  facet normal 0 0 1
    outer loop
      vertex -13.951963201008077 -21.48772580504032 9
      vertex -13.951963201008077 -20.51227419495968 9
      vertex -13.987961816680492 -20.7549571491761 9
    endloop
  endfacet
  facet normal 0 0 1
    outer loop
      vertex -13.892350839330522 -21.725711693136155 9
      vertex -13.892350839330522 -20.274288306863845 9
      vertex -13.951963201008077 -20.51227419495968 9
    endloop
  endfacet
  facet normal 0 0 1
    outer loop
      vertex -13.809698831278217 -21.956708580912725 9
      vertex -13.809698831278217 -20.043291419087275 9
      vertex -13.892350839330522 -20.274288306863845 9
    endloop
  endfacet
  facet normal 0 0 1
    outer loop
      vertex -13.578674030756364 -22.388925582549007 9
      vertex -13.432526133406842 -22.585983210409115 9
      vertex -13.578674030756364 -19.611074417450993 9
    endloop
  endfacet
  facet normal 0 0 1
    outer loop
      vertex -13.432526133406842 -22.585983210409115 9
      vertex -13.267766952966369 -22.76776695296637 9
      vertex -13.432526133406842 -19.414016789590885 9
    endloop
  endfacet
  facet normal 0 0 1
    outer loop
      vertex -13.267766952966369 -22.76776695296637 9
      vertex -13.085983210409115 -22.932526133406842 9
      vertex -13.267766952966369 -19.23223304703363 9
    endloop
  endfacet
  facet normal 0 0 1
    outer loop
      vertex -13.809698831278217 -21.956708580912725 9
      vertex -13.704803160870888 -22.178491842064993 9
      vertex -13.809698831278217 -20.043291419087275 9
    endloop
  endfacet
  facet normal 0 0 1
    outer loop
      vertex -13.578674030756364 -22.388925582549007 9
      vertex -13.704803160870888 -19.821508157935007 9
      vertex -13.704803160870888 -22.178491842064993 9
    endloop
  endfacet
  facet normal 0 0 1
    outer loop
      vertex -13.704803160870888 -22.178491842064993 9
      vertex -13.704803160870888 -19.821508157935007 9
      vertex -13.809698831278217 -20.043291419087275 9
    endloop
  endfacet
  facet normal 0 0 1
    outer loop
      vertex -12.678491842064995 -23.20480316087089 9
      vertex -12.456708580912725 -23.30969883127822 9
      vertex -12.578863808443554 -21.21459935421774 9
    endloop
  endfacet
  facet normal 0 0 1
    outer loop
      vertex -12.456708580912725 -23.30969883127822 9
      vertex -12.225711693136155 -23.392350839330522 9
      vertex -12.35031149869901 -21.69783261258001 9
    endloop
  endfacet
  facet normal 0 0 1
    outer loop
      vertex -12.225711693136155 -23.392350839330522 9
      vertex -12.111127256321563 -21.9146165735328 9
      vertex -12.19783261258001 -21.85031149869901 9
    endloop
  endfacet
  facet normal 0 0 1
    outer loop
      vertex -12.225711693136155 -23.392350839330522 9
      vertex -11.98772580504032 -23.451963201008077 9
      vertex -12.111127256321563 -21.9146165735328 9
    endloop
  endfacet
  facet normal 0 0 1
    outer loop
      vertex -11.98772580504032 -23.451963201008077 9
      vertex -11.745042850823902 -23.487961816680492 9
      vertex -11.819313144979908 -22.05263436930543 9
    endloop
  endfacet
  facet normal 0 0 1
    outer loop
      vertex -11.98772580504032 -23.451963201008077 9
      vertex -12.018536410508597 -21.97011339078319 9
      vertex -12.111127256321563 -21.9146165735328 9
    endloop
  endfacet
  facet normal 0 0 1
    outer loop
      vertex -11.98772580504032 -23.451963201008077 9
      vertex -11.9209517756016 -22.016267485762416 9
      vertex -12.018536410508597 -21.97011339078319 9
    endloop
  endfacet
  facet normal 0 0 1
    outer loop
      vertex -11.98772580504032 -23.451963201008077 9
      vertex -11.819313144979908 -22.05263436930543 9
      vertex -11.9209517756016 -22.016267485762416 9
    endloop
  endfacet
  facet normal 0 0 1
    outer loop
      vertex -13.085983210409115 -22.932526133406842 9
      vertex -12.888925582549005 -23.078674030756364 9
      vertex -13.085983210409115 -19.067473866593158 9
    endloop
  endfacet
  facet normal 0 0 1
    outer loop
      vertex -12.678491842064995 -23.20480316087089 9
      vertex -12.888925582549005 -18.921325969243636 9
      vertex -12.888925582549005 -23.078674030756364 9
    endloop
  endfacet
  facet normal 0 0 1
    outer loop
      vertex -12.456708580912725 -23.30969883127822 9
      vertex -12.47011339078319 -21.5185364105086 9
      vertex -12.516267485762416 -21.420951775601598 9
    endloop
  endfacet
  facet normal 0 0 1
    outer loop
      vertex -12.456708580912725 -23.30969883127822 9
      vertex -12.55263436930543 -21.31931314497991 9
      vertex -12.578863808443554 -21.21459935421774 9
    endloop
  endfacet
  facet normal 0 0 1
    outer loop
      vertex -12.456708580912725 -23.30969883127822 9
      vertex -12.516267485762416 -21.420951775601598 9
      vertex -12.55263436930543 -21.31931314497991 9
    endloop
  endfacet
  facet normal 0 0 1
    outer loop
      vertex -12.678491842064995 -23.20480316087089 9
      vertex -12.578863808443554 -21.21459935421774 9
      vertex -12.594703199339417 -21.107818854362517 9
    endloop
  endfacet
  facet normal 0 0 1
    outer loop
      vertex -12.678491842064995 -23.20480316087089 9
      vertex -12.594703199339417 -21.107818854362517 9
      vertex -12.6 -21 9
    endloop
  endfacet
  facet normal 0 0 1
    outer loop
      vertex -12.678491842064995 -23.20480316087089 9
      vertex -12.6 -21 9
      vertex -12.678491842064995 -18.79519683912911 9
    endloop
  endfacet
  facet normal 0 0 1
    outer loop
      vertex -12.456708580912725 -23.30969883127822 9
      vertex -12.4146165735328 -21.611127256321563 9
      vertex -12.47011339078319 -21.5185364105086 9
    endloop
  endfacet
  facet normal 0 0 1
    outer loop
      vertex -12.456708580912725 -23.30969883127822 9
      vertex -12.35031149869901 -21.69783261258001 9
      vertex -12.4146165735328 -21.611127256321563 9
    endloop
  endfacet
  facet normal 0 0 1
    outer loop
      vertex -12.225711693136155 -23.392350839330522 9
      vertex -12.277817459305203 -21.7778174593052 9
      vertex -12.35031149869901 -21.69783261258001 9
    endloop
  endfacet
  facet normal 0 0 1
    outer loop
      vertex -12.225711693136155 -23.392350839330522 9
      vertex -12.19783261258001 -21.85031149869901 9
      vertex -12.277817459305203 -21.7778174593052 9
    endloop
  endfacet
  facet normal 0 0 1
    outer loop
      vertex -11.745042850823902 -23.487961816680492 9
      vertex -11.5 -23.5 9
      vertex -11.607818854362517 -22.094703199339417 9
    endloop
  endfacet
  facet normal 0 0 1
    outer loop
      vertex -11.745042850823902 -23.487961816680492 9
      vertex -11.714599354217741 -22.078863808443554 9
      vertex -11.819313144979908 -22.05263436930543 9
    endloop
  endfacet
  facet normal 0 0 1
    outer loop
      vertex -11.745042850823902 -23.487961816680492 9
      vertex -11.607818854362517 -22.094703199339417 9
      vertex -11.714599354217741 -22.078863808443554 9
    endloop
  endfacet
  facet normal 0 0 1
    outer loop
      vertex -11.5 -23.5 9
      vertex -11.5 -22.1 9
      vertex -11.607818854362517 -22.094703199339417 9
    endloop
  endfacet
  facet normal 0 0 1
    outer loop
      vertex -11.5 -23.5 9
      vertex -11.254957149176098 -23.487961816680492 9
      vertex -11.392181145637483 -22.094703199339417 9
    endloop
  endfacet
  facet normal 0 0 1
    outer loop
      vertex -11.254957149176098 -23.487961816680492 9
      vertex -11.01227419495968 -23.451963201008077 9
      vertex -11.285400645782259 -22.078863808443554 9
    endloop
  endfacet
  facet normal 0 0 1
    outer loop
      vertex -11.5 -23.5 9
      vertex -11.392181145637483 -22.094703199339417 9
      vertex -11.5 -22.1 9
    endloop
  endfacet
  facet normal 0 0 1
    outer loop
      vertex -11.254957149176098 -23.487961816680492 9
      vertex -11.285400645782259 -22.078863808443554 9
      vertex -11.392181145637483 -22.094703199339417 9
    endloop
  endfacet
  facet normal 0 0 1
    outer loop
      vertex -11.01227419495968 -23.451963201008077 9
      vertex -11.180686855020092 -22.05263436930543 9
      vertex -11.285400645782259 -22.078863808443554 9
    endloop
  endfacet
  facet normal 0 0 1
    outer loop
      vertex -11.01227419495968 -23.451963201008077 9
      vertex -10.774288306863845 -23.392350839330522 9
      vertex -11.0790482243984 -22.016267485762416 9
    endloop
  endfacet
  facet normal 0 0 1
    outer loop
      vertex -11.01227419495968 -23.451963201008077 9
      vertex -11.0790482243984 -22.016267485762416 9
      vertex -11.180686855020092 -22.05263436930543 9
    endloop
  endfacet
  facet normal 0 0 1
    outer loop
      vertex -10.774288306863845 -23.392350839330522 9
      vertex -10.981463589491403 -21.97011339078319 9
      vertex -11.0790482243984 -22.016267485762416 9
    endloop
  endfacet
  facet normal 0 0 1
    outer loop
      vertex -10.774288306863845 -23.392350839330522 9
      vertex -10.888872743678437 -21.9146165735328 9
      vertex -10.981463589491403 -21.97011339078319 9
    endloop
  endfacet
  facet normal 0 0 1
    outer loop
      vertex -10.774288306863845 -23.392350839330522 9
      vertex -10.543291419087275 -23.30969883127822 9
      vertex -10.80216738741999 -21.85031149869901 9
    endloop
  endfacet
  facet normal 0 0 1
    outer loop
      vertex -10.774288306863845 -23.392350839330522 9
      vertex -10.80216738741999 -21.85031149869901 9
      vertex -10.888872743678437 -21.9146165735328 9
    endloop
  endfacet
  facet normal 0 0 1
    outer loop
      vertex -10.543291419087275 -23.30969883127822 9
      vertex -10.722182540694797 -21.7778174593052 9
      vertex -10.80216738741999 -21.85031149869901 9
    endloop
  endfacet
  facet normal 0 0 1
    outer loop
      vertex -10.543291419087275 -23.30969883127822 9
      vertex -10.64968850130099 -21.69783261258001 9
      vertex -10.722182540694797 -21.7778174593052 9
    endloop
  endfacet
  facet normal 0 0 1
    outer loop
      vertex -10.543291419087275 -23.30969883127822 9
      vertex -10.5853834264672 -21.611127256321563 9
      vertex -10.64968850130099 -21.69783261258001 9
    endloop
  endfacet
  facet normal -0.9891765099647815 0.1467304744553588 0
    outer loop
      vertex -13.951963201008077 -20.51227419495968 3
      vertex -13.987961816680492 -20.7549571491761 9
      vertex -13.951963201008077 -20.51227419495968 9
    endloop
  endfacet
  facet normal -0.9700312531945429 0.24298017990326795 0
    outer loop
      vertex -13.892350839330522 -20.274288306863845 3
      vertex -13.951963201008077 -20.51227419495968 9
      vertex -13.892350839330522 -20.274288306863845 9
    endloop
  endfacet
  facet normal -0.9415440651830217 0.3368898533922174 0
    outer loop
      vertex -13.809698831278217 -20.043291419087275 3
      vertex -13.892350839330522 -20.274288306863845 9
      vertex -13.809698831278217 -20.043291419087275 9
    endloop
  endfacet
  facet normal -0.9039892931234432 0.4275550934302827 0
    outer loop
      vertex -13.704803160870888 -19.821508157935007 3
      vertex -13.809698831278217 -20.043291419087275 9
      vertex -13.704803160870888 -19.821508157935007 9
    endloop
  endfacet
  facet normal -0.8577286100002751 0.5141027441932168 0
    outer loop
      vertex -13.578674030756364 -19.611074417450993 3
      vertex -13.704803160870888 -19.821508157935007 9
      vertex -13.578674030756364 -19.611074417450993 9
    endloop
  endfacet
  facet normal -0.8032075314806423 0.5956993044924368 0
    outer loop
      vertex -13.432526133406842 -19.414016789590885 3
      vertex -13.578674030756364 -19.611074417450993 9
      vertex -13.432526133406842 -19.414016789590885 9
    endloop
  endfacet
  facet normal -0.7409511253549579 0.6715589548470197 0
    outer loop
      vertex -13.267766952966369 -19.23223304703363 3
      vertex -13.432526133406842 -19.414016789590885 9
      vertex -13.267766952966369 -19.23223304703363 9
    endloop
  endfacet
  facet normal -0.6715589548470197 0.7409511253549579 0
    outer loop
      vertex -13.085983210409115 -19.067473866593158 3
      vertex -13.267766952966369 -19.23223304703363 9
      vertex -13.085983210409115 -19.067473866593158 9
    endloop
  endfacet
  facet normal -0.5956993044924334 0.8032075314806449 0
    outer loop
      vertex -12.888925582549005 -18.921325969243636 3
      vertex -13.085983210409115 -19.067473866593158 9
      vertex -12.888925582549005 -18.921325969243636 9
    endloop
  endfacet
  facet normal -0.5141027441932231 0.8577286100002712 0
    outer loop
      vertex -12.678491842064995 -18.79519683912911 3
      vertex -12.888925582549005 -18.921325969243636 9
      vertex -12.678491842064995 -18.79519683912911 9
    endloop
  endfacet
  facet normal -0.42755509343028575 0.9039892931234416 0
    outer loop
      vertex -12.456708580912725 -18.69030116872178 3
      vertex -12.678491842064995 -18.79519683912911 9
      vertex -12.456708580912725 -18.69030116872178 9
    endloop
  endfacet
  facet normal -0.336889853392211 0.9415440651830241 0
    outer loop
      vertex -12.225711693136155 -18.607649160669478 3
      vertex -12.456708580912725 -18.69030116872178 9
      vertex -12.225711693136155 -18.607649160669478 9
    endloop
  endfacet
  facet normal -0.24298017990326795 0.9700312531945429 0
    outer loop
      vertex -11.98772580504032 -18.548036798991923 3
      vertex -12.225711693136155 -18.607649160669478 9
      vertex -11.98772580504032 -18.548036798991923 9
    endloop
  endfacet
  facet normal -0.14673047445535986 0.9891765099647813 0
    outer loop
      vertex -11.745042850823902 -18.512038183319508 3
      vertex -11.98772580504032 -18.548036798991923 9
      vertex -11.745042850823902 -18.512038183319508 9
    endloop
  endfacet
  facet normal -0.049067674327417085 0.9987954562051725 0
    outer loop
      vertex -11.5 -18.5 3
      vertex -11.745042850823902 -18.512038183319508 9
      vertex -11.5 -18.5 9
    endloop
  endfacet
  facet normal 0.049067674327417085 0.9987954562051725 0
    outer loop
      vertex -11.254957149176098 -18.512038183319508 3
      vertex -11.5 -18.5 9
      vertex -11.254957149176098 -18.512038183319508 9
    endloop
  endfacet
  facet normal 0.14673047445535986 0.9891765099647813 0
    outer loop
      vertex -11.01227419495968 -18.548036798991923 3
      vertex -11.254957149176098 -18.512038183319508 9
      vertex -11.01227419495968 -18.548036798991923 9
    endloop
  endfacet
  facet normal 0.24298017990326795 0.9700312531945429 0
    outer loop
      vertex -10.774288306863845 -18.607649160669478 3
      vertex -11.01227419495968 -18.548036798991923 9
      vertex -10.774288306863845 -18.607649160669478 9
    endloop
  endfacet
  facet normal 0.336889853392211 0.9415440651830241 0
    outer loop
      vertex -10.543291419087275 -18.69030116872178 3
      vertex -10.774288306863845 -18.607649160669478 9
      vertex -10.543291419087275 -18.69030116872178 9
    endloop
  endfacet
  facet normal 0 0 1
    outer loop
      vertex -13.578674030756364 -22.388925582549007 9
      vertex -13.578674030756364 -19.611074417450993 9
      vertex -13.704803160870888 -19.821508157935007 9
    endloop
  endfacet
  facet normal 0 0 1
    outer loop
      vertex -13.432526133406842 -22.585983210409115 9
      vertex -13.432526133406842 -19.414016789590885 9
      vertex -13.578674030756364 -19.611074417450993 9
    endloop
  endfacet
  facet normal 0 0 1
    outer loop
      vertex -13.267766952966369 -22.76776695296637 9
      vertex -13.267766952966369 -19.23223304703363 9
      vertex -13.432526133406842 -19.414016789590885 9
    endloop
  endfacet
  facet normal 0 0 1
    outer loop
      vertex -13.085983210409115 -22.932526133406842 9
      vertex -13.085983210409115 -19.067473866593158 9
      vertex -13.267766952966369 -19.23223304703363 9
    endloop
  endfacet
  facet normal 0 0 1
    outer loop
      vertex -12.888925582549005 -23.078674030756364 9
      vertex -12.888925582549005 -18.921325969243636 9
      vertex -13.085983210409115 -19.067473866593158 9
    endloop
  endfacet
  facet normal 0 0 1
    outer loop
      vertex -12.678491842064995 -23.20480316087089 9
      vertex -12.678491842064995 -18.79519683912911 9
      vertex -12.888925582549005 -18.921325969243636 9
    endloop
  endfacet
  facet normal 0 0 1
    outer loop
      vertex -12.678491842064995 -18.79519683912911 9
      vertex -12.6 -21 9
      vertex -12.594703199339417 -20.892181145637483 9
    endloop
  endfacet
  facet normal 0 0 1
    outer loop
      vertex -12.678491842064995 -18.79519683912911 9
      vertex -12.594703199339417 -20.892181145637483 9
      vertex -12.578863808443554 -20.78540064578226 9
    endloop
  endfacet
  facet normal 0 0 1
    outer loop
      vertex -12.678491842064995 -18.79519683912911 9
      vertex -12.578863808443554 -20.78540064578226 9
      vertex -12.55263436930543 -20.68068685502009 9
    endloop
  endfacet
  facet normal 0 0 1
    outer loop
      vertex -12.678491842064995 -18.79519683912911 9
      vertex -12.55263436930543 -20.68068685502009 9
      vertex -12.516267485762416 -20.579048224398402 9
    endloop
  endfacet
  facet normal 0 0 1
    outer loop
      vertex -12.678491842064995 -18.79519683912911 9
      vertex -12.516267485762416 -20.579048224398402 9
      vertex -12.47011339078319 -20.4814635894914 9
    endloop
  endfacet
  facet normal 0 0 1
    outer loop
      vertex -12.678491842064995 -18.79519683912911 9
      vertex -12.47011339078319 -20.4814635894914 9
      vertex -12.4146165735328 -20.388872743678437 9
    endloop
  endfacet
  facet normal 0 0 1
    outer loop
      vertex -12.678491842064995 -18.79519683912911 9
      vertex -12.4146165735328 -20.388872743678437 9
      vertex -12.456708580912725 -18.69030116872178 9
    endloop
  endfacet
  facet normal 0 0 1
    outer loop
      vertex -12.456708580912725 -18.69030116872178 9
      vertex -12.4146165735328 -20.388872743678437 9
      vertex -12.35031149869901 -20.30216738741999 9
    endloop
  endfacet
  facet normal 0 0 1
    outer loop
      vertex -12.456708580912725 -18.69030116872178 9
      vertex -12.35031149869901 -20.30216738741999 9
      vertex -12.277817459305203 -20.2221825406948 9
    endloop
  endfacet
  facet normal 0 0 1
    outer loop
      vertex -12.456708580912725 -18.69030116872178 9
      vertex -12.277817459305203 -20.2221825406948 9
      vertex -12.19783261258001 -20.14968850130099 9
    endloop
  endfacet
  facet normal 0 0 1
    outer loop
      vertex -12.225711693136155 -18.607649160669478 9
      vertex -12.19783261258001 -20.14968850130099 9
      vertex -12.111127256321563 -20.0853834264672 9
    endloop
  endfacet
  facet normal 0 0 1
    outer loop
      vertex -12.456708580912725 -18.69030116872178 9
      vertex -12.19783261258001 -20.14968850130099 9
      vertex -12.225711693136155 -18.607649160669478 9
    endloop
  endfacet
  facet normal 0 0 1
    outer loop
      vertex -12.225711693136155 -18.607649160669478 9
      vertex -12.111127256321563 -20.0853834264672 9
      vertex -12.018536410508597 -20.02988660921681 9
    endloop
  endfacet
  facet normal 0 0 1
    outer loop
      vertex -12.225711693136155 -18.607649160669478 9
      vertex -12.018536410508597 -20.02988660921681 9
      vertex -11.9209517756016 -19.983732514237584 9
    endloop
  endfacet
  facet normal 0 0 1
    outer loop
      vertex -11.98772580504032 -18.548036798991923 9
      vertex -11.9209517756016 -19.983732514237584 9
      vertex -11.819313144979908 -19.94736563069457 9
    endloop
  endfacet
  facet normal 0 0 1
    outer loop
      vertex -11.98772580504032 -18.548036798991923 9
      vertex -11.819313144979908 -19.94736563069457 9
      vertex -11.714599354217741 -19.921136191556446 9
    endloop
  endfacet
  facet normal 0 0 1
    outer loop
      vertex -12.225711693136155 -18.607649160669478 9
      vertex -11.9209517756016 -19.983732514237584 9
      vertex -11.98772580504032 -18.548036798991923 9
    endloop
  endfacet
  facet normal 0 0 1
    outer loop
      vertex -11.98772580504032 -18.548036798991923 9
      vertex -11.714599354217741 -19.921136191556446 9
      vertex -11.745042850823902 -18.512038183319508 9
    endloop
  endfacet
  facet normal 0 0 1
    outer loop
      vertex -11.745042850823902 -18.512038183319508 9
      vertex -11.714599354217741 -19.921136191556446 9
      vertex -11.607818854362517 -19.905296800660583 9
    endloop
  endfacet
  facet normal 0 0 1
    outer loop
      vertex -11.5 -18.5 9
      vertex -11.607818854362517 -19.905296800660583 9
      vertex -11.5 -19.9 9
    endloop
  endfacet
  facet normal 0 0 1
    outer loop
      vertex -11.745042850823902 -18.512038183319508 9
      vertex -11.607818854362517 -19.905296800660583 9
      vertex -11.5 -18.5 9
    endloop
  endfacet
  facet normal 0 0 1
    outer loop
      vertex -11.5 -18.5 9
      vertex -11.5 -19.9 9
      vertex -11.392181145637483 -19.905296800660583 9
    endloop
  endfacet
  facet normal 0 0 1
    outer loop
      vertex -11.254957149176098 -18.512038183319508 9
      vertex -11.392181145637483 -19.905296800660583 9
      vertex -11.285400645782259 -19.921136191556446 9
    endloop
  endfacet
  facet normal 0 0 1
    outer loop
      vertex -11.254957149176098 -18.512038183319508 9
      vertex -11.285400645782259 -19.921136191556446 9
      vertex -11.180686855020092 -19.94736563069457 9
    endloop
  endfacet
  facet normal 0 0 1
    outer loop
      vertex -11.5 -18.5 9
      vertex -11.392181145637483 -19.905296800660583 9
      vertex -11.254957149176098 -18.512038183319508 9
    endloop
  endfacet
  facet normal 0 0 1
    outer loop
      vertex -10.543291419087275 -18.69030116872178 9
      vertex -10.64968850130099 -20.30216738741999 9
      vertex -10.5853834264672 -20.388872743678437 9
    endloop
  endfacet
  facet normal 0 0 1
    outer loop
      vertex -10.543291419087275 -18.69030116872178 9
      vertex -10.52988660921681 -20.4814635894914 9
      vertex -10.483732514237584 -20.579048224398402 9
    endloop
  endfacet
  facet normal 0 0 1
    outer loop
      vertex -10.543291419087275 -18.69030116872178 9
      vertex -10.5853834264672 -20.388872743678437 9
      vertex -10.52988660921681 -20.4814635894914 9
    endloop
  endfacet
  facet normal 0 0 1
    outer loop
      vertex -11.01227419495968 -18.548036798991923 9
      vertex -11.180686855020092 -19.94736563069457 9
      vertex -11.0790482243984 -19.983732514237584 9
    endloop
  endfacet
  facet normal 0 0 1
    outer loop
      vertex -11.01227419495968 -18.548036798991923 9
      vertex -11.0790482243984 -19.983732514237584 9
      vertex -10.981463589491403 -20.02988660921681 9
    endloop
  endfacet
  facet normal 0 0 1
    outer loop
      vertex -11.01227419495968 -18.548036798991923 9
      vertex -10.981463589491403 -20.02988660921681 9
      vertex -10.888872743678437 -20.0853834264672 9
    endloop
  endfacet
  facet normal 0 0 1
    outer loop
      vertex -11.254957149176098 -18.512038183319508 9
      vertex -11.180686855020092 -19.94736563069457 9
      vertex -11.01227419495968 -18.548036798991923 9
    endloop
  endfacet
  facet normal 0 0 1
    outer loop
      vertex -11.01227419495968 -18.548036798991923 9
      vertex -10.888872743678437 -20.0853834264672 9
      vertex -10.774288306863845 -18.607649160669478 9
    endloop
  endfacet
  facet normal 0 0 1
    outer loop
      vertex -10.774288306863845 -18.607649160669478 9
      vertex -10.80216738741999 -20.14968850130099 9
      vertex -10.722182540694797 -20.2221825406948 9
    endloop
  endfacet
  facet normal 0 0 1
    outer loop
      vertex -10.774288306863845 -18.607649160669478 9
      vertex -10.888872743678437 -20.0853834264672 9
      vertex -10.80216738741999 -20.14968850130099 9
    endloop
  endfacet
  facet normal 0 0 1
    outer loop
      vertex -10.774288306863845 -18.607649160669478 9
      vertex -10.722182540694797 -20.2221825406948 9
      vertex -10.64968850130099 -20.30216738741999 9
    endloop
  endfacet
  facet normal 0 0 1
    outer loop
      vertex -10.774288306863845 -18.607649160669478 9
      vertex -10.64968850130099 -20.30216738741999 9
      vertex -10.543291419087275 -18.69030116872178 9
    endloop
  endfacet
  facet normal 0.42755509343028575 -0.9039892931234416 -7.290513978459238e-19
    outer loop
      vertex -10.543291419087275 -23.30969883127822 3
      vertex -10.321508157935005 -23.20480316087089 3
      vertex -10.321508157935005 -23.20480316087089 9
    endloop
  endfacet
  facet normal 0.5141027441932231 -0.8577286100002712 1.2983034057417517e-19
    outer loop
      vertex -10.321508157935005 -23.20480316087089 3
      vertex -10.111074417450995 -23.078674030756364 3
      vertex -10.111074417450995 -23.078674030756364 9
    endloop
  endfacet
  facet normal 0.5956993044924334 -0.8032075314806449 -8.099151560291748e-19
    outer loop
      vertex -10.111074417450995 -23.078674030756364 3
      vertex -9.914016789590885 -22.932526133406842 3
      vertex -9.914016789590885 -22.932526133406842 9
    endloop
  endfacet
  facet normal 0.6715589548470197 -0.7409511253549579 -1.27685549299383e-19
    outer loop
      vertex -9.914016789590885 -22.932526133406842 3
      vertex -9.732233047033631 -22.76776695296637 3
      vertex -9.732233047033631 -22.76776695296637 9
    endloop
  endfacet
  facet normal 0.7409511253549579 -0.6715589548470197 -1.27685549299383e-19
    outer loop
      vertex -9.732233047033631 -22.76776695296637 3
      vertex -9.567473866593158 -22.585983210409115 3
      vertex -9.567473866593158 -22.585983210409115 9
    endloop
  endfacet
  facet normal 0.8032075314806423 -0.5956993044924368 -4.038743264164043e-19
    outer loop
      vertex -9.567473866593158 -22.585983210409115 3
      vertex -9.421325969243636 -22.388925582549007 3
      vertex -9.421325969243636 -22.388925582549007 9
    endloop
  endfacet
  facet normal 0.8577286100002751 -0.5141027441932168 4.980490361422891e-19
    outer loop
      vertex -9.421325969243636 -22.388925582549007 3
      vertex -9.295196839129112 -22.178491842064993 3
      vertex -9.295196839129112 -22.178491842064993 9
    endloop
  endfacet
  facet normal 0.9039892931234432 -0.4275550934302827 1.0159763280164506e-18
    outer loop
      vertex -9.295196839129112 -22.178491842064993 3
      vertex -9.190301168721783 -21.956708580912725 3
      vertex -9.190301168721783 -21.956708580912725 9
    endloop
  endfacet
  facet normal 0.9415440651830217 -0.3368898533922174 -3.6978543638821715e-19
    outer loop
      vertex -9.190301168721783 -21.956708580912725 3
      vertex -9.107649160669478 -21.725711693136155 3
      vertex -9.107649160669478 -21.725711693136155 9
    endloop
  endfacet
  facet normal 0.9700312531945429 -0.24298017990326795 -8.221355052957312e-20
    outer loop
      vertex -9.107649160669478 -21.725711693136155 3
      vertex -9.048036798991923 -21.48772580504032 3
      vertex -9.048036798991923 -21.48772580504032 9
    endloop
  endfacet
  facet normal 0.9891765099647815 -0.1467304744553588 1.1718854659098017e-19
    outer loop
      vertex -9.048036798991923 -21.48772580504032 3
      vertex -9.012038183319508 -21.2450428508239 3
      vertex -9.012038183319508 -21.2450428508239 9
    endloop
  endfacet
  facet normal 0.9987954562051725 -0.04906767432741744 5.022407019195139e-21
    outer loop
      vertex -9.012038183319508 -21.2450428508239 3
      vertex -9 -21 3
      vertex -9 -21 9
    endloop
  endfacet
  facet normal 0.9987954562051725 0.04906767432741744 -5.022407019195139e-21
    outer loop
      vertex -9 -21 3
      vertex -9.012038183319508 -20.7549571491761 3
      vertex -9.012038183319508 -20.7549571491761 9
    endloop
  endfacet
  facet normal 0.5956993044924334 0.8032075314806449 0
    outer loop
      vertex -10.111074417450995 -18.921325969243636 3
      vertex -10.111074417450995 -18.921325969243636 9
      vertex -9.914016789590885 -19.067473866593158 3
    endloop
  endfacet
  facet normal 0.6715589548470197 0.7409511253549579 0
    outer loop
      vertex -9.914016789590885 -19.067473866593158 3
      vertex -9.914016789590885 -19.067473866593158 9
      vertex -9.732233047033631 -19.23223304703363 3
    endloop
  endfacet
  facet normal 0.9039892931234432 0.4275550934302827 -1.0159763280164506e-18
    outer loop
      vertex -9.190301168721783 -20.043291419087275 3
      vertex -9.295196839129112 -19.821508157935007 3
      vertex -9.295196839129112 -19.821508157935007 9
    endloop
  endfacet
  facet normal 0.8032075314806423 0.5956993044924368 0
    outer loop
      vertex -9.567473866593158 -19.414016789590885 3
      vertex -9.567473866593158 -19.414016789590885 9
      vertex -9.421325969243636 -19.611074417450993 3
    endloop
  endfacet
  facet normal 0.7409511253549579 0.6715589548470197 1.27685549299383e-19
    outer loop
      vertex -9.567473866593158 -19.414016789590885 3
      vertex -9.732233047033631 -19.23223304703363 3
      vertex -9.732233047033631 -19.23223304703363 9
    endloop
  endfacet
  facet normal 0.8577286100002751 0.5141027441932168 -4.980490361422891e-19
    outer loop
      vertex -9.295196839129112 -19.821508157935007 3
      vertex -9.421325969243636 -19.611074417450993 3
      vertex -9.421325969243636 -19.611074417450993 9
    endloop
  endfacet
  facet normal 0.42755509343028575 0.9039892931234416 0
    outer loop
      vertex -10.543291419087275 -18.69030116872178 3
      vertex -10.543291419087275 -18.69030116872178 9
      vertex -10.321508157935005 -18.79519683912911 3
    endloop
  endfacet
  facet normal 0.5141027441932231 0.8577286100002712 -1.2983034057417517e-19
    outer loop
      vertex -10.111074417450995 -18.921325969243636 3
      vertex -10.321508157935005 -18.79519683912911 3
      vertex -10.321508157935005 -18.79519683912911 9
    endloop
  endfacet
  facet normal 0.9891765099647815 0.1467304744553588 -1.1718854659098017e-19
    outer loop
      vertex -9.012038183319508 -20.7549571491761 3
      vertex -9.048036798991923 -20.51227419495968 3
      vertex -9.048036798991923 -20.51227419495968 9
    endloop
  endfacet
  facet normal 0.9700312531945429 0.24298017990326795 8.221355052957312e-20
    outer loop
      vertex -9.048036798991923 -20.51227419495968 3
      vertex -9.107649160669478 -20.274288306863845 3
      vertex -9.107649160669478 -20.274288306863845 9
    endloop
  endfacet
  facet normal 0.9415440651830217 0.3368898533922174 0
    outer loop
      vertex -9.190301168721783 -20.043291419087275 3
      vertex -9.190301168721783 -20.043291419087275 9
      vertex -9.107649160669478 -20.274288306863845 3
    endloop
  endfacet
  facet normal 0.42755509343028575 -0.9039892931234416 0
    outer loop
      vertex -10.543291419087275 -23.30969883127822 3
      vertex -10.321508157935005 -23.20480316087089 9
      vertex -10.543291419087275 -23.30969883127822 9
    endloop
  endfacet
  facet normal 0.5141027441932231 -0.8577286100002712 0
    outer loop
      vertex -10.321508157935005 -23.20480316087089 3
      vertex -10.111074417450995 -23.078674030756364 9
      vertex -10.321508157935005 -23.20480316087089 9
    endloop
  endfacet
  facet normal 0.5956993044924334 -0.8032075314806449 0
    outer loop
      vertex -10.111074417450995 -23.078674030756364 3
      vertex -9.914016789590885 -22.932526133406842 9
      vertex -10.111074417450995 -23.078674030756364 9
    endloop
  endfacet
  facet normal 0.6715589548470197 -0.7409511253549579 0
    outer loop
      vertex -9.914016789590885 -22.932526133406842 3
      vertex -9.732233047033631 -22.76776695296637 9
      vertex -9.914016789590885 -22.932526133406842 9
    endloop
  endfacet
  facet normal 0.7409511253549579 -0.6715589548470197 0
    outer loop
      vertex -9.732233047033631 -22.76776695296637 3
      vertex -9.567473866593158 -22.585983210409115 9
      vertex -9.732233047033631 -22.76776695296637 9
    endloop
  endfacet
  facet normal 0.8032075314806423 -0.5956993044924368 0
    outer loop
      vertex -9.567473866593158 -22.585983210409115 3
      vertex -9.421325969243636 -22.388925582549007 9
      vertex -9.567473866593158 -22.585983210409115 9
    endloop
  endfacet
  facet normal 0.8577286100002751 -0.5141027441932168 0
    outer loop
      vertex -9.421325969243636 -22.388925582549007 3
      vertex -9.295196839129112 -22.178491842064993 9
      vertex -9.421325969243636 -22.388925582549007 9
    endloop
  endfacet
  facet normal 0.9039892931234432 -0.4275550934302827 0
    outer loop
      vertex -9.295196839129112 -22.178491842064993 3
      vertex -9.190301168721783 -21.956708580912725 9
      vertex -9.295196839129112 -22.178491842064993 9
    endloop
  endfacet
  facet normal 0.9415440651830217 -0.3368898533922174 0
    outer loop
      vertex -9.190301168721783 -21.956708580912725 3
      vertex -9.107649160669478 -21.725711693136155 9
      vertex -9.190301168721783 -21.956708580912725 9
    endloop
  endfacet
  facet normal 0.9700312531945429 -0.24298017990326795 0
    outer loop
      vertex -9.107649160669478 -21.725711693136155 3
      vertex -9.048036798991923 -21.48772580504032 9
      vertex -9.107649160669478 -21.725711693136155 9
    endloop
  endfacet
  facet normal 0.9891765099647815 -0.1467304744553588 0
    outer loop
      vertex -9.048036798991923 -21.48772580504032 3
      vertex -9.012038183319508 -21.2450428508239 9
      vertex -9.048036798991923 -21.48772580504032 9
    endloop
  endfacet
  facet normal 0.9987954562051725 -0.04906767432741744 0
    outer loop
      vertex -9.012038183319508 -21.2450428508239 3
      vertex -9 -21 9
      vertex -9.012038183319508 -21.2450428508239 9
    endloop
  endfacet
  facet normal 0.9891765099647815 0.1467304744553588 0
    outer loop
      vertex -9.012038183319508 -20.7549571491761 3
      vertex -9.048036798991923 -20.51227419495968 9
      vertex -9.012038183319508 -20.7549571491761 9
    endloop
  endfacet
  facet normal 0.9987954562051725 0.04906767432741744 0
    outer loop
      vertex -9 -21 3
      vertex -9.012038183319508 -20.7549571491761 9
      vertex -9 -21 9
    endloop
  endfacet
  facet normal 0 0 1
    outer loop
      vertex -10.543291419087275 -23.30969883127822 9
      vertex -10.321508157935005 -23.20480316087089 9
      vertex -10.5853834264672 -21.611127256321563 9
    endloop
  endfacet
  facet normal 0 0 1
    outer loop
      vertex -10.321508157935005 -23.20480316087089 9
      vertex -10.52988660921681 -21.5185364105086 9
      vertex -10.5853834264672 -21.611127256321563 9
    endloop
  endfacet
  facet normal 0 0 1
    outer loop
      vertex -10.321508157935005 -23.20480316087089 9
      vertex -10.483732514237584 -21.420951775601598 9
      vertex -10.52988660921681 -21.5185364105086 9
    endloop
  endfacet
  facet normal 0 0 1
    outer loop
      vertex -10.321508157935005 -23.20480316087089 9
      vertex -10.44736563069457 -21.31931314497991 9
      vertex -10.483732514237584 -21.420951775601598 9
    endloop
  endfacet
  facet normal 0 0 1
    outer loop
      vertex -10.321508157935005 -23.20480316087089 9
      vertex -10.421136191556446 -21.21459935421774 9
      vertex -10.44736563069457 -21.31931314497991 9
    endloop
  endfacet
  facet normal 0 0 1
    outer loop
      vertex -10.321508157935005 -23.20480316087089 9
      vertex -10.405296800660583 -21.107818854362517 9
      vertex -10.421136191556446 -21.21459935421774 9
    endloop
  endfacet
  facet normal 0 0 1
    outer loop
      vertex -10.321508157935005 -23.20480316087089 9
      vertex -10.4 -21 9
      vertex -10.405296800660583 -21.107818854362517 9
    endloop
  endfacet
  facet normal 0 0 1
    outer loop
      vertex -10.321508157935005 -23.20480316087089 9
      vertex -10.111074417450995 -23.078674030756364 9
      vertex -10.321508157935005 -18.79519683912911 9
    endloop
  endfacet
  facet normal 0 0 1
    outer loop
      vertex -10.111074417450995 -23.078674030756364 9
      vertex -9.914016789590885 -22.932526133406842 9
      vertex -10.111074417450995 -18.921325969243636 9
    endloop
  endfacet
  facet normal 0 0 1
    outer loop
      vertex -9.914016789590885 -22.932526133406842 9
      vertex -9.732233047033631 -22.76776695296637 9
      vertex -9.914016789590885 -19.067473866593158 9
    endloop
  endfacet
  facet normal 0 0 1
    outer loop
      vertex -10.321508157935005 -23.20480316087089 9
      vertex -10.321508157935005 -18.79519683912911 9
      vertex -10.4 -21 9
    endloop
  endfacet
  facet normal 0 0 1
    outer loop
      vertex -9.732233047033631 -22.76776695296637 9
      vertex -9.567473866593158 -22.585983210409115 9
      vertex -9.732233047033631 -19.23223304703363 9
    endloop
  endfacet
  facet normal 0 0 1
    outer loop
      vertex -9.567473866593158 -22.585983210409115 9
      vertex -9.421325969243636 -22.388925582549007 9
      vertex -9.567473866593158 -19.414016789590885 9
    endloop
  endfacet
  facet normal 0 0 1
    outer loop
      vertex -9.421325969243636 -22.388925582549007 9
      vertex -9.295196839129112 -22.178491842064993 9
      vertex -9.421325969243636 -19.611074417450993 9
    endloop
  endfacet
  facet normal 0 0 1
    outer loop
      vertex -9.295196839129112 -22.178491842064993 9
      vertex -9.190301168721783 -21.956708580912725 9
      vertex -9.295196839129112 -19.821508157935007 9
    endloop
  endfacet
  facet normal 0 0 1
    outer loop
      vertex -9.190301168721783 -21.956708580912725 9
      vertex -9.107649160669478 -21.725711693136155 9
      vertex -9.190301168721783 -20.043291419087275 9
    endloop
  endfacet
  facet normal 0 0 1
    outer loop
      vertex -9.107649160669478 -21.725711693136155 9
      vertex -9.048036798991923 -21.48772580504032 9
      vertex -9.107649160669478 -20.274288306863845 9
    endloop
  endfacet
  facet normal 0 0 1
    outer loop
      vertex -9.048036798991923 -21.48772580504032 9
      vertex -9.012038183319508 -21.2450428508239 9
      vertex -9.048036798991923 -20.51227419495968 9
    endloop
  endfacet
  facet normal 0 0 1
    outer loop
      vertex -9.107649160669478 -21.725711693136155 9
      vertex -9.107649160669478 -20.274288306863845 9
      vertex -9.190301168721783 -20.043291419087275 9
    endloop
  endfacet
  facet normal 0 0 1
    outer loop
      vertex -9.048036798991923 -21.48772580504032 9
      vertex -9.048036798991923 -20.51227419495968 9
      vertex -9.107649160669478 -20.274288306863845 9
    endloop
  endfacet
  facet normal 0 0 1
    outer loop
      vertex -9.012038183319508 -21.2450428508239 9
      vertex -9.012038183319508 -20.7549571491761 9
      vertex -9.048036798991923 -20.51227419495968 9
    endloop
  endfacet
  facet normal 0 0 1
    outer loop
      vertex -9.012038183319508 -21.2450428508239 9
      vertex -9 -21 9
      vertex -9.012038183319508 -20.7549571491761 9
    endloop
  endfacet
  facet normal 0.5956993044924334 0.8032075314806449 0
    outer loop
      vertex -9.914016789590885 -19.067473866593158 3
      vertex -10.111074417450995 -18.921325969243636 9
      vertex -9.914016789590885 -19.067473866593158 9
    endloop
  endfacet
  facet normal 0.9039892931234432 0.4275550934302827 0
    outer loop
      vertex -9.190301168721783 -20.043291419087275 3
      vertex -9.295196839129112 -19.821508157935007 9
      vertex -9.190301168721783 -20.043291419087275 9
    endloop
  endfacet
  facet normal 0.7409511253549579 0.6715589548470197 0
    outer loop
      vertex -9.567473866593158 -19.414016789590885 3
      vertex -9.732233047033631 -19.23223304703363 9
      vertex -9.567473866593158 -19.414016789590885 9
    endloop
  endfacet
  facet normal 0.6715589548470197 0.7409511253549579 0
    outer loop
      vertex -9.732233047033631 -19.23223304703363 3
      vertex -9.914016789590885 -19.067473866593158 9
      vertex -9.732233047033631 -19.23223304703363 9
    endloop
  endfacet
  facet normal 0.8032075314806423 0.5956993044924368 0
    outer loop
      vertex -9.421325969243636 -19.611074417450993 3
      vertex -9.567473866593158 -19.414016789590885 9
      vertex -9.421325969243636 -19.611074417450993 9
    endloop
  endfacet
  facet normal 0.8577286100002751 0.5141027441932168 0
    outer loop
      vertex -9.295196839129112 -19.821508157935007 3
      vertex -9.421325969243636 -19.611074417450993 9
      vertex -9.295196839129112 -19.821508157935007 9
    endloop
  endfacet
  facet normal 0.42755509343028575 0.9039892931234416 0
    outer loop
      vertex -10.321508157935005 -18.79519683912911 3
      vertex -10.543291419087275 -18.69030116872178 9
      vertex -10.321508157935005 -18.79519683912911 9
    endloop
  endfacet
  facet normal 0.5141027441932231 0.8577286100002712 0
    outer loop
      vertex -10.111074417450995 -18.921325969243636 3
      vertex -10.321508157935005 -18.79519683912911 9
      vertex -10.111074417450995 -18.921325969243636 9
    endloop
  endfacet
  facet normal 0.9700312531945429 0.24298017990326795 0
    outer loop
      vertex -9.048036798991923 -20.51227419495968 3
      vertex -9.107649160669478 -20.274288306863845 9
      vertex -9.048036798991923 -20.51227419495968 9
    endloop
  endfacet
  facet normal 0.9415440651830217 0.3368898533922174 0
    outer loop
      vertex -9.107649160669478 -20.274288306863845 3
      vertex -9.190301168721783 -20.043291419087275 9
      vertex -9.107649160669478 -20.274288306863845 9
    endloop
  endfacet
  facet normal 0 0 1
    outer loop
      vertex -10.321508157935005 -18.79519683912911 9
      vertex -10.405296800660583 -20.892181145637483 9
      vertex -10.4 -21 9
    endloop
  endfacet
  facet normal 0 0 1
    outer loop
      vertex -10.111074417450995 -23.078674030756364 9
      vertex -10.111074417450995 -18.921325969243636 9
      vertex -10.321508157935005 -18.79519683912911 9
    endloop
  endfacet
  facet normal 0 0 1
    outer loop
      vertex -10.543291419087275 -18.69030116872178 9
      vertex -10.44736563069457 -20.68068685502009 9
      vertex -10.421136191556446 -20.78540064578226 9
    endloop
  endfacet
  facet normal 0 0 1
    outer loop
      vertex -10.543291419087275 -18.69030116872178 9
      vertex -10.483732514237584 -20.579048224398402 9
      vertex -10.44736563069457 -20.68068685502009 9
    endloop
  endfacet
  facet normal 0 0 1
    outer loop
      vertex -10.321508157935005 -18.79519683912911 9
      vertex -10.421136191556446 -20.78540064578226 9
      vertex -10.405296800660583 -20.892181145637483 9
    endloop
  endfacet
  facet normal 0 0 1
    outer loop
      vertex -9.914016789590885 -22.932526133406842 9
      vertex -9.914016789590885 -19.067473866593158 9
      vertex -10.111074417450995 -18.921325969243636 9
    endloop
  endfacet
  facet normal 0 0 1
    outer loop
      vertex -10.543291419087275 -18.69030116872178 9
      vertex -10.421136191556446 -20.78540064578226 9
      vertex -10.321508157935005 -18.79519683912911 9
    endloop
  endfacet
  facet normal 0 0 1
    outer loop
      vertex -9.732233047033631 -22.76776695296637 9
      vertex -9.732233047033631 -19.23223304703363 9
      vertex -9.914016789590885 -19.067473866593158 9
    endloop
  endfacet
  facet normal 0 0 1
    outer loop
      vertex -9.567473866593158 -22.585983210409115 9
      vertex -9.567473866593158 -19.414016789590885 9
      vertex -9.732233047033631 -19.23223304703363 9
    endloop
  endfacet
  facet normal 0 0 1
    outer loop
      vertex -9.421325969243636 -22.388925582549007 9
      vertex -9.421325969243636 -19.611074417450993 9
      vertex -9.567473866593158 -19.414016789590885 9
    endloop
  endfacet
  facet normal 0 0 1
    outer loop
      vertex -9.295196839129112 -22.178491842064993 9
      vertex -9.295196839129112 -19.821508157935007 9
      vertex -9.421325969243636 -19.611074417450993 9
    endloop
  endfacet
  facet normal 0 0 1
    outer loop
      vertex -9.190301168721783 -21.956708580912725 9
      vertex -9.190301168721783 -20.043291419087275 9
      vertex -9.295196839129112 -19.821508157935007 9
    endloop
  endfacet
  facet normal -0.8032075295459704 -0.59569930710104 0
    outer loop
      vertex -20.49440883845091 -26.166710697114468 0
      vertex -20.319031357765198 -26.403179854154587 0
      vertex -20.49440883845091 -26.166710697114468 3
    endloop
  endfacet
  facet normal -0.8577286120536309 -0.5141027407673995 0
    outer loop
      vertex -20.64576379209757 -25.914190210402012 0
      vertex -20.49440883845091 -26.166710697114468 0
      vertex -20.64576379209757 -25.914190210402012 3
    endloop
  endfacet
  facet normal -0.6715589499566086 -0.7409511297873682 0
    outer loop
      vertex -19.903179854154587 -26.819031357765198 0
      vertex -20.121320344507694 -26.621320344507694 3
      vertex -20.121320344507694 -26.621320344507694 0
    endloop
  endfacet
  facet normal -0.59569930710104 -0.8032075295459704 0
    outer loop
      vertex -19.903179854154587 -26.819031357765198 0
      vertex -19.666710697114468 -26.99440883845091 0
      vertex -19.903179854154587 -26.819031357765198 3
    endloop
  endfacet
  facet normal -0.7409511297873682 -0.6715589499566086 0
    outer loop
      vertex -20.319031357765198 -26.403179854154587 0
      vertex -20.121320344507694 -26.621320344507694 0
      vertex -20.319031357765198 -26.403179854154587 3
    endloop
  endfacet
  facet normal -0.9415440627982695 -0.3368898600571534 0
    outer loop
      vertex -20.87082100659609 -25.370854035019875 0
      vertex -20.771638594567776 -25.64805030077696 0
      vertex -20.87082100659609 -25.370854035019875 3
    endloop
  endfacet
  facet normal -0.9039892934402849 -0.42755509276037695 0
    outer loop
      vertex -20.64576379209757 -25.914190210402012 0
      vertex -20.771638594567776 -25.64805030077696 3
      vertex -20.771638594567776 -25.64805030077696 0
    endloop
  endfacet
  facet normal -0.9700312537050008 -0.2429801778654069 0
    outer loop
      vertex -20.87082100659609 -25.370854035019875 0
      vertex -20.94235584139824 -25.08527096360922 3
      vertex -20.94235584139824 -25.08527096360922 0
    endloop
  endfacet
  facet normal -0.9891765091791461 -0.14673047975168188 0
    outer loop
      vertex -20.94235584139824 -25.08527096360922 0
      vertex -20.985554181039333 -24.79405142366886 3
      vertex -20.985554181039333 -24.79405142366886 0
    endloop
  endfacet
  facet normal -0.9987954563973426 -0.0490676704157047 0
    outer loop
      vertex -20.985554181039333 -24.79405142366886 0
      vertex -21 -24.5 3
      vertex -21 -24.5 0
    endloop
  endfacet
  facet normal -0.5141027407673995 -0.8577286120536309 0
    outer loop
      vertex -19.414190210402012 -27.14576379209757 0
      vertex -19.666710697114468 -26.99440883845091 3
      vertex -19.666710697114468 -26.99440883845091 0
    endloop
  endfacet
  facet normal -0.42755509276037695 -0.9039892934402849 0
    outer loop
      vertex -19.414190210402012 -27.14576379209757 0
      vertex -19.14805030077696 -27.271638594567776 0
      vertex -19.414190210402012 -27.14576379209757 3
    endloop
  endfacet
  facet normal -0.3368898600571534 -0.9415440627982695 0
    outer loop
      vertex -19.14805030077696 -27.271638594567776 0
      vertex -18.870854035019875 -27.37082100659609 0
      vertex -19.14805030077696 -27.271638594567776 3
    endloop
  endfacet
  facet normal -0.2429801778654069 -0.9700312537050008 0
    outer loop
      vertex -18.870854035019875 -27.37082100659609 0
      vertex -18.58527096360922 -27.44235584139824 0
      vertex -18.870854035019875 -27.37082100659609 3
    endloop
  endfacet
  facet normal -0.14673047975168188 -0.9891765091791461 0
    outer loop
      vertex -18.58527096360922 -27.44235584139824 0
      vertex -18.29405142366886 -27.485554181039333 0
      vertex -18.58527096360922 -27.44235584139824 3
    endloop
  endfacet
  facet normal -0.0490676704157047 -0.9987954563973426 0
    outer loop
      vertex -18.29405142366886 -27.485554181039333 0
      vertex -18 -27.5 0
      vertex -18.29405142366886 -27.485554181039333 3
    endloop
  endfacet
  facet normal 0 0 -1
    outer loop
      vertex -18 -27.5 0
      vertex -17.015029254661833 -17.23681672538038 0
      vertex -16.888912372831363 -17.33035137968407 0
    endloop
  endfacet
  facet normal 0 0 -1
    outer loop
      vertex -18 -27.5 0
      vertex -16.888912372831363 -17.33035137968407 0
      vertex -16.754234778921596 -17.41107402295737 0
    endloop
  endfacet
  facet normal 0 0 -1
    outer loop
      vertex -18 -27.5 0
      vertex -16.754234778921596 -17.41107402295737 0
      vertex -16.612293491784143 -17.47820725201806 0
    endloop
  endfacet
  facet normal 0 0 -1
    outer loop
      vertex -18 -27.5 0
      vertex -16.46445548360714 -17.531104537171533 0
      vertex -16.312144515225807 -17.56925644864517 0
    endloop
  endfacet
  facet normal 0 0 -1
    outer loop
      vertex -18 -27.5 0
      vertex -16.612293491784143 -17.47820725201806 0
      vertex -16.46445548360714 -17.531104537171533 0
    endloop
  endfacet
  facet normal 0 0 -1
    outer loop
      vertex -18 -27.5 0
      vertex -16.312144515225807 -17.56925644864517 0
      vertex -16.156827424527297 -17.592295562675517 0
    endloop
  endfacet
  facet normal 0 0 -1
    outer loop
      vertex -18 -27.5 0
      vertex -16.156827424527297 -17.592295562675517 0
      vertex -16 -17.6 0
    endloop
  endfacet
  facet normal 0 0 -1
    outer loop
      vertex -18 -27.5 0
      vertex -16 -17.6 0
      vertex -15.843172575472703 -17.592295562675517 0
    endloop
  endfacet
  facet normal 0 0 -1
    outer loop
      vertex -18 -27.5 0
      vertex -15.843172575472703 -17.592295562675517 0
      vertex -15.687855484774195 -17.56925644864517 0
    endloop
  endfacet
  facet normal 0 0 -1
    outer loop
      vertex -18 -27.5 0
      vertex -15.687855484774195 -17.56925644864517 0
      vertex -15.53554451639286 -17.531104537171533 0
    endloop
  endfacet
  facet normal 0 0 -1
    outer loop
      vertex -18 -27.5 0
      vertex -15.53554451639286 -17.531104537171533 0
      vertex -15.387706508215857 -17.47820725201806 0
    endloop
  endfacet
  facet normal 0 0 -1
    outer loop
      vertex -18 -27.5 0
      vertex -15.387706508215857 -17.47820725201806 0
      vertex -15.245765221078404 -17.41107402295737 0
    endloop
  endfacet
  facet normal 0 0 -1
    outer loop
      vertex -18 -27.5 0
      vertex -15.245765221078404 -17.41107402295737 0
      vertex -15.111087627168637 -17.33035137968407 0
    endloop
  endfacet
  facet normal 0 0 -1
    outer loop
      vertex -18 -27.5 0
      vertex -15.111087627168637 -17.33035137968407 0
      vertex -14.984970745338167 -17.23681672538038 0
    endloop
  endfacet
  facet normal -0.9039892934402849 -0.42755509276037695 0
    outer loop
      vertex -20.64576379209757 -25.914190210402012 0
      vertex -20.64576379209757 -25.914190210402012 3
      vertex -20.771638594567776 -25.64805030077696 3
    endloop
  endfacet
  facet normal -0.8032075295459704 -0.59569930710104 0
    outer loop
      vertex -20.319031357765198 -26.403179854154587 0
      vertex -20.319031357765198 -26.403179854154587 3
      vertex -20.49440883845091 -26.166710697114468 3
    endloop
  endfacet
  facet normal -0.8577286120536309 -0.5141027407673995 0
    outer loop
      vertex -20.49440883845091 -26.166710697114468 0
      vertex -20.49440883845091 -26.166710697114468 3
      vertex -20.64576379209757 -25.914190210402012 3
    endloop
  endfacet
  facet normal -0.6715589499566086 -0.7409511297873682 0
    outer loop
      vertex -19.903179854154587 -26.819031357765198 0
      vertex -19.903179854154587 -26.819031357765198 3
      vertex -20.121320344507694 -26.621320344507694 3
    endloop
  endfacet
  facet normal -0.59569930710104 -0.8032075295459704 0
    outer loop
      vertex -19.666710697114468 -26.99440883845091 0
      vertex -19.666710697114468 -26.99440883845091 3
      vertex -19.903179854154587 -26.819031357765198 3
    endloop
  endfacet
  facet normal -0.7409511297873682 -0.6715589499566086 0
    outer loop
      vertex -20.121320344507694 -26.621320344507694 0
      vertex -20.121320344507694 -26.621320344507694 3
      vertex -20.319031357765198 -26.403179854154587 3
    endloop
  endfacet
  facet normal -0.9415440627982695 -0.3368898600571534 0
    outer loop
      vertex -20.771638594567776 -25.64805030077696 0
      vertex -20.771638594567776 -25.64805030077696 3
      vertex -20.87082100659609 -25.370854035019875 3
    endloop
  endfacet
  facet normal -0.9700312537050008 -0.2429801778654069 0
    outer loop
      vertex -20.87082100659609 -25.370854035019875 0
      vertex -20.87082100659609 -25.370854035019875 3
      vertex -20.94235584139824 -25.08527096360922 3
    endloop
  endfacet
  facet normal -0.9891765091791461 -0.14673047975168188 0
    outer loop
      vertex -20.94235584139824 -25.08527096360922 0
      vertex -20.94235584139824 -25.08527096360922 3
      vertex -20.985554181039333 -24.79405142366886 3
    endloop
  endfacet
  facet normal -0.9987954563973426 -0.0490676704157047 0
    outer loop
      vertex -20.985554181039333 -24.79405142366886 0
      vertex -20.985554181039333 -24.79405142366886 3
      vertex -21 -24.5 3
    endloop
  endfacet
  facet normal -0.5141027407673995 -0.8577286120536309 0
    outer loop
      vertex -19.414190210402012 -27.14576379209757 0
      vertex -19.414190210402012 -27.14576379209757 3
      vertex -19.666710697114468 -26.99440883845091 3
    endloop
  endfacet
  facet normal -0.42755509276037695 -0.9039892934402849 0
    outer loop
      vertex -19.14805030077696 -27.271638594567776 0
      vertex -19.14805030077696 -27.271638594567776 3
      vertex -19.414190210402012 -27.14576379209757 3
    endloop
  endfacet
  facet normal -0.3368898600571534 -0.9415440627982695 0
    outer loop
      vertex -18.870854035019875 -27.37082100659609 0
      vertex -18.870854035019875 -27.37082100659609 3
      vertex -19.14805030077696 -27.271638594567776 3
    endloop
  endfacet
  facet normal -0.2429801778654069 -0.9700312537050008 0
    outer loop
      vertex -18.58527096360922 -27.44235584139824 0
      vertex -18.58527096360922 -27.44235584139824 3
      vertex -18.870854035019875 -27.37082100659609 3
    endloop
  endfacet
  facet normal -0.14673047975168188 -0.9891765091791461 0
    outer loop
      vertex -18.29405142366886 -27.485554181039333 0
      vertex -18.29405142366886 -27.485554181039333 3
      vertex -18.58527096360922 -27.44235584139824 3
    endloop
  endfacet
  facet normal -0.0490676704157047 -0.9987954563973426 0
    outer loop
      vertex -18 -27.5 0
      vertex -18 -27.5 3
      vertex -18.29405142366886 -27.485554181039333 3
    endloop
  endfacet
  facet normal 0 0 -1
    outer loop
      vertex -18 -27.5 0
      vertex -17.592295562675517 -16.156827424527297 0
      vertex -17.56925644864517 -16.312144515225807 0
    endloop
  endfacet
  facet normal 0 0 -1
    outer loop
      vertex -18 -27.5 0
      vertex -17.6 -16 0
      vertex -17.592295562675517 -16.156827424527297 0
    endloop
  endfacet
  facet normal 0 0 -1
    outer loop
      vertex -18 -27.5 0
      vertex -17.41107402295737 -16.754234778921596 0
      vertex -17.33035137968407 -16.888912372831363 0
    endloop
  endfacet
  facet normal 0 0 -1
    outer loop
      vertex -18 -27.5 0
      vertex -17.47820725201806 -16.612293491784143 0
      vertex -17.41107402295737 -16.754234778921596 0
    endloop
  endfacet
  facet normal 0 0 -1
    outer loop
      vertex -18 -27.5 0
      vertex -17.33035137968407 -16.888912372831363 0
      vertex -17.23681672538038 -17.015029254661833 0
    endloop
  endfacet
  facet normal 0 0 -1
    outer loop
      vertex -18 -27.5 0
      vertex -17.23681672538038 -17.015029254661833 0
      vertex -17.131370849898477 -17.131370849898477 0
    endloop
  endfacet
  facet normal 0 0 -1
    outer loop
      vertex -18 -27.5 0
      vertex -17.56925644864517 -16.312144515225807 0
      vertex -17.531104537171533 -16.46445548360714 0
    endloop
  endfacet
  facet normal 0 0 -1
    outer loop
      vertex -18 -27.5 0
      vertex -17.531104537171533 -16.46445548360714 0
      vertex -17.47820725201806 -16.612293491784143 0
    endloop
  endfacet
  facet normal 0 0 -1
    outer loop
      vertex -18 -27.5 0
      vertex -17.131370849898477 -17.131370849898477 0
      vertex -17.015029254661833 -17.23681672538038 0
    endloop
  endfacet
  facet normal 0 0 -1
    outer loop
      vertex -18 -27.5 0
      vertex -14.984970745338167 -17.23681672538038 0
      vertex -14.868629150101524 -17.131370849898477 0
    endloop
  endfacet
  facet normal 0 0 -1
    outer loop
      vertex -18 -27.5 0
      vertex -14.868629150101524 -17.131370849898477 0
      vertex -14.763183274619621 -17.015029254661833 0
    endloop
  endfacet
  facet normal 0 0 -1
    outer loop
      vertex -18 -27.5 0
      vertex -14.763183274619621 -17.015029254661833 0
      vertex -14.669648620315927 -16.888912372831363 0
    endloop
  endfacet
  facet normal 0 0 -1
    outer loop
      vertex -18 -27.5 0
      vertex -14.669648620315927 -16.888912372831363 0
      vertex -14.588925977042631 -16.754234778921596 0
    endloop
  endfacet
  facet normal 0 0 -1
    outer loop
      vertex -18 -27.5 0
      vertex -14.588925977042631 -16.754234778921596 0
      vertex -14.52179274798194 -16.612293491784143 0
    endloop
  endfacet
  facet normal 0 0 -1
    outer loop
      vertex -18 -27.5 0
      vertex -14.52179274798194 -16.612293491784143 0
      vertex -14.468895462828465 -16.46445548360714 0
    endloop
  endfacet
  facet normal 0 0 1
    outer loop
      vertex -18 -27.5 3
      vertex -16.888912372831363 -17.33035137968407 3
      vertex -17.015029254661833 -17.23681672538038 3
    endloop
  endfacet
  facet normal 0 0 1
    outer loop
      vertex -18 -27.5 3
      vertex -16.754234778921596 -17.41107402295737 3
      vertex -16.888912372831363 -17.33035137968407 3
    endloop
  endfacet
  facet normal 0 0 1
    outer loop
      vertex -18 -27.5 3
      vertex -16.612293491784143 -17.47820725201806 3
      vertex -16.754234778921596 -17.41107402295737 3
    endloop
  endfacet
  facet normal 0 0 1
    outer loop
      vertex -18 -27.5 3
      vertex -16.312144515225807 -17.56925644864517 3
      vertex -16.46445548360714 -17.531104537171533 3
    endloop
  endfacet
  facet normal 0 0 1
    outer loop
      vertex -18 -27.5 3
      vertex -16.46445548360714 -17.531104537171533 3
      vertex -16.612293491784143 -17.47820725201806 3
    endloop
  endfacet
  facet normal 0 0 1
    outer loop
      vertex -18 -27.5 3
      vertex -16.156827424527297 -17.592295562675517 3
      vertex -16.312144515225807 -17.56925644864517 3
    endloop
  endfacet
  facet normal 0 0 1
    outer loop
      vertex -18 -27.5 3
      vertex -16 -17.6 3
      vertex -16.156827424527297 -17.592295562675517 3
    endloop
  endfacet
  facet normal 0 0 1
    outer loop
      vertex -18 -27.5 3
      vertex -15.843172575472703 -17.592295562675517 3
      vertex -16 -17.6 3
    endloop
  endfacet
  facet normal 0 0 1
    outer loop
      vertex -18 -27.5 3
      vertex -13.951963201008077 -20.51227419495968 3
      vertex -15.843172575472703 -17.592295562675517 3
    endloop
  endfacet
  facet normal 0 0 1
    outer loop
      vertex -18 -27.5 3
      vertex -17.56925644864517 -16.312144515225807 3
      vertex -17.592295562675517 -16.156827424527297 3
    endloop
  endfacet
  facet normal 0 0 1
    outer loop
      vertex -18 -27.5 3
      vertex -17.592295562675517 -16.156827424527297 3
      vertex -17.6 -16 3
    endloop
  endfacet
  facet normal 0 0 1
    outer loop
      vertex -18 -27.5 3
      vertex -17.33035137968407 -16.888912372831363 3
      vertex -17.41107402295737 -16.754234778921596 3
    endloop
  endfacet
  facet normal 0 0 1
    outer loop
      vertex -18 -27.5 3
      vertex -17.41107402295737 -16.754234778921596 3
      vertex -17.47820725201806 -16.612293491784143 3
    endloop
  endfacet
  facet normal 0 0 1
    outer loop
      vertex -18 -27.5 3
      vertex -17.23681672538038 -17.015029254661833 3
      vertex -17.33035137968407 -16.888912372831363 3
    endloop
  endfacet
  facet normal 0 0 1
    outer loop
      vertex -18 -27.5 3
      vertex -17.131370849898477 -17.131370849898477 3
      vertex -17.23681672538038 -17.015029254661833 3
    endloop
  endfacet
  facet normal 0 0 1
    outer loop
      vertex -18 -27.5 3
      vertex -17.531104537171533 -16.46445548360714 3
      vertex -17.56925644864517 -16.312144515225807 3
    endloop
  endfacet
  facet normal 0 0 1
    outer loop
      vertex -18 -27.5 3
      vertex -17.47820725201806 -16.612293491784143 3
      vertex -17.531104537171533 -16.46445548360714 3
    endloop
  endfacet
  facet normal 0 0 1
    outer loop
      vertex -18 -27.5 3
      vertex -17.015029254661833 -17.23681672538038 3
      vertex -17.131370849898477 -17.131370849898477 3
    endloop
  endfacet
  facet normal 0 0 1
    outer loop
      vertex -18 -27.5 3
      vertex -13.432526133406842 -22.585983210409115 3
      vertex -13.578674030756364 -22.388925582549007 3
    endloop
  endfacet
  facet normal 0 0 1
    outer loop
      vertex -18 -27.5 3
      vertex -13.267766952966369 -22.76776695296637 3
      vertex -13.432526133406842 -22.585983210409115 3
    endloop
  endfacet
  facet normal 0 0 1
    outer loop
      vertex -18 -27.5 3
      vertex -13.085983210409115 -22.932526133406842 3
      vertex -13.267766952966369 -22.76776695296637 3
    endloop
  endfacet
  facet normal 0 0 1
    outer loop
      vertex -18 -27.5 3
      vertex -12.888925582549005 -23.078674030756364 3
      vertex -13.085983210409115 -22.932526133406842 3
    endloop
  endfacet
  facet normal 0 0 1
    outer loop
      vertex -18 -27.5 3
      vertex -12.678491842064995 -23.20480316087089 3
      vertex -12.888925582549005 -23.078674030756364 3
    endloop
  endfacet
  facet normal 0 0 1
    outer loop
      vertex -18 -27.5 3
      vertex -12.456708580912725 -23.30969883127822 3
      vertex -12.678491842064995 -23.20480316087089 3
    endloop
  endfacet
  facet normal 0 0 1
    outer loop
      vertex -18 -27.5 3
      vertex -12.225711693136155 -23.392350839330522 3
      vertex -12.456708580912725 -23.30969883127822 3
    endloop
  endfacet
  facet normal 0 0 1
    outer loop
      vertex -18 -27.5 3
      vertex -11.98772580504032 -23.451963201008077 3
      vertex -12.225711693136155 -23.392350839330522 3
    endloop
  endfacet
  facet normal 0 0 1
    outer loop
      vertex -18 -27.5 3
      vertex -11.745042850823902 -23.487961816680492 3
      vertex -11.98772580504032 -23.451963201008077 3
    endloop
  endfacet
  facet normal 0 0 1
    outer loop
      vertex -18 -27.5 3
      vertex -11.5 -23.5 3
      vertex -11.745042850823902 -23.487961816680492 3
    endloop
  endfacet
  facet normal 0 0 1
    outer loop
      vertex -18 -27.5 3
      vertex -11.254957149176098 -23.487961816680492 3
      vertex -11.5 -23.5 3
    endloop
  endfacet
  facet normal 0 0 1
    outer loop
      vertex -18 -27.5 3
      vertex -11.01227419495968 -23.451963201008077 3
      vertex -11.254957149176098 -23.487961816680492 3
    endloop
  endfacet
  facet normal 0 0 1
    outer loop
      vertex -18 -27.5 3
      vertex -10.774288306863845 -23.392350839330522 3
      vertex -11.01227419495968 -23.451963201008077 3
    endloop
  endfacet
  facet normal 0 0 1
    outer loop
      vertex -18 -27.5 3
      vertex -13.578674030756364 -22.388925582549007 3
      vertex -13.704803160870888 -22.178491842064993 3
    endloop
  endfacet
  facet normal 0 0 1
    outer loop
      vertex -18 -27.5 3
      vertex -13.704803160870888 -22.178491842064993 3
      vertex -13.809698831278217 -21.956708580912725 3
    endloop
  endfacet
  facet normal 0 0 1
    outer loop
      vertex -18 -27.5 3
      vertex -13.809698831278217 -21.956708580912725 3
      vertex -13.892350839330522 -21.725711693136155 3
    endloop
  endfacet
  facet normal 0 0 1
    outer loop
      vertex -18 -27.5 3
      vertex -13.892350839330522 -21.725711693136155 3
      vertex -13.951963201008077 -21.48772580504032 3
    endloop
  endfacet
  facet normal 0 0 1
    outer loop
      vertex -18 -27.5 3
      vertex -13.951963201008077 -21.48772580504032 3
      vertex -13.987961816680492 -21.2450428508239 3
    endloop
  endfacet
  facet normal 0 0 1
    outer loop
      vertex -18 -27.5 3
      vertex -13.987961816680492 -21.2450428508239 3
      vertex -14 -21 3
    endloop
  endfacet
  facet normal 0 0 1
    outer loop
      vertex -18 -27.5 3
      vertex -14 -21 3
      vertex -13.987961816680492 -20.7549571491761 3
    endloop
  endfacet
  facet normal 0 0 1
    outer loop
      vertex -18 -27.5 3
      vertex -13.987961816680492 -20.7549571491761 3
      vertex -13.951963201008077 -20.51227419495968 3
    endloop
  endfacet
  facet normal 0 0 1
    outer loop
      vertex -18 -27.5 3
      vertex -10.543291419087275 -23.30969883127822 3
      vertex -10.774288306863845 -23.392350839330522 3
    endloop
  endfacet
  facet normal 0 0 1
    outer loop
      vertex -18 -27.5 3
      vertex -10.321508157935005 -23.20480316087089 3
      vertex -10.543291419087275 -23.30969883127822 3
    endloop
  endfacet
  facet normal 0 0 1
    outer loop
      vertex -13.951963201008077 -20.51227419495968 3
      vertex -15.687855484774195 -17.56925644864517 3
      vertex -15.843172575472703 -17.592295562675517 3
    endloop
  endfacet
  facet normal 0 0 1
    outer loop
      vertex -13.951963201008077 -20.51227419495968 3
      vertex -15.53554451639286 -17.531104537171533 3
      vertex -15.687855484774195 -17.56925644864517 3
    endloop
  endfacet
  facet normal 0 0 1
    outer loop
      vertex -13.951963201008077 -20.51227419495968 3
      vertex -15.387706508215857 -17.47820725201806 3
      vertex -15.53554451639286 -17.531104537171533 3
    endloop
  endfacet
  facet normal 0 0 1
    outer loop
      vertex -13.951963201008077 -20.51227419495968 3
      vertex -15.245765221078404 -17.41107402295737 3
      vertex -15.387706508215857 -17.47820725201806 3
    endloop
  endfacet
  facet normal 0 0 1
    outer loop
      vertex -13.951963201008077 -20.51227419495968 3
      vertex -15.111087627168637 -17.33035137968407 3
      vertex -15.245765221078404 -17.41107402295737 3
    endloop
  endfacet
  facet normal 0 0 1
    outer loop
      vertex -13.951963201008077 -20.51227419495968 3
      vertex -14.984970745338167 -17.23681672538038 3
      vertex -15.111087627168637 -17.33035137968407 3
    endloop
  endfacet
  facet normal 0 0 1
    outer loop
      vertex -13.951963201008077 -20.51227419495968 3
      vertex -14.868629150101524 -17.131370849898477 3
      vertex -14.984970745338167 -17.23681672538038 3
    endloop
  endfacet
  facet normal 0 0 1
    outer loop
      vertex -13.951963201008077 -20.51227419495968 3
      vertex -14.763183274619621 -17.015029254661833 3
      vertex -14.868629150101524 -17.131370849898477 3
    endloop
  endfacet
  facet normal 0 0 1
    outer loop
      vertex -13.951963201008077 -20.51227419495968 3
      vertex -14.669648620315927 -16.888912372831363 3
      vertex -14.763183274619621 -17.015029254661833 3
    endloop
  endfacet
  facet normal 0 0 1
    outer loop
      vertex -13.951963201008077 -20.51227419495968 3
      vertex -14.588925977042631 -16.754234778921596 3
      vertex -14.669648620315927 -16.888912372831363 3
    endloop
  endfacet
  facet normal 0 0 1
    outer loop
      vertex -13.951963201008077 -20.51227419495968 3
      vertex -14.52179274798194 -16.612293491784143 3
      vertex -14.588925977042631 -16.754234778921596 3
    endloop
  endfacet
  facet normal 0 0 1
    outer loop
      vertex -13.951963201008077 -20.51227419495968 3
      vertex -14.468895462828465 -16.46445548360714 3
      vertex -14.52179274798194 -16.612293491784143 3
    endloop
  endfacet
  facet normal 0 0 1
    outer loop
      vertex -13.951963201008077 -20.51227419495968 3
      vertex -14.430743551354832 -16.312144515225807 3
      vertex -14.468895462828465 -16.46445548360714 3
    endloop
  endfacet
  facet normal 0 0 1
    outer loop
      vertex -13.951963201008077 -20.51227419495968 3
      vertex -14.407704437324485 -16.156827424527297 3
      vertex -14.430743551354832 -16.312144515225807 3
    endloop
  endfacet
  facet normal 0 0 1
    outer loop
      vertex -13.951963201008077 -20.51227419495968 3
      vertex -14.4 -16 3
      vertex -14.407704437324485 -16.156827424527297 3
    endloop
  endfacet
  facet normal 0 0 1
    outer loop
      vertex -13.951963201008077 -20.51227419495968 3
      vertex -14.407704437324485 -15.843172575472703 3
      vertex -14.4 -16 3
    endloop
  endfacet
  facet normal 0 0 -1
    outer loop
      vertex -20.64576379209757 -25.914190210402012 0
      vertex -20.771638594567776 -25.64805030077696 0
      vertex -20.771638594567776 25.64805030077696 0
    endloop
  endfacet
  facet normal 0 0 -1
    outer loop
      vertex -20.64576379209757 -25.914190210402012 0
      vertex -20.64576379209757 25.914190210402012 0
      vertex -20.49440883845091 -26.166710697114468 0
    endloop
  endfacet
  facet normal 0 0 -1
    outer loop
      vertex -20.49440883845091 -26.166710697114468 0
      vertex -20.49440883845091 26.166710697114468 0
      vertex -20.319031357765198 -26.403179854154587 0
    endloop
  endfacet
  facet normal 0 0 -1
    outer loop
      vertex -20.319031357765198 -26.403179854154587 0
      vertex -20.319031357765198 26.403179854154587 0
      vertex -20.121320344507694 -26.621320344507694 0
    endloop
  endfacet
  facet normal 0 0 -1
    outer loop
      vertex -19.903179854154587 -26.819031357765198 0
      vertex -20.121320344507694 -26.621320344507694 0
      vertex -20.121320344507694 26.621320344507694 0
    endloop
  endfacet
  facet normal 0 0 -1
    outer loop
      vertex -19.903179854154587 -26.819031357765198 0
      vertex -19.903179854154587 26.819031357765198 0
      vertex -19.666710697114468 -26.99440883845091 0
    endloop
  endfacet
  facet normal 0 0 -1
    outer loop
      vertex -20.87082100659609 -25.370854035019875 0
      vertex -20.94235584139824 -25.08527096360922 0
      vertex -20.94235584139824 25.08527096360922 0
    endloop
  endfacet
  facet normal 0 0 -1
    outer loop
      vertex -20.87082100659609 -25.370854035019875 0
      vertex -20.87082100659609 25.370854035019875 0
      vertex -20.771638594567776 -25.64805030077696 0
    endloop
  endfacet
  facet normal 0 0 -1
    outer loop
      vertex -20.94235584139824 -25.08527096360922 0
      vertex -20.985554181039333 -24.79405142366886 0
      vertex -20.985554181039333 24.79405142366886 0
    endloop
  endfacet
  facet normal 0 0 -1
    outer loop
      vertex -20.985554181039333 -24.79405142366886 0
      vertex -21 -24.5 0
      vertex -21 24.5 0
    endloop
  endfacet
  facet normal 0 0 -1
    outer loop
      vertex -19.414190210402012 -27.14576379209757 0
      vertex -19.666710697114468 -26.99440883845091 0
      vertex -19.666710697114468 26.99440883845091 0
    endloop
  endfacet
  facet normal 0 0 -1
    outer loop
      vertex -19.414190210402012 -27.14576379209757 0
      vertex -19.414190210402012 27.14576379209757 0
      vertex -19.14805030077696 -27.271638594567776 0
    endloop
  endfacet
  facet normal 0 0 -1
    outer loop
      vertex -19.14805030077696 -27.271638594567776 0
      vertex -19.14805030077696 27.271638594567776 0
      vertex -18.870854035019875 -27.37082100659609 0
    endloop
  endfacet
  facet normal 0 0 -1
    outer loop
      vertex -18.870854035019875 -27.37082100659609 0
      vertex -18.870854035019875 27.37082100659609 0
      vertex -18.58527096360922 -27.44235584139824 0
    endloop
  endfacet
  facet normal 0 0 -1
    outer loop
      vertex -18.58527096360922 -27.44235584139824 0
      vertex -18.58527096360922 27.44235584139824 0
      vertex -18.29405142366886 -27.485554181039333 0
    endloop
  endfacet
  facet normal 0 0 -1
    outer loop
      vertex -18.29405142366886 -27.485554181039333 0
      vertex -18.29405142366886 27.485554181039333 0
      vertex -18 -27.5 0
    endloop
  endfacet
  facet normal -1 0 0
    outer loop
      vertex -21 -24.5 0
      vertex -21 -24.5 3
      vertex -21 24.5 3
    endloop
  endfacet
  facet normal 0 0 -1
    outer loop
      vertex -18 -27.5 0
      vertex -18 27.5 0
      vertex -17.6 -16 0
    endloop
  endfacet
  facet normal 0 0 -1
    outer loop
      vertex -17.6 -16 0
      vertex -17.592295562675517 15.843172575472703 0
      vertex -17.592295562675517 -15.843172575472703 0
    endloop
  endfacet
  facet normal 0 0 -1
    outer loop
      vertex -17.592295562675517 -15.843172575472703 0
      vertex -17.56925644864517 15.687855484774195 0
      vertex -17.56925644864517 -15.687855484774195 0
    endloop
  endfacet
  facet normal 0 0 -1
    outer loop
      vertex -17.56925644864517 -15.687855484774195 0
      vertex -17.531104537171533 15.53554451639286 0
      vertex -17.531104537171533 -15.53554451639286 0
    endloop
  endfacet
  facet normal 0 0 -1
    outer loop
      vertex -17.531104537171533 -15.53554451639286 0
      vertex -17.47820725201806 15.387706508215857 0
      vertex -17.47820725201806 -15.387706508215857 0
    endloop
  endfacet
  facet normal 0 0 -1
    outer loop
      vertex -17.47820725201806 -15.387706508215857 0
      vertex -17.41107402295737 15.245765221078404 0
      vertex -17.41107402295737 -15.245765221078404 0
    endloop
  endfacet
  facet normal 0 0 -1
    outer loop
      vertex -17.41107402295737 -15.245765221078404 0
      vertex -17.33035137968407 15.111087627168637 0
      vertex -17.33035137968407 -15.111087627168637 0
    endloop
  endfacet
  facet normal 0 0 -1
    outer loop
      vertex -17.33035137968407 -15.111087627168637 0
      vertex -17.23681672538038 14.984970745338167 0
      vertex -17.23681672538038 -14.984970745338167 0
    endloop
  endfacet
  facet normal 0 0 -1
    outer loop
      vertex -17.23681672538038 -14.984970745338167 0
      vertex -17.131370849898477 14.868629150101524 0
      vertex -17.131370849898477 -14.868629150101524 0
    endloop
  endfacet
  facet normal 0 0 -1
    outer loop
      vertex -17.015029254661833 -14.763183274619621 0
      vertex -17.131370849898477 -14.868629150101524 0
      vertex -17.015029254661833 14.763183274619621 0
    endloop
  endfacet
  facet normal 0 0 -1
    outer loop
      vertex -16.888912372831363 -14.669648620315927 0
      vertex -17.015029254661833 -14.763183274619621 0
      vertex -16.888912372831363 14.669648620315927 0
    endloop
  endfacet
  facet normal 0 0 -1
    outer loop
      vertex -16.754234778921596 -14.588925977042631 0
      vertex -16.888912372831363 -14.669648620315927 0
      vertex -16.754234778921596 14.588925977042631 0
    endloop
  endfacet
  facet normal 0 0 -1
    outer loop
      vertex -16.612293491784143 -14.52179274798194 0
      vertex -16.754234778921596 -14.588925977042631 0
      vertex -16.612293491784143 14.52179274798194 0
    endloop
  endfacet
  facet normal 0 0 -1
    outer loop
      vertex -16.46445548360714 -14.468895462828465 0
      vertex -16.612293491784143 -14.52179274798194 0
      vertex -16.46445548360714 14.468895462828465 0
    endloop
  endfacet
  facet normal 0 0 -1
    outer loop
      vertex -16.312144515225807 -14.430743551354832 0
      vertex -16.46445548360714 -14.468895462828465 0
      vertex -16.312144515225807 14.430743551354832 0
    endloop
  endfacet
  facet normal 0 0 -1
    outer loop
      vertex -16.156827424527297 -14.407704437324485 0
      vertex -16.312144515225807 -14.430743551354832 0
      vertex -16.156827424527297 14.407704437324485 0
    endloop
  endfacet
  facet normal 0 0 -1
    outer loop
      vertex -16 -14.4 0
      vertex -16.156827424527297 -14.407704437324485 0
      vertex -16 14.4 0
    endloop
  endfacet
  facet normal 0 0 -1
    outer loop
      vertex -15.843172575472703 -14.407704437324485 0
      vertex -16 -14.4 0
      vertex -15.843172575472703 14.407704437324485 0
    endloop
  endfacet
  facet normal 0 0 -1
    outer loop
      vertex -15.687855484774195 -14.430743551354832 0
      vertex -15.843172575472703 -14.407704437324485 0
      vertex -15.687855484774195 14.430743551354832 0
    endloop
  endfacet
  facet normal 0 0 -1
    outer loop
      vertex -15.53554451639286 -14.468895462828465 0
      vertex -15.687855484774195 -14.430743551354832 0
      vertex -15.53554451639286 14.468895462828465 0
    endloop
  endfacet
  facet normal 0 0 -1
    outer loop
      vertex -15.387706508215857 -14.52179274798194 0
      vertex -15.53554451639286 -14.468895462828465 0
      vertex -15.387706508215857 14.52179274798194 0
    endloop
  endfacet
  facet normal 0 0 -1
    outer loop
      vertex -15.245765221078404 -14.588925977042631 0
      vertex -15.387706508215857 -14.52179274798194 0
      vertex -15.245765221078404 14.588925977042631 0
    endloop
  endfacet
  facet normal 0 0 -1
    outer loop
      vertex -15.111087627168637 -14.669648620315927 0
      vertex -15.245765221078404 -14.588925977042631 0
      vertex -15.111087627168637 14.669648620315927 0
    endloop
  endfacet
  facet normal 0 0 -1
    outer loop
      vertex -14.984970745338167 -14.763183274619621 0
      vertex -15.111087627168637 -14.669648620315927 0
      vertex -14.984970745338167 14.763183274619621 0
    endloop
  endfacet
  facet normal 0 0 -1
    outer loop
      vertex -14.868629150101524 -14.868629150101524 0
      vertex -14.763183274619621 14.984970745338167 0
      vertex -14.763183274619621 -14.984970745338167 0
    endloop
  endfacet
  facet normal 0 0 -1
    outer loop
      vertex -14.984970745338167 -14.763183274619621 0
      vertex -14.868629150101524 14.868629150101524 0
      vertex -14.868629150101524 -14.868629150101524 0
    endloop
  endfacet
  facet normal 0 0 -1
    outer loop
      vertex -14.763183274619621 -14.984970745338167 0
      vertex -14.669648620315927 15.111087627168637 0
      vertex -14.669648620315927 -15.111087627168637 0
    endloop
  endfacet
  facet normal 0 0 1
    outer loop
      vertex -20.64576379209757 -25.914190210402012 3
      vertex -20.771638594567776 25.64805030077696 3
      vertex -20.771638594567776 -25.64805030077696 3
    endloop
  endfacet
  facet normal 0 0 1
    outer loop
      vertex -20.64576379209757 -25.914190210402012 3
      vertex -20.49440883845091 -26.166710697114468 3
      vertex -20.64576379209757 25.914190210402012 3
    endloop
  endfacet
  facet normal 0 0 1
    outer loop
      vertex -20.49440883845091 -26.166710697114468 3
      vertex -20.319031357765198 -26.403179854154587 3
      vertex -20.49440883845091 26.166710697114468 3
    endloop
  endfacet
  facet normal 0 0 1
    outer loop
      vertex -20.319031357765198 -26.403179854154587 3
      vertex -20.121320344507694 -26.621320344507694 3
      vertex -20.319031357765198 26.403179854154587 3
    endloop
  endfacet
  facet normal 0 0 1
    outer loop
      vertex -19.903179854154587 -26.819031357765198 3
      vertex -20.121320344507694 26.621320344507694 3
      vertex -20.121320344507694 -26.621320344507694 3
    endloop
  endfacet
  facet normal 0 0 1
    outer loop
      vertex -19.903179854154587 -26.819031357765198 3
      vertex -19.666710697114468 -26.99440883845091 3
      vertex -19.903179854154587 26.819031357765198 3
    endloop
  endfacet
  facet normal 0 0 1
    outer loop
      vertex -20.87082100659609 -25.370854035019875 3
      vertex -20.94235584139824 25.08527096360922 3
      vertex -20.94235584139824 -25.08527096360922 3
    endloop
  endfacet
  facet normal 0 0 1
    outer loop
      vertex -20.87082100659609 -25.370854035019875 3
      vertex -20.771638594567776 -25.64805030077696 3
      vertex -20.87082100659609 25.370854035019875 3
    endloop
  endfacet
  facet normal 0 0 1
    outer loop
      vertex -20.94235584139824 -25.08527096360922 3
      vertex -20.985554181039333 24.79405142366886 3
      vertex -20.985554181039333 -24.79405142366886 3
    endloop
  endfacet
  facet normal 0 0 1
    outer loop
      vertex -20.985554181039333 -24.79405142366886 3
      vertex -21 24.5 3
      vertex -21 -24.5 3
    endloop
  endfacet
  facet normal 0 0 1
    outer loop
      vertex -19.414190210402012 -27.14576379209757 3
      vertex -19.666710697114468 26.99440883845091 3
      vertex -19.666710697114468 -26.99440883845091 3
    endloop
  endfacet
  facet normal 0 0 1
    outer loop
      vertex -19.414190210402012 -27.14576379209757 3
      vertex -19.14805030077696 -27.271638594567776 3
      vertex -19.414190210402012 27.14576379209757 3
    endloop
  endfacet
  facet normal 0 0 1
    outer loop
      vertex -19.14805030077696 -27.271638594567776 3
      vertex -18.870854035019875 -27.37082100659609 3
      vertex -19.14805030077696 27.271638594567776 3
    endloop
  endfacet
  facet normal 0 0 1
    outer loop
      vertex -18.870854035019875 -27.37082100659609 3
      vertex -18.58527096360922 -27.44235584139824 3
      vertex -18.870854035019875 27.37082100659609 3
    endloop
  endfacet
  facet normal 0 0 1
    outer loop
      vertex -18.58527096360922 -27.44235584139824 3
      vertex -18.29405142366886 -27.485554181039333 3
      vertex -18.58527096360922 27.44235584139824 3
    endloop
  endfacet
  facet normal 0 0 1
    outer loop
      vertex -18.29405142366886 -27.485554181039333 3
      vertex -18 -27.5 3
      vertex -18.29405142366886 27.485554181039333 3
    endloop
  endfacet
  facet normal 0 0 1
    outer loop
      vertex -18 -27.5 3
      vertex -17.6 -16 3
      vertex -17.41107402295737 15.245765221078404 3
    endloop
  endfacet
  facet normal 0 0 1
    outer loop
      vertex -17.592295562675517 -15.843172575472703 3
      vertex -17.41107402295737 15.245765221078404 3
      vertex -17.6 -16 3
    endloop
  endfacet
  facet normal 0 0 1
    outer loop
      vertex -17.56925644864517 -15.687855484774195 3
      vertex -17.41107402295737 15.245765221078404 3
      vertex -17.592295562675517 -15.843172575472703 3
    endloop
  endfacet
  facet normal 0 0 1
    outer loop
      vertex -17.531104537171533 -15.53554451639286 3
      vertex -17.41107402295737 15.245765221078404 3
      vertex -17.56925644864517 -15.687855484774195 3
    endloop
  endfacet
  facet normal 0 0 1
    outer loop
      vertex -17.47820725201806 -15.387706508215857 3
      vertex -17.41107402295737 15.245765221078404 3
      vertex -17.531104537171533 -15.53554451639286 3
    endloop
  endfacet
  facet normal 0 0 1
    outer loop
      vertex -17.41107402295737 -15.245765221078404 3
      vertex -17.41107402295737 15.245765221078404 3
      vertex -17.47820725201806 -15.387706508215857 3
    endloop
  endfacet
  facet normal 0 0 1
    outer loop
      vertex -17.33035137968407 -15.111087627168637 3
      vertex -17.41107402295737 15.245765221078404 3
      vertex -17.41107402295737 -15.245765221078404 3
    endloop
  endfacet
  facet normal 0 0 1
    outer loop
      vertex -17.23681672538038 -14.984970745338167 3
      vertex -17.41107402295737 15.245765221078404 3
      vertex -17.33035137968407 -15.111087627168637 3
    endloop
  endfacet
  facet normal 0 0 1
    outer loop
      vertex -17.131370849898477 -14.868629150101524 3
      vertex -17.41107402295737 15.245765221078404 3
      vertex -17.23681672538038 -14.984970745338167 3
    endloop
  endfacet
  facet normal 0 0 1
    outer loop
      vertex -17.131370849898477 -14.868629150101524 3
      vertex -17.015029254661833 -14.763183274619621 3
      vertex -17.41107402295737 15.245765221078404 3
    endloop
  endfacet
  facet normal 0 0 1
    outer loop
      vertex -17.015029254661833 -14.763183274619621 3
      vertex -16.888912372831363 -14.669648620315927 3
      vertex -17.41107402295737 15.245765221078404 3
    endloop
  endfacet
  facet normal 0 0 1
    outer loop
      vertex -16.888912372831363 -14.669648620315927 3
      vertex -16.754234778921596 -14.588925977042631 3
      vertex -17.41107402295737 15.245765221078404 3
    endloop
  endfacet
  facet normal 0 0 1
    outer loop
      vertex -16.754234778921596 -14.588925977042631 3
      vertex -16.612293491784143 -14.52179274798194 3
      vertex -17.41107402295737 15.245765221078404 3
    endloop
  endfacet
  facet normal 0 0 1
    outer loop
      vertex -16.612293491784143 -14.52179274798194 3
      vertex -16.46445548360714 -14.468895462828465 3
      vertex -17.41107402295737 15.245765221078404 3
    endloop
  endfacet
  facet normal 0 0 1
    outer loop
      vertex -16.46445548360714 -14.468895462828465 3
      vertex -16.312144515225807 -14.430743551354832 3
      vertex -17.41107402295737 15.245765221078404 3
    endloop
  endfacet
  facet normal 0 0 1
    outer loop
      vertex -16.312144515225807 -14.430743551354832 3
      vertex -16.156827424527297 -14.407704437324485 3
      vertex -17.41107402295737 15.245765221078404 3
    endloop
  endfacet
  facet normal 0 0 1
    outer loop
      vertex -16.156827424527297 -14.407704437324485 3
      vertex -16 -14.4 3
      vertex -17.41107402295737 15.245765221078404 3
    endloop
  endfacet
  facet normal 0 0 1
    outer loop
      vertex -16 -14.4 3
      vertex -15.843172575472703 -14.407704437324485 3
      vertex -17.41107402295737 15.245765221078404 3
    endloop
  endfacet
  facet normal 0 0 1
    outer loop
      vertex -15.843172575472703 -14.407704437324485 3
      vertex -15.687855484774195 -14.430743551354832 3
      vertex -17.41107402295737 15.245765221078404 3
    endloop
  endfacet
  facet normal 0 0 1
    outer loop
      vertex -15.687855484774195 -14.430743551354832 3
      vertex -15.53554451639286 -14.468895462828465 3
      vertex -17.41107402295737 15.245765221078404 3
    endloop
  endfacet
  facet normal 0 0 1
    outer loop
      vertex -15.53554451639286 -14.468895462828465 3
      vertex -15.387706508215857 -14.52179274798194 3
      vertex -17.41107402295737 15.245765221078404 3
    endloop
  endfacet
  facet normal 0 0 1
    outer loop
      vertex -15.111087627168637 -14.669648620315927 3
      vertex -14.984970745338167 -14.763183274619621 3
      vertex -17.41107402295737 15.245765221078404 3
    endloop
  endfacet
  facet normal 0 0 1
    outer loop
      vertex -14.984970745338167 -14.763183274619621 3
      vertex -14.868629150101524 -14.868629150101524 3
      vertex -17.41107402295737 15.245765221078404 3
    endloop
  endfacet
  facet normal 0 0 1
    outer loop
      vertex -15.387706508215857 -14.52179274798194 3
      vertex -15.245765221078404 -14.588925977042631 3
      vertex -17.41107402295737 15.245765221078404 3
    endloop
  endfacet
  facet normal 0 0 1
    outer loop
      vertex -15.245765221078404 -14.588925977042631 3
      vertex -15.111087627168637 -14.669648620315927 3
      vertex -17.41107402295737 15.245765221078404 3
    endloop
  endfacet
  facet normal 0 0 1
    outer loop
      vertex -13.892350839330522 -20.274288306863845 3
      vertex -13.809698831278217 -20.043291419087275 3
      vertex -13.892350839330522 8.274288306863845 3
    endloop
  endfacet
  facet normal 0 0 1
    outer loop
      vertex -13.809698831278217 -20.043291419087275 3
      vertex -13.704803160870888 -19.821508157935007 3
      vertex -13.809698831278217 8.043291419087275 3
    endloop
  endfacet
  facet normal 0 0 1
    outer loop
      vertex -13.704803160870888 -19.821508157935007 3
      vertex -13.578674030756364 -19.611074417450993 3
      vertex -13.704803160870888 7.821508157935006 3
    endloop
  endfacet
  facet normal 0 0 1
    outer loop
      vertex -13.578674030756364 -19.611074417450993 3
      vertex -13.432526133406842 -19.414016789590885 3
      vertex -13.578674030756364 7.611074417450995 3
    endloop
  endfacet
  facet normal 0 0 1
    outer loop
      vertex -13.432526133406842 -19.414016789590885 3
      vertex -13.267766952966369 -19.23223304703363 3
      vertex -13.432526133406842 7.414016789590886 3
    endloop
  endfacet
  facet normal 0 0 1
    outer loop
      vertex -13.267766952966369 -19.23223304703363 3
      vertex -13.085983210409115 -19.067473866593158 3
      vertex -13.267766952966369 7.232233047033631 3
    endloop
  endfacet
  facet normal 0 0 1
    outer loop
      vertex -13.951963201008077 -20.51227419495968 3
      vertex -13.892350839330522 -20.274288306863845 3
      vertex -17.015029254661833 14.763183274619621 3
    endloop
  endfacet
  facet normal 0 0 1
    outer loop
      vertex -13.951963201008077 -20.51227419495968 3
      vertex -17.41107402295737 15.245765221078404 3
      vertex -14.407704437324485 -15.843172575472703 3
    endloop
  endfacet
  facet normal 0 0 1
    outer loop
      vertex -13.085983210409115 -19.067473866593158 3
      vertex -12.888925582549005 -18.921325969243636 3
      vertex -13.085983210409115 7.067473866593158 3
    endloop
  endfacet
  facet normal 0 0 1
    outer loop
      vertex -12.888925582549005 -18.921325969243636 3
      vertex -12.678491842064995 -18.79519683912911 3
      vertex -12.888925582549005 6.921325969243637 3
    endloop
  endfacet
  facet normal 0 0 1
    outer loop
      vertex -12.678491842064995 -18.79519683912911 3
      vertex -12.456708580912725 -18.69030116872178 3
      vertex -12.678491842064995 6.795196839129112 3
    endloop
  endfacet
  facet normal 0 0 1
    outer loop
      vertex -12.456708580912725 -18.69030116872178 3
      vertex -12.225711693136155 -18.607649160669478 3
      vertex -12.456708580912725 6.690301168721783 3
    endloop
  endfacet
  facet normal 0 0 1
    outer loop
      vertex -12.225711693136155 -18.607649160669478 3
      vertex -11.98772580504032 -18.548036798991923 3
      vertex -12.225711693136155 6.607649160669478 3
    endloop
  endfacet
  facet normal 0 0 1
    outer loop
      vertex -11.98772580504032 -18.548036798991923 3
      vertex -11.745042850823902 -18.512038183319508 3
      vertex -11.98772580504032 6.548036798991924 3
    endloop
  endfacet
  facet normal 0 0 1
    outer loop
      vertex -11.745042850823902 -18.512038183319508 3
      vertex -11.5 -18.5 3
      vertex -11.745042850823902 6.512038183319508 3
    endloop
  endfacet
  facet normal 0 0 1
    outer loop
      vertex -11.5 -18.5 3
      vertex -11.254957149176098 -18.512038183319508 3
      vertex -11.5 6.5 3
    endloop
  endfacet
  facet normal 0 0 1
    outer loop
      vertex -11.254957149176098 -18.512038183319508 3
      vertex -11.01227419495968 -18.548036798991923 3
      vertex -11.254957149176098 6.512038183319508 3
    endloop
  endfacet
  facet normal 0 0 1
    outer loop
      vertex -11.01227419495968 -18.548036798991923 3
      vertex -10.774288306863845 -18.607649160669478 3
      vertex -11.01227419495968 6.548036798991924 3
    endloop
  endfacet
  facet normal 0 0 1
    outer loop
      vertex -10.774288306863845 -18.607649160669478 3
      vertex -10.543291419087275 -18.69030116872178 3
      vertex -11.01227419495968 6.548036798991924 3
    endloop
  endfacet
  facet normal 0 0 1
    outer loop
      vertex -10.543291419087275 -18.69030116872178 3
      vertex -10.321508157935005 -18.79519683912911 3
      vertex -11.01227419495968 6.548036798991924 3
    endloop
  endfacet
  facet normal 0 0 1
    outer loop
      vertex -14.430743551354832 -15.687855484774195 3
      vertex -17.41107402295737 15.245765221078404 3
      vertex -14.468895462828465 -15.53554451639286 3
    endloop
  endfacet
  facet normal 0 0 1
    outer loop
      vertex -14.468895462828465 -15.53554451639286 3
      vertex -17.41107402295737 15.245765221078404 3
      vertex -14.52179274798194 -15.387706508215857 3
    endloop
  endfacet
  facet normal 0 0 1
    outer loop
      vertex -14.407704437324485 -15.843172575472703 3
      vertex -17.41107402295737 15.245765221078404 3
      vertex -14.430743551354832 -15.687855484774195 3
    endloop
  endfacet
  facet normal 0 0 1
    outer loop
      vertex -14.669648620315927 -15.111087627168637 3
      vertex -17.41107402295737 15.245765221078404 3
      vertex -14.763183274619621 -14.984970745338167 3
    endloop
  endfacet
  facet normal 0 0 1
    outer loop
      vertex -14.763183274619621 -14.984970745338167 3
      vertex -17.41107402295737 15.245765221078404 3
      vertex -14.868629150101524 -14.868629150101524 3
    endloop
  endfacet
  facet normal 0 0 1
    outer loop
      vertex -14.52179274798194 -15.387706508215857 3
      vertex -17.41107402295737 15.245765221078404 3
      vertex -14.588925977042631 -15.245765221078404 3
    endloop
  endfacet
  facet normal 0 0 1
    outer loop
      vertex -14.588925977042631 -15.245765221078404 3
      vertex -17.41107402295737 15.245765221078404 3
      vertex -14.669648620315927 -15.111087627168637 3
    endloop
  endfacet
  facet normal 0 0 1
    outer loop
      vertex -13.892350839330522 -20.274288306863845 3
      vertex -13.892350839330522 8.274288306863845 3
      vertex -13.951963201008077 8.51227419495968 3
    endloop
  endfacet
  facet normal 0 0 1
    outer loop
      vertex -13.809698831278217 -20.043291419087275 3
      vertex -13.809698831278217 8.043291419087275 3
      vertex -13.892350839330522 8.274288306863845 3
    endloop
  endfacet
  facet normal 0 0 1
    outer loop
      vertex -13.704803160870888 -19.821508157935007 3
      vertex -13.704803160870888 7.821508157935006 3
      vertex -13.809698831278217 8.043291419087275 3
    endloop
  endfacet
  facet normal 0 0 1
    outer loop
      vertex -13.578674030756364 -19.611074417450993 3
      vertex -13.578674030756364 7.611074417450995 3
      vertex -13.704803160870888 7.821508157935006 3
    endloop
  endfacet
  facet normal 0 0 1
    outer loop
      vertex -13.432526133406842 -19.414016789590885 3
      vertex -13.432526133406842 7.414016789590886 3
      vertex -13.578674030756364 7.611074417450995 3
    endloop
  endfacet
  facet normal 0 0 1
    outer loop
      vertex -13.267766952966369 -19.23223304703363 3
      vertex -13.267766952966369 7.232233047033631 3
      vertex -13.432526133406842 7.414016789590886 3
    endloop
  endfacet
  facet normal 0 0 1
    outer loop
      vertex -13.085983210409115 -19.067473866593158 3
      vertex -13.085983210409115 7.067473866593158 3
      vertex -13.267766952966369 7.232233047033631 3
    endloop
  endfacet
  facet normal 0 0 1
    outer loop
      vertex -12.456708580912725 -18.69030116872178 3
      vertex -12.456708580912725 6.690301168721783 3
      vertex -12.678491842064995 6.795196839129112 3
    endloop
  endfacet
  facet normal 0 0 1
    outer loop
      vertex -12.225711693136155 -18.607649160669478 3
      vertex -12.225711693136155 6.607649160669478 3
      vertex -12.456708580912725 6.690301168721783 3
    endloop
  endfacet
  facet normal 0 0 1
    outer loop
      vertex -11.98772580504032 -18.548036798991923 3
      vertex -11.98772580504032 6.548036798991924 3
      vertex -12.225711693136155 6.607649160669478 3
    endloop
  endfacet
  facet normal 0 0 1
    outer loop
      vertex -11.745042850823902 -18.512038183319508 3
      vertex -11.745042850823902 6.512038183319508 3
      vertex -11.98772580504032 6.548036798991924 3
    endloop
  endfacet
  facet normal 0 0 1
    outer loop
      vertex -12.888925582549005 -18.921325969243636 3
      vertex -12.888925582549005 6.921325969243637 3
      vertex -13.085983210409115 7.067473866593158 3
    endloop
  endfacet
  facet normal 0 0 1
    outer loop
      vertex -12.678491842064995 -18.79519683912911 3
      vertex -12.678491842064995 6.795196839129112 3
      vertex -12.888925582549005 6.921325969243637 3
    endloop
  endfacet
  facet normal 0 0 1
    outer loop
      vertex -11.5 -18.5 3
      vertex -11.5 6.5 3
      vertex -11.745042850823902 6.512038183319508 3
    endloop
  endfacet
  facet normal 0 0 1
    outer loop
      vertex -11.254957149176098 -18.512038183319508 3
      vertex -11.254957149176098 6.512038183319508 3
      vertex -11.5 6.5 3
    endloop
  endfacet
  facet normal 0 0 1
    outer loop
      vertex -11.01227419495968 -18.548036798991923 3
      vertex -11.01227419495968 6.548036798991924 3
      vertex -11.254957149176098 6.512038183319508 3
    endloop
  endfacet
  facet normal 0 -1 0
    outer loop
      vertex -18 -27.5 0
      vertex 18 -27.5 0
      vertex -18 -27.5 3
    endloop
  endfacet
  facet normal 0 0 1
    outer loop
      vertex -18 -27.5 3
      vertex 9.914016789590885 -22.932526133406842 3
      vertex -10.321508157935005 -23.20480316087089 3
    endloop
  endfacet
  facet normal 0 0 1
    outer loop
      vertex -10.321508157935005 -23.20480316087089 3
      vertex 9.914016789590885 -22.932526133406842 3
      vertex -10.111074417450995 -23.078674030756364 3
    endloop
  endfacet
  facet normal 0 0 1
    outer loop
      vertex -10.111074417450995 -23.078674030756364 3
      vertex 9.914016789590885 -22.932526133406842 3
      vertex -9.914016789590885 -22.932526133406842 3
    endloop
  endfacet
  facet normal 0 0 1
    outer loop
      vertex -9.914016789590885 -22.932526133406842 3
      vertex 9.732233047033631 -22.76776695296637 3
      vertex -9.732233047033631 -22.76776695296637 3
    endloop
  endfacet
  facet normal 0 0 1
    outer loop
      vertex -9.732233047033631 -22.76776695296637 3
      vertex 9.567473866593158 -22.585983210409115 3
      vertex -9.567473866593158 -22.585983210409115 3
    endloop
  endfacet
  facet normal 0 0 1
    outer loop
      vertex -9.567473866593158 -22.585983210409115 3
      vertex 9.421325969243636 -22.388925582549007 3
      vertex -9.421325969243636 -22.388925582549007 3
    endloop
  endfacet
  facet normal 0 0 1
    outer loop
      vertex -9.421325969243636 -22.388925582549007 3
      vertex 9.295196839129112 -22.178491842064993 3
      vertex -9.295196839129112 -22.178491842064993 3
    endloop
  endfacet
  facet normal 0 0 1
    outer loop
      vertex -9.295196839129112 -22.178491842064993 3
      vertex 9.190301168721783 -21.956708580912725 3
      vertex -9.190301168721783 -21.956708580912725 3
    endloop
  endfacet
  facet normal 0 0 1
    outer loop
      vertex -9.190301168721783 -21.956708580912725 3
      vertex 9.107649160669478 -21.725711693136155 3
      vertex -9.107649160669478 -21.725711693136155 3
    endloop
  endfacet
  facet normal 0 0 1
    outer loop
      vertex -9.107649160669478 -21.725711693136155 3
      vertex 9.048036798991923 -21.48772580504032 3
      vertex -9.048036798991923 -21.48772580504032 3
    endloop
  endfacet
  facet normal 0 0 1
    outer loop
      vertex -9.048036798991923 -21.48772580504032 3
      vertex 9.012038183319508 -21.2450428508239 3
      vertex -9.012038183319508 -21.2450428508239 3
    endloop
  endfacet
  facet normal 0 0 1
    outer loop
      vertex -9.012038183319508 -21.2450428508239 3
      vertex 9 -21 3
      vertex -9 -21 3
    endloop
  endfacet
  facet normal 0 0 1
    outer loop
      vertex -9 -21 3
      vertex 9.012038183319508 -20.7549571491761 3
      vertex -9.012038183319508 -20.7549571491761 3
    endloop
  endfacet
  facet normal 0 0 1
    outer loop
      vertex -9.012038183319508 -20.7549571491761 3
      vertex 9.048036798991923 -20.51227419495968 3
      vertex -9.048036798991923 -20.51227419495968 3
    endloop
  endfacet
  facet normal 0 0 1
    outer loop
      vertex -9.048036798991923 -20.51227419495968 3
      vertex 9.107649160669478 -20.274288306863845 3
      vertex -9.107649160669478 -20.274288306863845 3
    endloop
  endfacet
  facet normal 0 0 1
    outer loop
      vertex -9.190301168721783 -20.043291419087275 3
      vertex -9.107649160669478 -20.274288306863845 3
      vertex 9.190301168721783 -20.043291419087275 3
    endloop
  endfacet
  facet normal 0 0 -1
    outer loop
      vertex -18 -27.5 0
      vertex -14.468895462828465 -16.46445548360714 0
      vertex 18 27.5 0
    endloop
  endfacet
  facet normal 0 0 -1
    outer loop
      vertex 18 27.5 0
      vertex -14.468895462828465 -16.46445548360714 0
      vertex -14.430743551354832 -16.312144515225807 0
    endloop
  endfacet
  facet normal 0 0 -1
    outer loop
      vertex 18 27.5 0
      vertex -14.430743551354832 -16.312144515225807 0
      vertex -14.407704437324485 -16.156827424527297 0
    endloop
  endfacet
  facet normal 0 0 -1
    outer loop
      vertex 18 27.5 0
      vertex -14.407704437324485 -15.843172575472703 0
      vertex -14.430743551354832 -15.687855484774195 0
    endloop
  endfacet
  facet normal 0 0 -1
    outer loop
      vertex 18 27.5 0
      vertex -14.430743551354832 -15.687855484774195 0
      vertex -14.468895462828465 -15.53554451639286 0
    endloop
  endfacet
  facet normal 0 0 -1
    outer loop
      vertex 18 27.5 0
      vertex -14.468895462828465 -15.53554451639286 0
      vertex -14.52179274798194 -15.387706508215857 0
    endloop
  endfacet
  facet normal 0 0 -1
    outer loop
      vertex 18 27.5 0
      vertex -14.52179274798194 -15.387706508215857 0
      vertex -14.588925977042631 -15.245765221078404 0
    endloop
  endfacet
  facet normal 0 0 -1
    outer loop
      vertex 18 27.5 0
      vertex -14.588925977042631 -15.245765221078404 0
      vertex -14.669648620315927 -15.111087627168637 0
    endloop
  endfacet
  facet normal 0 0 -1
    outer loop
      vertex 18 27.5 0
      vertex -14.407704437324485 -16.156827424527297 0
      vertex -14.4 -16 0
    endloop
  endfacet
  facet normal 0 0 -1
    outer loop
      vertex 18 27.5 0
      vertex -14.4 -16 0
      vertex -14.407704437324485 -15.843172575472703 0
    endloop
  endfacet
  facet normal 0 0 1
    outer loop
      vertex -10.111074417450995 -18.921325969243636 3
      vertex -11.01227419495968 6.548036798991924 3
      vertex -10.321508157935005 -18.79519683912911 3
    endloop
  endfacet
  facet normal 0 0 1
    outer loop
      vertex -10.111074417450995 -18.921325969243636 3
      vertex -9.914016789590885 -19.067473866593158 3
      vertex -11.01227419495968 6.548036798991924 3
    endloop
  endfacet
  facet normal 0 0 1
    outer loop
      vertex -9.914016789590885 -19.067473866593158 3
      vertex -9.732233047033631 -19.23223304703363 3
      vertex -11.01227419495968 6.548036798991924 3
    endloop
  endfacet
  facet normal 0 0 1
    outer loop
      vertex -9.295196839129112 -19.821508157935007 3
      vertex -11.01227419495968 6.548036798991924 3
      vertex -9.421325969243636 -19.611074417450993 3
    endloop
  endfacet
  facet normal 0 0 1
    outer loop
      vertex -9.567473866593158 -19.414016789590885 3
      vertex -9.421325969243636 -19.611074417450993 3
      vertex -11.01227419495968 6.548036798991924 3
    endloop
  endfacet
  facet normal 0 0 1
    outer loop
      vertex -9.567473866593158 -19.414016789590885 3
      vertex -11.01227419495968 6.548036798991924 3
      vertex -9.732233047033631 -19.23223304703363 3
    endloop
  endfacet
  facet normal 0 0 1
    outer loop
      vertex -9.190301168721783 -20.043291419087275 3
      vertex -11.01227419495968 6.548036798991924 3
      vertex -9.295196839129112 -19.821508157935007 3
    endloop
  endfacet
  facet normal 0 0 1
    outer loop
      vertex -9.190301168721783 -20.043291419087275 3
      vertex 9.295196839129112 -19.821508157935007 3
      vertex -11.01227419495968 6.548036798991924 3
    endloop
  endfacet
  facet normal 0 0 1
    outer loop
      vertex -11.01227419495968 6.548036798991924 3
      vertex 9.295196839129112 -19.821508157935007 3
      vertex -10.774288306863845 6.607649160669478 3
    endloop
  endfacet
  facet normal 0 0 1
    outer loop
      vertex -10.774288306863845 6.607649160669478 3
      vertex 9.421325969243636 -19.611074417450993 3
      vertex -10.543291419087275 6.690301168721783 3
    endloop
  endfacet
  facet normal 0 0 1
    outer loop
      vertex -10.543291419087275 6.690301168721783 3
      vertex 9.567473866593158 -19.414016789590885 3
      vertex -10.321508157935005 6.795196839129112 3
    endloop
  endfacet
  facet normal 0 0 1
    outer loop
      vertex -10.321508157935005 6.795196839129112 3
      vertex 9.732233047033631 -19.23223304703363 3
      vertex -10.111074417450995 6.921325969243637 3
    endloop
  endfacet
  facet normal 0 0 1
    outer loop
      vertex -10.111074417450995 6.921325969243637 3
      vertex 9.914016789590885 -19.067473866593158 3
      vertex -9.914016789590885 7.067473866593158 3
    endloop
  endfacet
  facet normal 0 0 1
    outer loop
      vertex -9.914016789590885 7.067473866593158 3
      vertex 10.321508157935005 -18.79519683912911 3
      vertex -9.732233047033631 7.232233047033631 3
    endloop
  endfacet
  facet normal 0 0 1
    outer loop
      vertex -9.732233047033631 7.232233047033631 3
      vertex 10.543291419087275 -18.69030116872178 3
      vertex -9.567473866593158 7.414016789590886 3
    endloop
  endfacet
  facet normal 0 0 1
    outer loop
      vertex -9.567473866593158 7.414016789590886 3
      vertex 10.774288306863845 -18.607649160669478 3
      vertex -9.421325969243636 7.611074417450995 3
    endloop
  endfacet
  facet normal 0 0 1
    outer loop
      vertex -9.421325969243636 7.611074417450995 3
      vertex 11.01227419495968 -18.548036798991923 3
      vertex -9.295196839129112 7.821508157935006 3
    endloop
  endfacet
  facet normal 0 0 1
    outer loop
      vertex -9.295196839129112 7.821508157935006 3
      vertex 11.254957149176098 -18.512038183319508 3
      vertex -9.190301168721783 8.043291419087275 3
    endloop
  endfacet
  facet normal 0 0 1
    outer loop
      vertex -9.190301168721783 8.043291419087275 3
      vertex 11.254957149176098 -18.512038183319508 3
      vertex -9.107649160669478 8.274288306863845 3
    endloop
  endfacet
  facet normal 0 0 1
    outer loop
      vertex -9.107649160669478 8.274288306863845 3
      vertex 11.745042850823902 -18.512038183319508 3
      vertex -9.048036798991923 8.51227419495968 3
    endloop
  endfacet
  facet normal 0 0 1
    outer loop
      vertex -9.048036798991923 8.51227419495968 3
      vertex 11.98772580504032 -18.548036798991923 3
      vertex -9.012038183319508 8.754957149176098 3
    endloop
  endfacet
  facet normal 0 0 1
    outer loop
      vertex -9.012038183319508 8.754957149176098 3
      vertex 12.225711693136155 -18.607649160669478 3
      vertex -9 9 3
    endloop
  endfacet
  facet normal 0 0 1
    outer loop
      vertex -9 9 3
      vertex 12.225711693136155 -18.607649160669478 3
      vertex -9.012038183319508 9.245042850823902 3
    endloop
  endfacet
  facet normal 0 0 -1
    outer loop
      vertex -17.531104537171533 -15.53554451639286 0
      vertex -17.531104537171533 15.53554451639286 0
      vertex -17.47820725201806 15.387706508215857 0
    endloop
  endfacet
  facet normal 0 0 -1
    outer loop
      vertex -17.47820725201806 -15.387706508215857 0
      vertex -17.47820725201806 15.387706508215857 0
      vertex -17.41107402295737 15.245765221078404 0
    endloop
  endfacet
  facet normal 0 0 -1
    outer loop
      vertex -17.41107402295737 -15.245765221078404 0
      vertex -17.41107402295737 15.245765221078404 0
      vertex -17.33035137968407 15.111087627168637 0
    endloop
  endfacet
  facet normal 0 0 -1
    outer loop
      vertex -17.33035137968407 -15.111087627168637 0
      vertex -17.33035137968407 15.111087627168637 0
      vertex -17.23681672538038 14.984970745338167 0
    endloop
  endfacet
  facet normal 0 0 -1
    outer loop
      vertex -17.131370849898477 -14.868629150101524 0
      vertex -17.131370849898477 14.868629150101524 0
      vertex -17.015029254661833 14.763183274619621 0
    endloop
  endfacet
  facet normal 0 0 -1
    outer loop
      vertex -17.23681672538038 -14.984970745338167 0
      vertex -17.23681672538038 14.984970745338167 0
      vertex -17.131370849898477 14.868629150101524 0
    endloop
  endfacet
  facet normal 0 0 -1
    outer loop
      vertex -17.56925644864517 -15.687855484774195 0
      vertex -17.56925644864517 15.687855484774195 0
      vertex -17.531104537171533 15.53554451639286 0
    endloop
  endfacet
  facet normal 0 0 -1
    outer loop
      vertex -17.592295562675517 -15.843172575472703 0
      vertex -17.592295562675517 15.843172575472703 0
      vertex -17.56925644864517 15.687855484774195 0
    endloop
  endfacet
  facet normal 0 0 -1
    outer loop
      vertex -17.6 -16 0
      vertex -17.6 16 0
      vertex -17.592295562675517 15.843172575472703 0
    endloop
  endfacet
  facet normal 0 0 -1
    outer loop
      vertex -17.015029254661833 -14.763183274619621 0
      vertex -17.015029254661833 14.763183274619621 0
      vertex -16.888912372831363 14.669648620315927 0
    endloop
  endfacet
  facet normal 0 0 -1
    outer loop
      vertex -16.888912372831363 -14.669648620315927 0
      vertex -16.888912372831363 14.669648620315927 0
      vertex -16.754234778921596 14.588925977042631 0
    endloop
  endfacet
  facet normal 0 0 -1
    outer loop
      vertex -16.754234778921596 -14.588925977042631 0
      vertex -16.754234778921596 14.588925977042631 0
      vertex -16.612293491784143 14.52179274798194 0
    endloop
  endfacet
  facet normal 0 0 -1
    outer loop
      vertex -16.612293491784143 -14.52179274798194 0
      vertex -16.612293491784143 14.52179274798194 0
      vertex -16.46445548360714 14.468895462828465 0
    endloop
  endfacet
  facet normal 0 0 -1
    outer loop
      vertex -16.46445548360714 -14.468895462828465 0
      vertex -16.46445548360714 14.468895462828465 0
      vertex -16.312144515225807 14.430743551354832 0
    endloop
  endfacet
  facet normal 0 0 -1
    outer loop
      vertex -16.312144515225807 -14.430743551354832 0
      vertex -16.312144515225807 14.430743551354832 0
      vertex -16.156827424527297 14.407704437324485 0
    endloop
  endfacet
  facet normal 0 0 -1
    outer loop
      vertex -16.156827424527297 -14.407704437324485 0
      vertex -16.156827424527297 14.407704437324485 0
      vertex -16 14.4 0
    endloop
  endfacet
  facet normal 0 0 -1
    outer loop
      vertex -16 -14.4 0
      vertex -16 14.4 0
      vertex -15.843172575472703 14.407704437324485 0
    endloop
  endfacet
  facet normal 0 0 -1
    outer loop
      vertex -15.843172575472703 -14.407704437324485 0
      vertex -15.843172575472703 14.407704437324485 0
      vertex -15.687855484774195 14.430743551354832 0
    endloop
  endfacet
  facet normal 0 0 -1
    outer loop
      vertex -20.985554181039333 -24.79405142366886 0
      vertex -21 24.5 0
      vertex -20.985554181039333 24.79405142366886 0
    endloop
  endfacet
  facet normal 0 0 -1
    outer loop
      vertex -20.94235584139824 -25.08527096360922 0
      vertex -20.985554181039333 24.79405142366886 0
      vertex -20.94235584139824 25.08527096360922 0
    endloop
  endfacet
  facet normal 0 0 -1
    outer loop
      vertex -20.87082100659609 -25.370854035019875 0
      vertex -20.94235584139824 25.08527096360922 0
      vertex -20.87082100659609 25.370854035019875 0
    endloop
  endfacet
  facet normal 0 0 -1
    outer loop
      vertex -20.771638594567776 -25.64805030077696 0
      vertex -20.87082100659609 25.370854035019875 0
      vertex -20.771638594567776 25.64805030077696 0
    endloop
  endfacet
  facet normal 0 0 -1
    outer loop
      vertex -20.64576379209757 -25.914190210402012 0
      vertex -20.771638594567776 25.64805030077696 0
      vertex -20.64576379209757 25.914190210402012 0
    endloop
  endfacet
  facet normal 0 0 -1
    outer loop
      vertex -20.49440883845091 -26.166710697114468 0
      vertex -20.64576379209757 25.914190210402012 0
      vertex -20.49440883845091 26.166710697114468 0
    endloop
  endfacet
  facet normal 0 0 -1
    outer loop
      vertex -20.319031357765198 -26.403179854154587 0
      vertex -20.49440883845091 26.166710697114468 0
      vertex -20.319031357765198 26.403179854154587 0
    endloop
  endfacet
  facet normal 0 0 -1
    outer loop
      vertex -20.121320344507694 -26.621320344507694 0
      vertex -20.319031357765198 26.403179854154587 0
      vertex -20.121320344507694 26.621320344507694 0
    endloop
  endfacet
  facet normal 0 0 -1
    outer loop
      vertex -19.903179854154587 -26.819031357765198 0
      vertex -20.121320344507694 26.621320344507694 0
      vertex -19.903179854154587 26.819031357765198 0
    endloop
  endfacet
  facet normal 0 0 -1
    outer loop
      vertex -19.666710697114468 -26.99440883845091 0
      vertex -19.903179854154587 26.819031357765198 0
      vertex -19.666710697114468 26.99440883845091 0
    endloop
  endfacet
  facet normal 0 0 -1
    outer loop
      vertex -19.414190210402012 -27.14576379209757 0
      vertex -19.666710697114468 26.99440883845091 0
      vertex -19.414190210402012 27.14576379209757 0
    endloop
  endfacet
  facet normal 0 0 -1
    outer loop
      vertex -19.14805030077696 -27.271638594567776 0
      vertex -19.414190210402012 27.14576379209757 0
      vertex -19.14805030077696 27.271638594567776 0
    endloop
  endfacet
  facet normal 0 0 -1
    outer loop
      vertex -18.870854035019875 -27.37082100659609 0
      vertex -19.14805030077696 27.271638594567776 0
      vertex -18.870854035019875 27.37082100659609 0
    endloop
  endfacet
  facet normal 0 0 -1
    outer loop
      vertex -18.58527096360922 -27.44235584139824 0
      vertex -18.870854035019875 27.37082100659609 0
      vertex -18.58527096360922 27.44235584139824 0
    endloop
  endfacet
  facet normal 0 0 -1
    outer loop
      vertex -18.29405142366886 -27.485554181039333 0
      vertex -18.58527096360922 27.44235584139824 0
      vertex -18.29405142366886 27.485554181039333 0
    endloop
  endfacet
  facet normal -1 0 0
    outer loop
      vertex -21 -24.5 0
      vertex -21 24.5 3
      vertex -21 24.5 0
    endloop
  endfacet
  facet normal 0 0 -1
    outer loop
      vertex -18 -27.5 0
      vertex -18.29405142366886 27.485554181039333 0
      vertex -18 27.5 0
    endloop
  endfacet
  facet normal 0 0 -1
    outer loop
      vertex -18 27.5 0
      vertex -17.6 16 0
      vertex -17.6 -16 0
    endloop
  endfacet
  facet normal 0 0 -1
    outer loop
      vertex -15.687855484774195 -14.430743551354832 0
      vertex -15.687855484774195 14.430743551354832 0
      vertex -15.53554451639286 14.468895462828465 0
    endloop
  endfacet
  facet normal 0 0 -1
    outer loop
      vertex -15.53554451639286 -14.468895462828465 0
      vertex -15.53554451639286 14.468895462828465 0
      vertex -15.387706508215857 14.52179274798194 0
    endloop
  endfacet
  facet normal 0 0 -1
    outer loop
      vertex -15.387706508215857 -14.52179274798194 0
      vertex -15.387706508215857 14.52179274798194 0
      vertex -15.245765221078404 14.588925977042631 0
    endloop
  endfacet
  facet normal 0 0 -1
    outer loop
      vertex -15.245765221078404 -14.588925977042631 0
      vertex -15.245765221078404 14.588925977042631 0
      vertex -15.111087627168637 14.669648620315927 0
    endloop
  endfacet
  facet normal 0 0 -1
    outer loop
      vertex -15.111087627168637 -14.669648620315927 0
      vertex -15.111087627168637 14.669648620315927 0
      vertex -14.984970745338167 14.763183274619621 0
    endloop
  endfacet
  facet normal 0 0 -1
    outer loop
      vertex -14.984970745338167 -14.763183274619621 0
      vertex -14.984970745338167 14.763183274619621 0
      vertex -14.868629150101524 14.868629150101524 0
    endloop
  endfacet
  facet normal 0 0 -1
    outer loop
      vertex -14.868629150101524 -14.868629150101524 0
      vertex -14.868629150101524 14.868629150101524 0
      vertex -14.763183274619621 14.984970745338167 0
    endloop
  endfacet
  facet normal 0 0 -1
    outer loop
      vertex -14.763183274619621 -14.984970745338167 0
      vertex -14.763183274619621 14.984970745338167 0
      vertex -14.669648620315927 15.111087627168637 0
    endloop
  endfacet
  facet normal 0 0 1
    outer loop
      vertex -18 -27.5 3
      vertex -17.56925644864517 15.687855484774195 3
      vertex -17.592295562675517 15.843172575472703 3
    endloop
  endfacet
  facet normal 0 0 1
    outer loop
      vertex -18 -27.5 3
      vertex -17.592295562675517 15.843172575472703 3
      vertex -17.6 16 3
    endloop
  endfacet
  facet normal 0 0 1
    outer loop
      vertex -18 -27.5 3
      vertex -17.41107402295737 15.245765221078404 3
      vertex -17.47820725201806 15.387706508215857 3
    endloop
  endfacet
  facet normal 0 0 1
    outer loop
      vertex -18 -27.5 3
      vertex -17.47820725201806 15.387706508215857 3
      vertex -17.531104537171533 15.53554451639286 3
    endloop
  endfacet
  facet normal 0 0 1
    outer loop
      vertex -18 -27.5 3
      vertex -17.531104537171533 15.53554451639286 3
      vertex -17.56925644864517 15.687855484774195 3
    endloop
  endfacet
  facet normal 0 0 1
    outer loop
      vertex -13.951963201008077 -20.51227419495968 3
      vertex -17.23681672538038 14.984970745338167 3
      vertex -17.33035137968407 15.111087627168637 3
    endloop
  endfacet
  facet normal 0 0 1
    outer loop
      vertex -13.951963201008077 -20.51227419495968 3
      vertex -17.131370849898477 14.868629150101524 3
      vertex -17.23681672538038 14.984970745338167 3
    endloop
  endfacet
  facet normal 0 0 1
    outer loop
      vertex -13.951963201008077 -20.51227419495968 3
      vertex -17.33035137968407 15.111087627168637 3
      vertex -17.41107402295737 15.245765221078404 3
    endloop
  endfacet
  facet normal 0 0 1
    outer loop
      vertex -13.951963201008077 -20.51227419495968 3
      vertex -17.015029254661833 14.763183274619621 3
      vertex -17.131370849898477 14.868629150101524 3
    endloop
  endfacet
  facet normal 0 0 1
    outer loop
      vertex -18 -27.5 3
      vertex -17.6 16 3
      vertex -18 27.5 3
    endloop
  endfacet
  facet normal 0 0 1
    outer loop
      vertex -20.985554181039333 -24.79405142366886 3
      vertex -20.985554181039333 24.79405142366886 3
      vertex -21 24.5 3
    endloop
  endfacet
  facet normal 0 0 1
    outer loop
      vertex -20.94235584139824 -25.08527096360922 3
      vertex -20.94235584139824 25.08527096360922 3
      vertex -20.985554181039333 24.79405142366886 3
    endloop
  endfacet
  facet normal 0 0 1
    outer loop
      vertex -20.87082100659609 -25.370854035019875 3
      vertex -20.87082100659609 25.370854035019875 3
      vertex -20.94235584139824 25.08527096360922 3
    endloop
  endfacet
  facet normal 0 0 1
    outer loop
      vertex -20.771638594567776 -25.64805030077696 3
      vertex -20.771638594567776 25.64805030077696 3
      vertex -20.87082100659609 25.370854035019875 3
    endloop
  endfacet
  facet normal 0 0 1
    outer loop
      vertex -20.64576379209757 -25.914190210402012 3
      vertex -20.64576379209757 25.914190210402012 3
      vertex -20.771638594567776 25.64805030077696 3
    endloop
  endfacet
  facet normal 0 0 1
    outer loop
      vertex -20.49440883845091 -26.166710697114468 3
      vertex -20.49440883845091 26.166710697114468 3
      vertex -20.64576379209757 25.914190210402012 3
    endloop
  endfacet
  facet normal 0 0 1
    outer loop
      vertex -20.319031357765198 -26.403179854154587 3
      vertex -20.319031357765198 26.403179854154587 3
      vertex -20.49440883845091 26.166710697114468 3
    endloop
  endfacet
  facet normal 0 0 1
    outer loop
      vertex -20.121320344507694 -26.621320344507694 3
      vertex -20.121320344507694 26.621320344507694 3
      vertex -20.319031357765198 26.403179854154587 3
    endloop
  endfacet
  facet normal 0 0 1
    outer loop
      vertex -19.903179854154587 -26.819031357765198 3
      vertex -19.903179854154587 26.819031357765198 3
      vertex -20.121320344507694 26.621320344507694 3
    endloop
  endfacet
  facet normal 0 0 1
    outer loop
      vertex -19.666710697114468 -26.99440883845091 3
      vertex -19.666710697114468 26.99440883845091 3
      vertex -19.903179854154587 26.819031357765198 3
    endloop
  endfacet
  facet normal 0 0 1
    outer loop
      vertex -19.414190210402012 -27.14576379209757 3
      vertex -19.414190210402012 27.14576379209757 3
      vertex -19.666710697114468 26.99440883845091 3
    endloop
  endfacet
  facet normal 0 0 1
    outer loop
      vertex -19.14805030077696 -27.271638594567776 3
      vertex -19.14805030077696 27.271638594567776 3
      vertex -19.414190210402012 27.14576379209757 3
    endloop
  endfacet
  facet normal 0 0 1
    outer loop
      vertex -18.870854035019875 -27.37082100659609 3
      vertex -18.870854035019875 27.37082100659609 3
      vertex -19.14805030077696 27.271638594567776 3
    endloop
  endfacet
  facet normal 0 0 1
    outer loop
      vertex -18.58527096360922 -27.44235584139824 3
      vertex -18.58527096360922 27.44235584139824 3
      vertex -18.870854035019875 27.37082100659609 3
    endloop
  endfacet
  facet normal 0 0 1
    outer loop
      vertex -18.29405142366886 -27.485554181039333 3
      vertex -18.29405142366886 27.485554181039333 3
      vertex -18.58527096360922 27.44235584139824 3
    endloop
  endfacet
  facet normal 0 0 1
    outer loop
      vertex -18 -27.5 3
      vertex -18 27.5 3
      vertex -18.29405142366886 27.485554181039333 3
    endloop
  endfacet
  facet normal 0 0 1
    outer loop
      vertex -13.951963201008077 8.51227419495968 3
      vertex -16.888912372831363 14.669648620315927 3
      vertex -17.015029254661833 14.763183274619621 3
    endloop
  endfacet
  facet normal 0 0 1
    outer loop
      vertex -13.951963201008077 8.51227419495968 3
      vertex -16.754234778921596 14.588925977042631 3
      vertex -16.888912372831363 14.669648620315927 3
    endloop
  endfacet
  facet normal 0 0 1
    outer loop
      vertex -13.951963201008077 8.51227419495968 3
      vertex -16.612293491784143 14.52179274798194 3
      vertex -16.754234778921596 14.588925977042631 3
    endloop
  endfacet
  facet normal 0 0 1
    outer loop
      vertex -13.892350839330522 -20.274288306863845 3
      vertex -13.951963201008077 8.51227419495968 3
      vertex -17.015029254661833 14.763183274619621 3
    endloop
  endfacet
  facet normal 0 0 1
    outer loop
      vertex -13.951963201008077 8.51227419495968 3
      vertex -13.987961816680492 8.754957149176098 3
      vertex -15.387706508215857 14.52179274798194 3
    endloop
  endfacet
  facet normal 0 0 1
    outer loop
      vertex -13.951963201008077 8.51227419495968 3
      vertex -16.156827424527297 14.407704437324485 3
      vertex -16.312144515225807 14.430743551354832 3
    endloop
  endfacet
  facet normal 0 0 1
    outer loop
      vertex -13.951963201008077 8.51227419495968 3
      vertex -16.46445548360714 14.468895462828465 3
      vertex -16.612293491784143 14.52179274798194 3
    endloop
  endfacet
  facet normal 0 0 1
    outer loop
      vertex -13.951963201008077 8.51227419495968 3
      vertex -16.312144515225807 14.430743551354832 3
      vertex -16.46445548360714 14.468895462828465 3
    endloop
  endfacet
  facet normal 0 0 1
    outer loop
      vertex -13.951963201008077 8.51227419495968 3
      vertex -16 14.4 3
      vertex -16.156827424527297 14.407704437324485 3
    endloop
  endfacet
  facet normal 0 0 1
    outer loop
      vertex -13.951963201008077 8.51227419495968 3
      vertex -15.843172575472703 14.407704437324485 3
      vertex -16 14.4 3
    endloop
  endfacet
  facet normal 0 0 1
    outer loop
      vertex -13.951963201008077 8.51227419495968 3
      vertex -15.687855484774195 14.430743551354832 3
      vertex -15.843172575472703 14.407704437324485 3
    endloop
  endfacet
  facet normal 0 0 1
    outer loop
      vertex -13.951963201008077 8.51227419495968 3
      vertex -15.53554451639286 14.468895462828465 3
      vertex -15.687855484774195 14.430743551354832 3
    endloop
  endfacet
  facet normal 0 0 1
    outer loop
      vertex -13.951963201008077 8.51227419495968 3
      vertex -15.387706508215857 14.52179274798194 3
      vertex -15.53554451639286 14.468895462828465 3
    endloop
  endfacet
  facet normal 0 0 1
    outer loop
      vertex -13.987961816680492 8.754957149176098 3
      vertex -15.245765221078404 14.588925977042631 3
      vertex -15.387706508215857 14.52179274798194 3
    endloop
  endfacet
  facet normal 0 0 1
    outer loop
      vertex -13.892350839330522 9.725711693136155 3
      vertex -15.111087627168637 14.669648620315927 3
      vertex -15.245765221078404 14.588925977042631 3
    endloop
  endfacet
  facet normal 0 0 1
    outer loop
      vertex -13.809698831278217 9.956708580912725 3
      vertex -14.984970745338167 14.763183274619621 3
      vertex -15.111087627168637 14.669648620315927 3
    endloop
  endfacet
  facet normal 0 0 1
    outer loop
      vertex -13.704803160870888 10.178491842064995 3
      vertex -14.868629150101524 14.868629150101524 3
      vertex -14.984970745338167 14.763183274619621 3
    endloop
  endfacet
  facet normal 0 0 1
    outer loop
      vertex -13.987961816680492 8.754957149176098 3
      vertex -14 9 3
      vertex -15.245765221078404 14.588925977042631 3
    endloop
  endfacet
  facet normal 0 0 1
    outer loop
      vertex -14 9 3
      vertex -13.987961816680492 9.245042850823902 3
      vertex -15.245765221078404 14.588925977042631 3
    endloop
  endfacet
  facet normal 0 0 1
    outer loop
      vertex -13.987961816680492 9.245042850823902 3
      vertex -13.951963201008077 9.48772580504032 3
      vertex -15.245765221078404 14.588925977042631 3
    endloop
  endfacet
  facet normal 0 0 1
    outer loop
      vertex -13.951963201008077 9.48772580504032 3
      vertex -13.892350839330522 9.725711693136155 3
      vertex -15.245765221078404 14.588925977042631 3
    endloop
  endfacet
  facet normal 0 0 1
    outer loop
      vertex -13.892350839330522 9.725711693136155 3
      vertex -13.809698831278217 9.956708580912725 3
      vertex -15.111087627168637 14.669648620315927 3
    endloop
  endfacet
  facet normal 0 0 1
    outer loop
      vertex -13.809698831278217 9.956708580912725 3
      vertex -13.704803160870888 10.178491842064995 3
      vertex -14.984970745338167 14.763183274619621 3
    endloop
  endfacet
  facet normal 0 0 1
    outer loop
      vertex -13.704803160870888 10.178491842064995 3
      vertex -13.578674030756364 10.388925582549005 3
      vertex -14.868629150101524 14.868629150101524 3
    endloop
  endfacet
  facet normal 0 0 1
    outer loop
      vertex -13.578674030756364 10.388925582549005 3
      vertex -13.432526133406842 10.585983210409115 3
      vertex -14.868629150101524 14.868629150101524 3
    endloop
  endfacet
  facet normal 0 0 1
    outer loop
      vertex -13.432526133406842 10.585983210409115 3
      vertex -13.267766952966369 10.767766952966369 3
      vertex -14.669648620315927 15.111087627168637 3
    endloop
  endfacet
  facet normal 0 0 1
    outer loop
      vertex -13.432526133406842 10.585983210409115 3
      vertex -14.763183274619621 14.984970745338167 3
      vertex -14.868629150101524 14.868629150101524 3
    endloop
  endfacet
  facet normal 0 0 1
    outer loop
      vertex -13.432526133406842 10.585983210409115 3
      vertex -14.669648620315927 15.111087627168637 3
      vertex -14.763183274619621 14.984970745338167 3
    endloop
  endfacet
  facet normal 0 0 1
    outer loop
      vertex -13.267766952966369 10.767766952966369 3
      vertex -14.588925977042631 15.245765221078404 3
      vertex -14.669648620315927 15.111087627168637 3
    endloop
  endfacet
  facet normal 0 0 1
    outer loop
      vertex -13.267766952966369 10.767766952966369 3
      vertex -13.085983210409115 10.932526133406842 3
      vertex -14.588925977042631 15.245765221078404 3
    endloop
  endfacet
  facet normal 0 0 1
    outer loop
      vertex -13.085983210409115 10.932526133406842 3
      vertex -12.888925582549005 11.078674030756364 3
      vertex -14.468895462828465 15.53554451639286 3
    endloop
  endfacet
  facet normal 0 0 1
    outer loop
      vertex -12.888925582549005 11.078674030756364 3
      vertex -12.678491842064995 11.204803160870888 3
      vertex -14.407704437324485 15.843172575472703 3
    endloop
  endfacet
  facet normal 0 0 -1
    outer loop
      vertex -18 27.5 0
      vertex -17.592295562675517 16.156827424527297 0
      vertex -17.6 16 0
    endloop
  endfacet
  facet normal 0 0 -1
    outer loop
      vertex -18 27.5 0
      vertex -17.56925644864517 16.312144515225807 0
      vertex -17.592295562675517 16.156827424527297 0
    endloop
  endfacet
  facet normal 0 0 -1
    outer loop
      vertex -18 27.5 0
      vertex -17.531104537171533 16.46445548360714 0
      vertex -17.56925644864517 16.312144515225807 0
    endloop
  endfacet
  facet normal 0 0 -1
    outer loop
      vertex -18 27.5 0
      vertex -17.47820725201806 16.612293491784143 0
      vertex -17.531104537171533 16.46445548360714 0
    endloop
  endfacet
  facet normal 0 0 -1
    outer loop
      vertex -18 27.5 0
      vertex -17.41107402295737 16.754234778921596 0
      vertex -17.47820725201806 16.612293491784143 0
    endloop
  endfacet
  facet normal 0 0 -1
    outer loop
      vertex -18 27.5 0
      vertex -17.33035137968407 16.888912372831363 0
      vertex -17.41107402295737 16.754234778921596 0
    endloop
  endfacet
  facet normal 0 0 -1
    outer loop
      vertex -18 27.5 0
      vertex -17.23681672538038 17.015029254661833 0
      vertex -17.33035137968407 16.888912372831363 0
    endloop
  endfacet
  facet normal 0 0 -1
    outer loop
      vertex -18 27.5 0
      vertex -17.131370849898477 17.131370849898477 0
      vertex -17.23681672538038 17.015029254661833 0
    endloop
  endfacet
  facet normal 0 0 -1
    outer loop
      vertex -18 27.5 0
      vertex -17.015029254661833 17.23681672538038 0
      vertex -17.131370849898477 17.131370849898477 0
    endloop
  endfacet
  facet normal -0.9987954563973426 0.0490676704157047 0
    outer loop
      vertex -21 24.5 0
      vertex -20.985554181039333 24.79405142366886 3
      vertex -20.985554181039333 24.79405142366886 0
    endloop
  endfacet
  facet normal -0.9891765091791461 0.14673047975168188 0
    outer loop
      vertex -20.985554181039333 24.79405142366886 0
      vertex -20.94235584139824 25.08527096360922 3
      vertex -20.94235584139824 25.08527096360922 0
    endloop
  endfacet
  facet normal -0.9700312537050008 0.2429801778654069 0
    outer loop
      vertex -20.94235584139824 25.08527096360922 0
      vertex -20.87082100659609 25.370854035019875 3
      vertex -20.87082100659609 25.370854035019875 0
    endloop
  endfacet
  facet normal -0.9415440627982695 0.3368898600571534 0
    outer loop
      vertex -20.87082100659609 25.370854035019875 0
      vertex -20.771638594567776 25.64805030077696 3
      vertex -20.771638594567776 25.64805030077696 0
    endloop
  endfacet
  facet normal -0.9039892934402849 0.42755509276037695 0
    outer loop
      vertex -20.771638594567776 25.64805030077696 0
      vertex -20.64576379209757 25.914190210402012 3
      vertex -20.64576379209757 25.914190210402012 0
    endloop
  endfacet
  facet normal -0.8577286120536309 0.5141027407673995 0
    outer loop
      vertex -20.64576379209757 25.914190210402012 0
      vertex -20.49440883845091 26.166710697114468 3
      vertex -20.49440883845091 26.166710697114468 0
    endloop
  endfacet
  facet normal -0.8032075295459704 0.59569930710104 0
    outer loop
      vertex -20.49440883845091 26.166710697114468 0
      vertex -20.319031357765198 26.403179854154587 3
      vertex -20.319031357765198 26.403179854154587 0
    endloop
  endfacet
  facet normal -0.7409511297873682 0.6715589499566086 0
    outer loop
      vertex -20.319031357765198 26.403179854154587 0
      vertex -20.121320344507694 26.621320344507694 3
      vertex -20.121320344507694 26.621320344507694 0
    endloop
  endfacet
  facet normal -0.6715589499566086 0.7409511297873682 0
    outer loop
      vertex -20.121320344507694 26.621320344507694 0
      vertex -19.903179854154587 26.819031357765198 3
      vertex -19.903179854154587 26.819031357765198 0
    endloop
  endfacet
  facet normal -0.59569930710104 0.8032075295459704 0
    outer loop
      vertex -19.903179854154587 26.819031357765198 0
      vertex -19.666710697114468 26.99440883845091 3
      vertex -19.666710697114468 26.99440883845091 0
    endloop
  endfacet
  facet normal -0.5141027407673995 0.8577286120536309 0
    outer loop
      vertex -19.666710697114468 26.99440883845091 0
      vertex -19.414190210402012 27.14576379209757 3
      vertex -19.414190210402012 27.14576379209757 0
    endloop
  endfacet
  facet normal -0.42755509276037695 0.9039892934402849 0
    outer loop
      vertex -19.414190210402012 27.14576379209757 0
      vertex -19.14805030077696 27.271638594567776 3
      vertex -19.14805030077696 27.271638594567776 0
    endloop
  endfacet
  facet normal -0.3368898600571534 0.9415440627982695 0
    outer loop
      vertex -19.14805030077696 27.271638594567776 0
      vertex -18.870854035019875 27.37082100659609 3
      vertex -18.870854035019875 27.37082100659609 0
    endloop
  endfacet
  facet normal -0.2429801778654069 0.9700312537050008 0
    outer loop
      vertex -18.870854035019875 27.37082100659609 0
      vertex -18.58527096360922 27.44235584139824 3
      vertex -18.58527096360922 27.44235584139824 0
    endloop
  endfacet
  facet normal -0.14673047975168188 0.9891765091791461 0
    outer loop
      vertex -18.58527096360922 27.44235584139824 0
      vertex -18.29405142366886 27.485554181039333 3
      vertex -18.29405142366886 27.485554181039333 0
    endloop
  endfacet
  facet normal 0 0 -1
    outer loop
      vertex -18 27.5 0
      vertex -16.888912372831363 17.33035137968407 0
      vertex -17.015029254661833 17.23681672538038 0
    endloop
  endfacet
  facet normal 0 0 -1
    outer loop
      vertex -18 27.5 0
      vertex -16.754234778921596 17.41107402295737 0
      vertex -16.888912372831363 17.33035137968407 0
    endloop
  endfacet
  facet normal 0 0 -1
    outer loop
      vertex -18 27.5 0
      vertex -16.612293491784143 17.47820725201806 0
      vertex -16.754234778921596 17.41107402295737 0
    endloop
  endfacet
  facet normal 0 0 -1
    outer loop
      vertex -18 27.5 0
      vertex -16.46445548360714 17.531104537171533 0
      vertex -16.612293491784143 17.47820725201806 0
    endloop
  endfacet
  facet normal 0 0 -1
    outer loop
      vertex -18 27.5 0
      vertex -16.312144515225807 17.56925644864517 0
      vertex -16.46445548360714 17.531104537171533 0
    endloop
  endfacet
  facet normal 0 0 -1
    outer loop
      vertex -18 27.5 0
      vertex -16.156827424527297 17.592295562675517 0
      vertex -16.312144515225807 17.56925644864517 0
    endloop
  endfacet
  facet normal -0.0490676704157047 0.9987954563973426 0
    outer loop
      vertex -18.29405142366886 27.485554181039333 0
      vertex -18 27.5 3
      vertex -18 27.5 0
    endloop
  endfacet
  facet normal -0.9987954563973426 0.0490676704157047 0
    outer loop
      vertex -21 24.5 0
      vertex -21 24.5 3
      vertex -20.985554181039333 24.79405142366886 3
    endloop
  endfacet
  facet normal -0.9891765091791461 0.14673047975168188 0
    outer loop
      vertex -20.985554181039333 24.79405142366886 0
      vertex -20.985554181039333 24.79405142366886 3
      vertex -20.94235584139824 25.08527096360922 3
    endloop
  endfacet
  facet normal -0.9700312537050008 0.2429801778654069 0
    outer loop
      vertex -20.94235584139824 25.08527096360922 0
      vertex -20.94235584139824 25.08527096360922 3
      vertex -20.87082100659609 25.370854035019875 3
    endloop
  endfacet
  facet normal -0.9415440627982695 0.3368898600571534 0
    outer loop
      vertex -20.87082100659609 25.370854035019875 0
      vertex -20.87082100659609 25.370854035019875 3
      vertex -20.771638594567776 25.64805030077696 3
    endloop
  endfacet
  facet normal -0.9039892934402849 0.42755509276037695 0
    outer loop
      vertex -20.771638594567776 25.64805030077696 0
      vertex -20.771638594567776 25.64805030077696 3
      vertex -20.64576379209757 25.914190210402012 3
    endloop
  endfacet
  facet normal -0.8577286120536309 0.5141027407673995 0
    outer loop
      vertex -20.64576379209757 25.914190210402012 0
      vertex -20.64576379209757 25.914190210402012 3
      vertex -20.49440883845091 26.166710697114468 3
    endloop
  endfacet
  facet normal -0.8032075295459704 0.59569930710104 0
    outer loop
      vertex -20.49440883845091 26.166710697114468 0
      vertex -20.49440883845091 26.166710697114468 3
      vertex -20.319031357765198 26.403179854154587 3
    endloop
  endfacet
  facet normal -0.7409511297873682 0.6715589499566086 0
    outer loop
      vertex -20.319031357765198 26.403179854154587 0
      vertex -20.319031357765198 26.403179854154587 3
      vertex -20.121320344507694 26.621320344507694 3
    endloop
  endfacet
  facet normal -0.6715589499566086 0.7409511297873682 0
    outer loop
      vertex -20.121320344507694 26.621320344507694 0
      vertex -20.121320344507694 26.621320344507694 3
      vertex -19.903179854154587 26.819031357765198 3
    endloop
  endfacet
  facet normal -0.59569930710104 0.8032075295459704 0
    outer loop
      vertex -19.903179854154587 26.819031357765198 0
      vertex -19.903179854154587 26.819031357765198 3
      vertex -19.666710697114468 26.99440883845091 3
    endloop
  endfacet
  facet normal -0.5141027407673995 0.8577286120536309 0
    outer loop
      vertex -19.666710697114468 26.99440883845091 0
      vertex -19.666710697114468 26.99440883845091 3
      vertex -19.414190210402012 27.14576379209757 3
    endloop
  endfacet
  facet normal -0.42755509276037695 0.9039892934402849 0
    outer loop
      vertex -19.414190210402012 27.14576379209757 0
      vertex -19.414190210402012 27.14576379209757 3
      vertex -19.14805030077696 27.271638594567776 3
    endloop
  endfacet
  facet normal -0.3368898600571534 0.9415440627982695 0
    outer loop
      vertex -19.14805030077696 27.271638594567776 0
      vertex -19.14805030077696 27.271638594567776 3
      vertex -18.870854035019875 27.37082100659609 3
    endloop
  endfacet
  facet normal -0.2429801778654069 0.9700312537050008 0
    outer loop
      vertex -18.870854035019875 27.37082100659609 0
      vertex -18.870854035019875 27.37082100659609 3
      vertex -18.58527096360922 27.44235584139824 3
    endloop
  endfacet
  facet normal -0.14673047975168188 0.9891765091791461 0
    outer loop
      vertex -18.58527096360922 27.44235584139824 0
      vertex -18.58527096360922 27.44235584139824 3
      vertex -18.29405142366886 27.485554181039333 3
    endloop
  endfacet
  facet normal -0.0490676704157047 0.9987954563973426 0
    outer loop
      vertex -18.29405142366886 27.485554181039333 0
      vertex -18.29405142366886 27.485554181039333 3
      vertex -18 27.5 3
    endloop
  endfacet
  facet normal 0 0 1
    outer loop
      vertex -18 27.5 3
      vertex -17.6 16 3
      vertex -17.592295562675517 16.156827424527297 3
    endloop
  endfacet
  facet normal 0 0 1
    outer loop
      vertex -18 27.5 3
      vertex -17.592295562675517 16.156827424527297 3
      vertex -17.56925644864517 16.312144515225807 3
    endloop
  endfacet
  facet normal 0 0 1
    outer loop
      vertex -18 27.5 3
      vertex -17.56925644864517 16.312144515225807 3
      vertex -17.531104537171533 16.46445548360714 3
    endloop
  endfacet
  facet normal 0 0 1
    outer loop
      vertex -18 27.5 3
      vertex -17.531104537171533 16.46445548360714 3
      vertex -17.47820725201806 16.612293491784143 3
    endloop
  endfacet
  facet normal 0 0 1
    outer loop
      vertex -18 27.5 3
      vertex -17.47820725201806 16.612293491784143 3
      vertex -17.41107402295737 16.754234778921596 3
    endloop
  endfacet
  facet normal 0 0 1
    outer loop
      vertex -18 27.5 3
      vertex -17.41107402295737 16.754234778921596 3
      vertex -17.33035137968407 16.888912372831363 3
    endloop
  endfacet
  facet normal 0 0 1
    outer loop
      vertex -18 27.5 3
      vertex -17.33035137968407 16.888912372831363 3
      vertex -17.23681672538038 17.015029254661833 3
    endloop
  endfacet
  facet normal 0 0 1
    outer loop
      vertex -18 27.5 3
      vertex -17.23681672538038 17.015029254661833 3
      vertex -17.131370849898477 17.131370849898477 3
    endloop
  endfacet
  facet normal 0 0 1
    outer loop
      vertex -18 27.5 3
      vertex -17.131370849898477 17.131370849898477 3
      vertex -17.015029254661833 17.23681672538038 3
    endloop
  endfacet
  facet normal 0 0 1
    outer loop
      vertex -18 27.5 3
      vertex -14.984970745338167 17.23681672538038 3
      vertex -14.868629150101524 17.131370849898477 3
    endloop
  endfacet
  facet normal 0 0 1
    outer loop
      vertex -18 27.5 3
      vertex -14.669648620315927 16.888912372831363 3
      vertex -14.588925977042631 16.754234778921596 3
    endloop
  endfacet
  facet normal 0 0 1
    outer loop
      vertex -18 27.5 3
      vertex -14.868629150101524 17.131370849898477 3
      vertex -14.763183274619621 17.015029254661833 3
    endloop
  endfacet
  facet normal 0 0 1
    outer loop
      vertex -18 27.5 3
      vertex -14.763183274619621 17.015029254661833 3
      vertex -14.669648620315927 16.888912372831363 3
    endloop
  endfacet
  facet normal 0 0 1
    outer loop
      vertex -18 27.5 3
      vertex -17.015029254661833 17.23681672538038 3
      vertex -16.888912372831363 17.33035137968407 3
    endloop
  endfacet
  facet normal 0 0 1
    outer loop
      vertex -18 27.5 3
      vertex -16.888912372831363 17.33035137968407 3
      vertex -16.754234778921596 17.41107402295737 3
    endloop
  endfacet
  facet normal 0 0 1
    outer loop
      vertex -18 27.5 3
      vertex -16.754234778921596 17.41107402295737 3
      vertex -16.612293491784143 17.47820725201806 3
    endloop
  endfacet
  facet normal 0 0 1
    outer loop
      vertex -18 27.5 3
      vertex -16.612293491784143 17.47820725201806 3
      vertex -16.46445548360714 17.531104537171533 3
    endloop
  endfacet
  facet normal 0 0 1
    outer loop
      vertex -18 27.5 3
      vertex -16.46445548360714 17.531104537171533 3
      vertex -16.312144515225807 17.56925644864517 3
    endloop
  endfacet
  facet normal 0 0 1
    outer loop
      vertex -18 27.5 3
      vertex -16.312144515225807 17.56925644864517 3
      vertex -16.156827424527297 17.592295562675517 3
    endloop
  endfacet
  facet normal 0 0 1
    outer loop
      vertex -18 27.5 3
      vertex -16.156827424527297 17.592295562675517 3
      vertex -16 17.6 3
    endloop
  endfacet
  facet normal 0 0 1
    outer loop
      vertex -18 27.5 3
      vertex -16 17.6 3
      vertex -15.843172575472703 17.592295562675517 3
    endloop
  endfacet
  facet normal 0 0 1
    outer loop
      vertex -18 27.5 3
      vertex -15.843172575472703 17.592295562675517 3
      vertex -15.687855484774195 17.56925644864517 3
    endloop
  endfacet
  facet normal 0 0 1
    outer loop
      vertex -18 27.5 3
      vertex -15.687855484774195 17.56925644864517 3
      vertex -15.53554451639286 17.531104537171533 3
    endloop
  endfacet
  facet normal 0 0 1
    outer loop
      vertex -18 27.5 3
      vertex -15.53554451639286 17.531104537171533 3
      vertex -15.387706508215857 17.47820725201806 3
    endloop
  endfacet
  facet normal 0 0 1
    outer loop
      vertex -18 27.5 3
      vertex -15.387706508215857 17.47820725201806 3
      vertex -15.245765221078404 17.41107402295737 3
    endloop
  endfacet
  facet normal 0 0 1
    outer loop
      vertex -18 27.5 3
      vertex -15.245765221078404 17.41107402295737 3
      vertex -15.111087627168637 17.33035137968407 3
    endloop
  endfacet
  facet normal 0 0 1
    outer loop
      vertex -18 27.5 3
      vertex -15.111087627168637 17.33035137968407 3
      vertex -14.984970745338167 17.23681672538038 3
    endloop
  endfacet
  facet normal 0 0 1
    outer loop
      vertex -13.085983210409115 10.932526133406842 3
      vertex -14.52179274798194 15.387706508215857 3
      vertex -14.588925977042631 15.245765221078404 3
    endloop
  endfacet
  facet normal 0 0 1
    outer loop
      vertex -13.085983210409115 10.932526133406842 3
      vertex -14.468895462828465 15.53554451639286 3
      vertex -14.52179274798194 15.387706508215857 3
    endloop
  endfacet
  facet normal 0 0 1
    outer loop
      vertex -12.888925582549005 11.078674030756364 3
      vertex -14.430743551354832 15.687855484774195 3
      vertex -14.468895462828465 15.53554451639286 3
    endloop
  endfacet
  facet normal 0 0 1
    outer loop
      vertex -12.888925582549005 11.078674030756364 3
      vertex -14.407704437324485 15.843172575472703 3
      vertex -14.430743551354832 15.687855484774195 3
    endloop
  endfacet
  facet normal 0 0 1
    outer loop
      vertex -12.678491842064995 11.204803160870888 3
      vertex -14.4 16 3
      vertex -14.407704437324485 15.843172575472703 3
    endloop
  endfacet
  facet normal 0 0 1
    outer loop
      vertex -12.678491842064995 11.204803160870888 3
      vertex -14.407704437324485 16.156827424527297 3
      vertex -14.4 16 3
    endloop
  endfacet
  facet normal 0 0 1
    outer loop
      vertex -12.678491842064995 11.204803160870888 3
      vertex -14.430743551354832 16.312144515225807 3
      vertex -14.407704437324485 16.156827424527297 3
    endloop
  endfacet
  facet normal 0 0 1
    outer loop
      vertex -12.678491842064995 11.204803160870888 3
      vertex -14.468895462828465 16.46445548360714 3
      vertex -14.430743551354832 16.312144515225807 3
    endloop
  endfacet
  facet normal 0 0 1
    outer loop
      vertex -12.678491842064995 11.204803160870888 3
      vertex -12.456708580912725 11.309698831278217 3
      vertex -18 27.5 3
    endloop
  endfacet
  facet normal 0 0 1
    outer loop
      vertex -12.456708580912725 11.309698831278217 3
      vertex -12.225711693136155 11.392350839330522 3
      vertex -18 27.5 3
    endloop
  endfacet
  facet normal 0 0 1
    outer loop
      vertex -12.225711693136155 11.392350839330522 3
      vertex -11.98772580504032 11.451963201008077 3
      vertex -18 27.5 3
    endloop
  endfacet
  facet normal 0 0 1
    outer loop
      vertex -11.98772580504032 11.451963201008077 3
      vertex -11.745042850823902 11.487961816680492 3
      vertex -18 27.5 3
    endloop
  endfacet
  facet normal 0 0 1
    outer loop
      vertex -11.745042850823902 11.487961816680492 3
      vertex -11.5 11.5 3
      vertex -18 27.5 3
    endloop
  endfacet
  facet normal 0 0 1
    outer loop
      vertex -11.5 11.5 3
      vertex -11.254957149176098 11.487961816680492 3
      vertex -18 27.5 3
    endloop
  endfacet
  facet normal 0 0 1
    outer loop
      vertex -11.254957149176098 11.487961816680492 3
      vertex -11.01227419495968 11.451963201008077 3
      vertex -18 27.5 3
    endloop
  endfacet
  facet normal 0 0 1
    outer loop
      vertex -11.01227419495968 11.451963201008077 3
      vertex -10.774288306863845 11.392350839330522 3
      vertex -18 27.5 3
    endloop
  endfacet
  facet normal 0 0 1
    outer loop
      vertex -12.678491842064995 11.204803160870888 3
      vertex -18 27.5 3
      vertex -14.468895462828465 16.46445548360714 3
    endloop
  endfacet
  facet normal 0 0 1
    outer loop
      vertex -18 27.5 3
      vertex -14.52179274798194 16.612293491784143 3
      vertex -14.468895462828465 16.46445548360714 3
    endloop
  endfacet
  facet normal 0 0 1
    outer loop
      vertex -18 27.5 3
      vertex -14.588925977042631 16.754234778921596 3
      vertex -14.52179274798194 16.612293491784143 3
    endloop
  endfacet
  facet normal 0 0 1
    outer loop
      vertex -10.774288306863845 11.392350839330522 3
      vertex -10.543291419087275 11.309698831278217 3
      vertex -18 27.5 3
    endloop
  endfacet
  facet normal 0 0 1
    outer loop
      vertex -10.543291419087275 11.309698831278217 3
      vertex -10.321508157935005 11.204803160870888 3
      vertex -18 27.5 3
    endloop
  endfacet
  facet normal 0 0 1
    outer loop
      vertex -18 27.5 3
      vertex -10.321508157935005 11.204803160870888 3
      vertex -10.111074417450995 11.078674030756364 3
    endloop
  endfacet
  facet normal 0 0 1
    outer loop
      vertex -18 27.5 3
      vertex -10.111074417450995 11.078674030756364 3
      vertex -9.914016789590885 10.932526133406842 3
    endloop
  endfacet
  facet normal 0 0 1
    outer loop
      vertex -18 27.5 3
      vertex -9.914016789590885 10.932526133406842 3
      vertex -9.732233047033631 10.767766952966369 3
    endloop
  endfacet
  facet normal 0 0 1
    outer loop
      vertex -18 27.5 3
      vertex -9.732233047033631 10.767766952966369 3
      vertex -9.567473866593158 10.585983210409115 3
    endloop
  endfacet
  facet normal 0 0 -1
    outer loop
      vertex 18 27.5 0
      vertex -14.669648620315927 -15.111087627168637 0
      vertex -14.669648620315927 15.111087627168637 0
    endloop
  endfacet
  facet normal 0 0 1
    outer loop
      vertex -18 27.5 3
      vertex -9.567473866593158 10.585983210409115 3
      vertex 12.225711693136155 -18.607649160669478 3
    endloop
  endfacet
  facet normal 0 0 1
    outer loop
      vertex -9.048036798991923 9.48772580504032 3
      vertex 12.225711693136155 -18.607649160669478 3
      vertex -9.107649160669478 9.725711693136155 3
    endloop
  endfacet
  facet normal 0 0 1
    outer loop
      vertex -9.190301168721783 9.956708580912725 3
      vertex -9.107649160669478 9.725711693136155 3
      vertex 12.225711693136155 -18.607649160669478 3
    endloop
  endfacet
  facet normal 0 0 1
    outer loop
      vertex -9.567473866593158 10.585983210409115 3
      vertex -9.421325969243636 10.388925582549005 3
      vertex 12.225711693136155 -18.607649160669478 3
    endloop
  endfacet
  facet normal 0 0 1
    outer loop
      vertex -9.295196839129112 10.178491842064995 3
      vertex 12.225711693136155 -18.607649160669478 3
      vertex -9.421325969243636 10.388925582549005 3
    endloop
  endfacet
  facet normal 0 0 1
    outer loop
      vertex -9.190301168721783 9.956708580912725 3
      vertex 12.225711693136155 -18.607649160669478 3
      vertex -9.295196839129112 10.178491842064995 3
    endloop
  endfacet
  facet normal 0 0 1
    outer loop
      vertex -9.012038183319508 9.245042850823902 3
      vertex 12.225711693136155 -18.607649160669478 3
      vertex -9.048036798991923 9.48772580504032 3
    endloop
  endfacet
  facet normal 0 0 -1
    outer loop
      vertex -18 27.5 0
      vertex 18 27.5 0
      vertex -16.156827424527297 17.592295562675517 0
    endloop
  endfacet
  facet normal 0 1 0
    outer loop
      vertex -18 27.5 0
      vertex -18 27.5 3
      vertex 18 27.5 3
    endloop
  endfacet
  facet normal 0 0 -1
    outer loop
      vertex 18 27.5 0
      vertex -14.868629150101524 17.131370849898477 0
      vertex -14.984970745338167 17.23681672538038 0
    endloop
  endfacet
  facet normal 0 0 -1
    outer loop
      vertex 18 27.5 0
      vertex -14.669648620315927 15.111087627168637 0
      vertex -14.588925977042631 15.245765221078404 0
    endloop
  endfacet
  facet normal 0 0 -1
    outer loop
      vertex 18 27.5 0
      vertex -14.588925977042631 15.245765221078404 0
      vertex -14.52179274798194 15.387706508215857 0
    endloop
  endfacet
  facet normal 0 0 -1
    outer loop
      vertex 18 27.5 0
      vertex -14.52179274798194 15.387706508215857 0
      vertex -14.468895462828465 15.53554451639286 0
    endloop
  endfacet
  facet normal 0 0 -1
    outer loop
      vertex 18 27.5 0
      vertex -14.468895462828465 15.53554451639286 0
      vertex -14.430743551354832 15.687855484774195 0
    endloop
  endfacet
  facet normal 0 0 -1
    outer loop
      vertex 18 27.5 0
      vertex -14.430743551354832 15.687855484774195 0
      vertex -14.407704437324485 15.843172575472703 0
    endloop
  endfacet
  facet normal 0 0 -1
    outer loop
      vertex 18 27.5 0
      vertex -14.407704437324485 16.156827424527297 0
      vertex -14.430743551354832 16.312144515225807 0
    endloop
  endfacet
  facet normal 0 0 -1
    outer loop
      vertex 18 27.5 0
      vertex -14.468895462828465 16.46445548360714 0
      vertex -14.52179274798194 16.612293491784143 0
    endloop
  endfacet
  facet normal 0 0 -1
    outer loop
      vertex 18 27.5 0
      vertex -14.430743551354832 16.312144515225807 0
      vertex -14.468895462828465 16.46445548360714 0
    endloop
  endfacet
  facet normal 0 0 -1
    outer loop
      vertex 18 27.5 0
      vertex -14.763183274619621 17.015029254661833 0
      vertex -14.868629150101524 17.131370849898477 0
    endloop
  endfacet
  facet normal 0 0 -1
    outer loop
      vertex 18 27.5 0
      vertex -14.669648620315927 16.888912372831363 0
      vertex -14.763183274619621 17.015029254661833 0
    endloop
  endfacet
  facet normal 0 0 -1
    outer loop
      vertex 18 27.5 0
      vertex -14.52179274798194 16.612293491784143 0
      vertex -14.588925977042631 16.754234778921596 0
    endloop
  endfacet
  facet normal 0 0 -1
    outer loop
      vertex 18 27.5 0
      vertex -14.588925977042631 16.754234778921596 0
      vertex -14.669648620315927 16.888912372831363 0
    endloop
  endfacet
  facet normal 0 0 -1
    outer loop
      vertex 18 27.5 0
      vertex -14.407704437324485 15.843172575472703 0
      vertex -14.4 16 0
    endloop
  endfacet
  facet normal 0 0 -1
    outer loop
      vertex 18 27.5 0
      vertex -14.4 16 0
      vertex -14.407704437324485 16.156827424527297 0
    endloop
  endfacet
  facet normal 0 0 -1
    outer loop
      vertex 18 27.5 0
      vertex -16 17.6 0
      vertex -16.156827424527297 17.592295562675517 0
    endloop
  endfacet
  facet normal 0 0 -1
    outer loop
      vertex 18 27.5 0
      vertex -15.843172575472703 17.592295562675517 0
      vertex -16 17.6 0
    endloop
  endfacet
  facet normal 0 0 -1
    outer loop
      vertex 18 27.5 0
      vertex -15.687855484774195 17.56925644864517 0
      vertex -15.843172575472703 17.592295562675517 0
    endloop
  endfacet
  facet normal 0 0 -1
    outer loop
      vertex 18 27.5 0
      vertex -15.387706508215857 17.47820725201806 0
      vertex -15.53554451639286 17.531104537171533 0
    endloop
  endfacet
  facet normal 0 0 -1
    outer loop
      vertex 18 27.5 0
      vertex -15.53554451639286 17.531104537171533 0
      vertex -15.687855484774195 17.56925644864517 0
    endloop
  endfacet
  facet normal 0 0 -1
    outer loop
      vertex 18 27.5 0
      vertex -15.245765221078404 17.41107402295737 0
      vertex -15.387706508215857 17.47820725201806 0
    endloop
  endfacet
  facet normal 0 0 -1
    outer loop
      vertex 18 27.5 0
      vertex -15.111087627168637 17.33035137968407 0
      vertex -15.245765221078404 17.41107402295737 0
    endloop
  endfacet
  facet normal 0 0 -1
    outer loop
      vertex 18 27.5 0
      vertex -14.984970745338167 17.23681672538038 0
      vertex -15.111087627168637 17.33035137968407 0
    endloop
  endfacet
  facet normal 0 0 -1
    outer loop
      vertex -18 -27.5 0
      vertex 14.669648620315927 -16.888912372831363 0
      vertex 18 -27.5 0
    endloop
  endfacet
  facet normal 0 0 -1
    outer loop
      vertex -18 -27.5 0
      vertex 14.4 -16 0
      vertex 14.407704437324485 -16.156827424527297 0
    endloop
  endfacet
  facet normal 0 0 -1
    outer loop
      vertex -18 -27.5 0
      vertex 14.588925977042631 -16.754234778921596 0
      vertex 14.669648620315927 -16.888912372831363 0
    endloop
  endfacet
  facet normal 0 0 -1
    outer loop
      vertex -18 -27.5 0
      vertex 14.52179274798194 -16.612293491784143 0
      vertex 14.588925977042631 -16.754234778921596 0
    endloop
  endfacet
  facet normal 0 0 -1
    outer loop
      vertex -18 -27.5 0
      vertex 14.430743551354832 -16.312144515225807 0
      vertex 14.468895462828465 -16.46445548360714 0
    endloop
  endfacet
  facet normal 0 0 -1
    outer loop
      vertex -18 -27.5 0
      vertex 14.468895462828465 -16.46445548360714 0
      vertex 14.52179274798194 -16.612293491784143 0
    endloop
  endfacet
  facet normal 0 0 -1
    outer loop
      vertex -18 -27.5 0
      vertex 14.407704437324485 -16.156827424527297 0
      vertex 14.430743551354832 -16.312144515225807 0
    endloop
  endfacet
  facet normal 0 -1 0
    outer loop
      vertex -18 -27.5 3
      vertex 18 -27.5 0
      vertex 18 -27.5 3
    endloop
  endfacet
  facet normal 0 0 1
    outer loop
      vertex -18 -27.5 3
      vertex 10.111074417450995 -23.078674030756364 3
      vertex 9.914016789590885 -22.932526133406842 3
    endloop
  endfacet
  facet normal 0 0 1
    outer loop
      vertex -18 -27.5 3
      vertex 10.321508157935005 -23.20480316087089 3
      vertex 10.111074417450995 -23.078674030756364 3
    endloop
  endfacet
  facet normal 0 0 1
    outer loop
      vertex -18 -27.5 3
      vertex 10.543291419087275 -23.30969883127822 3
      vertex 10.321508157935005 -23.20480316087089 3
    endloop
  endfacet
  facet normal 0 0 1
    outer loop
      vertex -18 -27.5 3
      vertex 10.774288306863845 -23.392350839330522 3
      vertex 10.543291419087275 -23.30969883127822 3
    endloop
  endfacet
  facet normal 0 0 1
    outer loop
      vertex -18 -27.5 3
      vertex 11.01227419495968 -23.451963201008077 3
      vertex 10.774288306863845 -23.392350839330522 3
    endloop
  endfacet
  facet normal 0 0 1
    outer loop
      vertex -18 -27.5 3
      vertex 11.254957149176098 -23.487961816680492 3
      vertex 11.01227419495968 -23.451963201008077 3
    endloop
  endfacet
  facet normal 0 0 1
    outer loop
      vertex -18 -27.5 3
      vertex 11.5 -23.5 3
      vertex 11.254957149176098 -23.487961816680492 3
    endloop
  endfacet
  facet normal 0 0 1
    outer loop
      vertex -18 -27.5 3
      vertex 11.745042850823902 -23.487961816680492 3
      vertex 11.5 -23.5 3
    endloop
  endfacet
  facet normal 0 0 1
    outer loop
      vertex -18 -27.5 3
      vertex 18 -27.5 3
      vertex 11.745042850823902 -23.487961816680492 3
    endloop
  endfacet
  facet normal 0 0 1
    outer loop
      vertex -9.914016789590885 -22.932526133406842 3
      vertex 9.914016789590885 -22.932526133406842 3
      vertex 9.732233047033631 -22.76776695296637 3
    endloop
  endfacet
  facet normal 0 0 1
    outer loop
      vertex -9.732233047033631 -22.76776695296637 3
      vertex 9.732233047033631 -22.76776695296637 3
      vertex 9.567473866593158 -22.585983210409115 3
    endloop
  endfacet
  facet normal 0 0 1
    outer loop
      vertex -9.567473866593158 -22.585983210409115 3
      vertex 9.567473866593158 -22.585983210409115 3
      vertex 9.421325969243636 -22.388925582549007 3
    endloop
  endfacet
  facet normal 0 0 1
    outer loop
      vertex -9.421325969243636 -22.388925582549007 3
      vertex 9.421325969243636 -22.388925582549007 3
      vertex 9.295196839129112 -22.178491842064993 3
    endloop
  endfacet
  facet normal 0 0 1
    outer loop
      vertex -9.295196839129112 -22.178491842064993 3
      vertex 9.295196839129112 -22.178491842064993 3
      vertex 9.190301168721783 -21.956708580912725 3
    endloop
  endfacet
  facet normal 0 0 1
    outer loop
      vertex -9.190301168721783 -21.956708580912725 3
      vertex 9.190301168721783 -21.956708580912725 3
      vertex 9.107649160669478 -21.725711693136155 3
    endloop
  endfacet
  facet normal 0 0 1
    outer loop
      vertex -9.107649160669478 -21.725711693136155 3
      vertex 9.107649160669478 -21.725711693136155 3
      vertex 9.048036798991923 -21.48772580504032 3
    endloop
  endfacet
  facet normal 0 0 1
    outer loop
      vertex -9.048036798991923 -21.48772580504032 3
      vertex 9.048036798991923 -21.48772580504032 3
      vertex 9.012038183319508 -21.2450428508239 3
    endloop
  endfacet
  facet normal 0 0 1
    outer loop
      vertex -9.012038183319508 -21.2450428508239 3
      vertex 9.012038183319508 -21.2450428508239 3
      vertex 9 -21 3
    endloop
  endfacet
  facet normal 0 0 1
    outer loop
      vertex -9 -21 3
      vertex 9 -21 3
      vertex 9.012038183319508 -20.7549571491761 3
    endloop
  endfacet
  facet normal 0 0 1
    outer loop
      vertex -9.012038183319508 -20.7549571491761 3
      vertex 9.012038183319508 -20.7549571491761 3
      vertex 9.048036798991923 -20.51227419495968 3
    endloop
  endfacet
  facet normal 0 0 1
    outer loop
      vertex -9.048036798991923 -20.51227419495968 3
      vertex 9.048036798991923 -20.51227419495968 3
      vertex 9.107649160669478 -20.274288306863845 3
    endloop
  endfacet
  facet normal 0 0 1
    outer loop
      vertex -9.107649160669478 -20.274288306863845 3
      vertex 9.107649160669478 -20.274288306863845 3
      vertex 9.190301168721783 -20.043291419087275 3
    endloop
  endfacet
  facet normal 0 0 1
    outer loop
      vertex -9.190301168721783 -20.043291419087275 3
      vertex 9.190301168721783 -20.043291419087275 3
      vertex 9.295196839129112 -19.821508157935007 3
    endloop
  endfacet
  facet normal 0 0 -1
    outer loop
      vertex -18 -27.5 0
      vertex 14.4 16 0
      vertex 14.4 -16 0
    endloop
  endfacet
  facet normal 0 0 1
    outer loop
      vertex -10.774288306863845 6.607649160669478 3
      vertex 9.295196839129112 -19.821508157935007 3
      vertex 9.421325969243636 -19.611074417450993 3
    endloop
  endfacet
  facet normal 0 0 1
    outer loop
      vertex -10.543291419087275 6.690301168721783 3
      vertex 9.421325969243636 -19.611074417450993 3
      vertex 9.567473866593158 -19.414016789590885 3
    endloop
  endfacet
  facet normal 0 0 1
    outer loop
      vertex -10.321508157935005 6.795196839129112 3
      vertex 9.567473866593158 -19.414016789590885 3
      vertex 9.732233047033631 -19.23223304703363 3
    endloop
  endfacet
  facet normal 0 0 1
    outer loop
      vertex -10.111074417450995 6.921325969243637 3
      vertex 9.732233047033631 -19.23223304703363 3
      vertex 9.914016789590885 -19.067473866593158 3
    endloop
  endfacet
  facet normal 0 0 1
    outer loop
      vertex -9.914016789590885 7.067473866593158 3
      vertex 9.914016789590885 -19.067473866593158 3
      vertex 10.111074417450995 -18.921325969243636 3
    endloop
  endfacet
  facet normal 0 0 1
    outer loop
      vertex -9.914016789590885 7.067473866593158 3
      vertex 10.111074417450995 -18.921325969243636 3
      vertex 10.321508157935005 -18.79519683912911 3
    endloop
  endfacet
  facet normal 0 0 1
    outer loop
      vertex -9.732233047033631 7.232233047033631 3
      vertex 10.321508157935005 -18.79519683912911 3
      vertex 10.543291419087275 -18.69030116872178 3
    endloop
  endfacet
  facet normal 0 0 1
    outer loop
      vertex -9.567473866593158 7.414016789590886 3
      vertex 10.543291419087275 -18.69030116872178 3
      vertex 10.774288306863845 -18.607649160669478 3
    endloop
  endfacet
  facet normal 0 0 1
    outer loop
      vertex -9.421325969243636 7.611074417450995 3
      vertex 10.774288306863845 -18.607649160669478 3
      vertex 11.01227419495968 -18.548036798991923 3
    endloop
  endfacet
  facet normal 0 0 1
    outer loop
      vertex -9.295196839129112 7.821508157935006 3
      vertex 11.01227419495968 -18.548036798991923 3
      vertex 11.254957149176098 -18.512038183319508 3
    endloop
  endfacet
  facet normal 0 0 1
    outer loop
      vertex -9.107649160669478 8.274288306863845 3
      vertex 11.254957149176098 -18.512038183319508 3
      vertex 11.5 -18.5 3
    endloop
  endfacet
  facet normal 0 0 1
    outer loop
      vertex -9.107649160669478 8.274288306863845 3
      vertex 11.5 -18.5 3
      vertex 11.745042850823902 -18.512038183319508 3
    endloop
  endfacet
  facet normal 0 0 1
    outer loop
      vertex -9.048036798991923 8.51227419495968 3
      vertex 11.745042850823902 -18.512038183319508 3
      vertex 11.98772580504032 -18.548036798991923 3
    endloop
  endfacet
  facet normal 0 0 1
    outer loop
      vertex -9.012038183319508 8.754957149176098 3
      vertex 11.98772580504032 -18.548036798991923 3
      vertex 12.225711693136155 -18.607649160669478 3
    endloop
  endfacet
  facet normal 0 0 1
    outer loop
      vertex 12.225711693136155 -18.607649160669478 3
      vertex 9.295196839129112 7.821508157935006 3
      vertex 9.190301168721783 8.043291419087275 3
    endloop
  endfacet
  facet normal 0 0 1
    outer loop
      vertex 12.225711693136155 -18.607649160669478 3
      vertex 9.421325969243636 7.611074417450995 3
      vertex 9.295196839129112 7.821508157935006 3
    endloop
  endfacet
  facet normal 0 0 1
    outer loop
      vertex 12.225711693136155 -18.607649160669478 3
      vertex 9.567473866593158 7.414016789590886 3
      vertex 9.421325969243636 7.611074417450995 3
    endloop
  endfacet
  facet normal 0 0 1
    outer loop
      vertex 12.225711693136155 -18.607649160669478 3
      vertex 9.107649160669478 8.274288306863845 3
      vertex 9.048036798991923 8.51227419495968 3
    endloop
  endfacet
  facet normal 0 0 1
    outer loop
      vertex 12.225711693136155 -18.607649160669478 3
      vertex 9.048036798991923 8.51227419495968 3
      vertex 9.012038183319508 8.754957149176098 3
    endloop
  endfacet
  facet normal 0 0 1
    outer loop
      vertex 12.225711693136155 -18.607649160669478 3
      vertex 9.190301168721783 8.043291419087275 3
      vertex 9.107649160669478 8.274288306863845 3
    endloop
  endfacet
  facet normal 0.0490676704157047 -0.9987954563973426 0
    outer loop
      vertex 18 -27.5 0
      vertex 18.29405142366886 -27.485554181039333 0
      vertex 18 -27.5 3
    endloop
  endfacet
  facet normal 0 0 -1
    outer loop
      vertex 18 -27.5 0
      vertex 14.984970745338167 -17.23681672538038 0
      vertex 15.111087627168637 -17.33035137968407 0
    endloop
  endfacet
  facet normal 0 0 -1
    outer loop
      vertex 18 -27.5 0
      vertex 15.111087627168637 -17.33035137968407 0
      vertex 15.245765221078404 -17.41107402295737 0
    endloop
  endfacet
  facet normal 0 0 -1
    outer loop
      vertex 18 -27.5 0
      vertex 15.245765221078404 -17.41107402295737 0
      vertex 15.387706508215857 -17.47820725201806 0
    endloop
  endfacet
  facet normal 0 0 -1
    outer loop
      vertex 18 -27.5 0
      vertex 15.387706508215857 -17.47820725201806 0
      vertex 15.53554451639286 -17.531104537171533 0
    endloop
  endfacet
  facet normal 0 0 -1
    outer loop
      vertex 18 -27.5 0
      vertex 15.53554451639286 -17.531104537171533 0
      vertex 15.687855484774195 -17.56925644864517 0
    endloop
  endfacet
  facet normal 0 0 -1
    outer loop
      vertex 18 -27.5 0
      vertex 15.687855484774195 -17.56925644864517 0
      vertex 15.843172575472703 -17.592295562675517 0
    endloop
  endfacet
  facet normal 0 0 -1
    outer loop
      vertex 18 -27.5 0
      vertex 15.843172575472703 -17.592295562675517 0
      vertex 16 -17.6 0
    endloop
  endfacet
  facet normal 0 0 -1
    outer loop
      vertex 18 -27.5 0
      vertex 16 -17.6 0
      vertex 16.156827424527297 -17.592295562675517 0
    endloop
  endfacet
  facet normal 0 0 -1
    outer loop
      vertex 18 -27.5 0
      vertex 16.156827424527297 -17.592295562675517 0
      vertex 16.312144515225807 -17.56925644864517 0
    endloop
  endfacet
  facet normal 0 0 -1
    outer loop
      vertex 18 -27.5 0
      vertex 16.312144515225807 -17.56925644864517 0
      vertex 16.46445548360714 -17.531104537171533 0
    endloop
  endfacet
  facet normal 0 0 -1
    outer loop
      vertex 18 -27.5 0
      vertex 16.46445548360714 -17.531104537171533 0
      vertex 16.612293491784143 -17.47820725201806 0
    endloop
  endfacet
  facet normal 0 0 -1
    outer loop
      vertex 18 -27.5 0
      vertex 16.612293491784143 -17.47820725201806 0
      vertex 16.754234778921596 -17.41107402295737 0
    endloop
  endfacet
  facet normal 0 0 -1
    outer loop
      vertex 18 -27.5 0
      vertex 16.754234778921596 -17.41107402295737 0
      vertex 16.888912372831363 -17.33035137968407 0
    endloop
  endfacet
  facet normal 0 0 -1
    outer loop
      vertex 18 -27.5 0
      vertex 16.888912372831363 -17.33035137968407 0
      vertex 17.015029254661833 -17.23681672538038 0
    endloop
  endfacet
  facet normal 0.14673047975168188 -0.9891765091791461 0
    outer loop
      vertex 18.29405142366886 -27.485554181039333 0
      vertex 18.58527096360922 -27.44235584139824 0
      vertex 18.29405142366886 -27.485554181039333 3
    endloop
  endfacet
  facet normal 0.2429801778654069 -0.9700312537050008 0
    outer loop
      vertex 18.58527096360922 -27.44235584139824 0
      vertex 18.870854035019875 -27.37082100659609 0
      vertex 18.58527096360922 -27.44235584139824 3
    endloop
  endfacet
  facet normal 0.3368898600571534 -0.9415440627982695 0
    outer loop
      vertex 18.870854035019875 -27.37082100659609 0
      vertex 19.14805030077696 -27.271638594567776 0
      vertex 18.870854035019875 -27.37082100659609 3
    endloop
  endfacet
  facet normal 0.42755509276037695 -0.9039892934402849 0
    outer loop
      vertex 19.14805030077696 -27.271638594567776 0
      vertex 19.414190210402012 -27.14576379209757 0
      vertex 19.14805030077696 -27.271638594567776 3
    endloop
  endfacet
  facet normal 0.5141027407673995 -0.8577286120536309 0
    outer loop
      vertex 19.414190210402012 -27.14576379209757 0
      vertex 19.666710697114468 -26.99440883845091 0
      vertex 19.414190210402012 -27.14576379209757 3
    endloop
  endfacet
  facet normal 0.59569930710104 -0.8032075295459704 0
    outer loop
      vertex 19.666710697114468 -26.99440883845091 0
      vertex 19.903179854154587 -26.819031357765198 0
      vertex 19.666710697114468 -26.99440883845091 3
    endloop
  endfacet
  facet normal 0.6715589499566086 -0.7409511297873682 0
    outer loop
      vertex 19.903179854154587 -26.819031357765198 0
      vertex 20.121320344507694 -26.621320344507694 0
      vertex 19.903179854154587 -26.819031357765198 3
    endloop
  endfacet
  facet normal 0.7409511297873682 -0.6715589499566086 0
    outer loop
      vertex 20.121320344507694 -26.621320344507694 0
      vertex 20.319031357765198 -26.403179854154587 0
      vertex 20.121320344507694 -26.621320344507694 3
    endloop
  endfacet
  facet normal 0.8032075295459704 -0.59569930710104 0
    outer loop
      vertex 20.319031357765198 -26.403179854154587 0
      vertex 20.49440883845091 -26.166710697114468 0
      vertex 20.319031357765198 -26.403179854154587 3
    endloop
  endfacet
  facet normal 0.8577286120536309 -0.5141027407673995 0
    outer loop
      vertex 20.49440883845091 -26.166710697114468 0
      vertex 20.64576379209757 -25.914190210402012 0
      vertex 20.49440883845091 -26.166710697114468 3
    endloop
  endfacet
  facet normal 0.9039892934402849 -0.42755509276037695 0
    outer loop
      vertex 20.64576379209757 -25.914190210402012 0
      vertex 20.771638594567776 -25.64805030077696 0
      vertex 20.64576379209757 -25.914190210402012 3
    endloop
  endfacet
  facet normal 0.9415440627982695 -0.3368898600571534 0
    outer loop
      vertex 20.771638594567776 -25.64805030077696 0
      vertex 20.87082100659609 -25.370854035019875 0
      vertex 20.771638594567776 -25.64805030077696 3
    endloop
  endfacet
  facet normal 0.9700312537050008 -0.2429801778654069 0
    outer loop
      vertex 20.87082100659609 -25.370854035019875 0
      vertex 20.94235584139824 -25.08527096360922 0
      vertex 20.87082100659609 -25.370854035019875 3
    endloop
  endfacet
  facet normal 0.9891765091791461 -0.14673047975168188 0
    outer loop
      vertex 20.94235584139824 -25.08527096360922 0
      vertex 20.985554181039333 -24.79405142366886 0
      vertex 20.94235584139824 -25.08527096360922 3
    endloop
  endfacet
  facet normal 0.9987954563973426 -0.0490676704157047 0
    outer loop
      vertex 20.985554181039333 -24.79405142366886 0
      vertex 21 -24.5 0
      vertex 20.985554181039333 -24.79405142366886 3
    endloop
  endfacet
  facet normal 0.0490676704157047 -0.9987954563973426 0
    outer loop
      vertex 18.29405142366886 -27.485554181039333 0
      vertex 18.29405142366886 -27.485554181039333 3
      vertex 18 -27.5 3
    endloop
  endfacet
  facet normal 0.14673047975168188 -0.9891765091791461 0
    outer loop
      vertex 18.58527096360922 -27.44235584139824 0
      vertex 18.58527096360922 -27.44235584139824 3
      vertex 18.29405142366886 -27.485554181039333 3
    endloop
  endfacet
  facet normal 0.2429801778654069 -0.9700312537050008 0
    outer loop
      vertex 18.870854035019875 -27.37082100659609 0
      vertex 18.870854035019875 -27.37082100659609 3
      vertex 18.58527096360922 -27.44235584139824 3
    endloop
  endfacet
  facet normal 0.3368898600571534 -0.9415440627982695 0
    outer loop
      vertex 19.14805030077696 -27.271638594567776 0
      vertex 19.14805030077696 -27.271638594567776 3
      vertex 18.870854035019875 -27.37082100659609 3
    endloop
  endfacet
  facet normal 0.42755509276037695 -0.9039892934402849 0
    outer loop
      vertex 19.414190210402012 -27.14576379209757 0
      vertex 19.414190210402012 -27.14576379209757 3
      vertex 19.14805030077696 -27.271638594567776 3
    endloop
  endfacet
  facet normal 0.5141027407673995 -0.8577286120536309 0
    outer loop
      vertex 19.666710697114468 -26.99440883845091 0
      vertex 19.666710697114468 -26.99440883845091 3
      vertex 19.414190210402012 -27.14576379209757 3
    endloop
  endfacet
  facet normal 0.59569930710104 -0.8032075295459704 0
    outer loop
      vertex 19.903179854154587 -26.819031357765198 0
      vertex 19.903179854154587 -26.819031357765198 3
      vertex 19.666710697114468 -26.99440883845091 3
    endloop
  endfacet
  facet normal 0.6715589499566086 -0.7409511297873682 0
    outer loop
      vertex 20.121320344507694 -26.621320344507694 0
      vertex 20.121320344507694 -26.621320344507694 3
      vertex 19.903179854154587 -26.819031357765198 3
    endloop
  endfacet
  facet normal 0.7409511297873682 -0.6715589499566086 0
    outer loop
      vertex 20.319031357765198 -26.403179854154587 0
      vertex 20.319031357765198 -26.403179854154587 3
      vertex 20.121320344507694 -26.621320344507694 3
    endloop
  endfacet
  facet normal 0.8032075295459704 -0.59569930710104 0
    outer loop
      vertex 20.49440883845091 -26.166710697114468 0
      vertex 20.49440883845091 -26.166710697114468 3
      vertex 20.319031357765198 -26.403179854154587 3
    endloop
  endfacet
  facet normal 0.8577286120536309 -0.5141027407673995 0
    outer loop
      vertex 20.64576379209757 -25.914190210402012 0
      vertex 20.64576379209757 -25.914190210402012 3
      vertex 20.49440883845091 -26.166710697114468 3
    endloop
  endfacet
  facet normal 0.9039892934402849 -0.42755509276037695 0
    outer loop
      vertex 20.771638594567776 -25.64805030077696 0
      vertex 20.771638594567776 -25.64805030077696 3
      vertex 20.64576379209757 -25.914190210402012 3
    endloop
  endfacet
  facet normal 0.9415440627982695 -0.3368898600571534 0
    outer loop
      vertex 20.87082100659609 -25.370854035019875 0
      vertex 20.87082100659609 -25.370854035019875 3
      vertex 20.771638594567776 -25.64805030077696 3
    endloop
  endfacet
  facet normal 0.9700312537050008 -0.2429801778654069 0
    outer loop
      vertex 20.94235584139824 -25.08527096360922 0
      vertex 20.94235584139824 -25.08527096360922 3
      vertex 20.87082100659609 -25.370854035019875 3
    endloop
  endfacet
  facet normal 0.9891765091791461 -0.14673047975168188 0
    outer loop
      vertex 20.985554181039333 -24.79405142366886 0
      vertex 20.985554181039333 -24.79405142366886 3
      vertex 20.94235584139824 -25.08527096360922 3
    endloop
  endfacet
  facet normal 0.9987954563973426 -0.0490676704157047 0
    outer loop
      vertex 21 -24.5 0
      vertex 21 -24.5 3
      vertex 20.985554181039333 -24.79405142366886 3
    endloop
  endfacet
  facet normal 0 0 -1
    outer loop
      vertex 18 -27.5 0
      vertex 14.669648620315927 -16.888912372831363 0
      vertex 14.763183274619621 -17.015029254661833 0
    endloop
  endfacet
  facet normal 0 0 -1
    outer loop
      vertex 18 -27.5 0
      vertex 14.763183274619621 -17.015029254661833 0
      vertex 14.868629150101524 -17.131370849898477 0
    endloop
  endfacet
  facet normal 0 0 -1
    outer loop
      vertex 18 -27.5 0
      vertex 14.868629150101524 -17.131370849898477 0
      vertex 14.984970745338167 -17.23681672538038 0
    endloop
  endfacet
  facet normal 0 0 -1
    outer loop
      vertex 18 -27.5 0
      vertex 17.015029254661833 -17.23681672538038 0
      vertex 17.131370849898477 -17.131370849898477 0
    endloop
  endfacet
  facet normal 0 0 -1
    outer loop
      vertex 18 -27.5 0
      vertex 17.131370849898477 -17.131370849898477 0
      vertex 17.23681672538038 -17.015029254661833 0
    endloop
  endfacet
  facet normal 0 0 -1
    outer loop
      vertex 18 -27.5 0
      vertex 17.23681672538038 -17.015029254661833 0
      vertex 17.33035137968407 -16.888912372831363 0
    endloop
  endfacet
  facet normal 0 0 -1
    outer loop
      vertex 18 -27.5 0
      vertex 17.33035137968407 -16.888912372831363 0
      vertex 17.41107402295737 -16.754234778921596 0
    endloop
  endfacet
  facet normal 0 0 -1
    outer loop
      vertex 18 -27.5 0
      vertex 17.41107402295737 -16.754234778921596 0
      vertex 17.47820725201806 -16.612293491784143 0
    endloop
  endfacet
  facet normal 0 0 -1
    outer loop
      vertex 18 -27.5 0
      vertex 17.47820725201806 -16.612293491784143 0
      vertex 17.531104537171533 -16.46445548360714 0
    endloop
  endfacet
  facet normal 0 0 -1
    outer loop
      vertex 18 -27.5 0
      vertex 17.531104537171533 -16.46445548360714 0
      vertex 17.56925644864517 -16.312144515225807 0
    endloop
  endfacet
  facet normal 0 0 -1
    outer loop
      vertex 18 -27.5 0
      vertex 17.56925644864517 -16.312144515225807 0
      vertex 17.592295562675517 -16.156827424527297 0
    endloop
  endfacet
  facet normal 0 0 -1
    outer loop
      vertex 18 -27.5 0
      vertex 17.592295562675517 -16.156827424527297 0
      vertex 17.6 -16 0
    endloop
  endfacet
  facet normal 0 0 1
    outer loop
      vertex 11.745042850823902 -23.487961816680492 3
      vertex 18 -27.5 3
      vertex 11.98772580504032 -23.451963201008077 3
    endloop
  endfacet
  facet normal 0 0 1
    outer loop
      vertex 11.98772580504032 -23.451963201008077 3
      vertex 18 -27.5 3
      vertex 12.225711693136155 -23.392350839330522 3
    endloop
  endfacet
  facet normal 0 0 1
    outer loop
      vertex 12.225711693136155 -23.392350839330522 3
      vertex 18 -27.5 3
      vertex 12.456708580912725 -23.30969883127822 3
    endloop
  endfacet
  facet normal 0 0 1
    outer loop
      vertex 12.456708580912725 -23.30969883127822 3
      vertex 18 -27.5 3
      vertex 12.678491842064995 -23.20480316087089 3
    endloop
  endfacet
  facet normal 0 0 1
    outer loop
      vertex 12.678491842064995 -23.20480316087089 3
      vertex 18 -27.5 3
      vertex 12.888925582549005 -23.078674030756364 3
    endloop
  endfacet
  facet normal 0 0 1
    outer loop
      vertex 12.888925582549005 -23.078674030756364 3
      vertex 18 -27.5 3
      vertex 13.085983210409115 -22.932526133406842 3
    endloop
  endfacet
  facet normal 0 0 1
    outer loop
      vertex 13.085983210409115 -22.932526133406842 3
      vertex 18 -27.5 3
      vertex 13.267766952966369 -22.76776695296637 3
    endloop
  endfacet
  facet normal 0 0 1
    outer loop
      vertex 13.267766952966369 -22.76776695296637 3
      vertex 18 -27.5 3
      vertex 13.432526133406842 -22.585983210409115 3
    endloop
  endfacet
  facet normal 0 0 1
    outer loop
      vertex 13.432526133406842 -22.585983210409115 3
      vertex 18 -27.5 3
      vertex 13.578674030756364 -22.388925582549007 3
    endloop
  endfacet
  facet normal 0 0 1
    outer loop
      vertex 13.578674030756364 -22.388925582549007 3
      vertex 18 -27.5 3
      vertex 13.704803160870888 -22.178491842064993 3
    endloop
  endfacet
  facet normal 0 0 1
    outer loop
      vertex 13.704803160870888 -22.178491842064993 3
      vertex 18 -27.5 3
      vertex 13.809698831278217 -21.956708580912725 3
    endloop
  endfacet
  facet normal 0 0 1
    outer loop
      vertex 13.809698831278217 -21.956708580912725 3
      vertex 18 -27.5 3
      vertex 13.892350839330522 -21.725711693136155 3
    endloop
  endfacet
  facet normal 0 0 1
    outer loop
      vertex 13.892350839330522 -21.725711693136155 3
      vertex 18 -27.5 3
      vertex 13.951963201008077 -21.48772580504032 3
    endloop
  endfacet
  facet normal 0 0 1
    outer loop
      vertex 13.951963201008077 -21.48772580504032 3
      vertex 18 -27.5 3
      vertex 13.987961816680492 -21.2450428508239 3
    endloop
  endfacet
  facet normal 0 0 1
    outer loop
      vertex 13.987961816680492 -21.2450428508239 3
      vertex 18 -27.5 3
      vertex 14 -21 3
    endloop
  endfacet
  facet normal 0 0 1
    outer loop
      vertex 14 -21 3
      vertex 14.669648620315927 -16.888912372831363 3
      vertex 14.588925977042631 -16.754234778921596 3
    endloop
  endfacet
  facet normal 0 0 1
    outer loop
      vertex 14 -21 3
      vertex 14.588925977042631 -16.754234778921596 3
      vertex 14.52179274798194 -16.612293491784143 3
    endloop
  endfacet
  facet normal 0 0 1
    outer loop
      vertex 14 -21 3
      vertex 14.407704437324485 -16.156827424527297 3
      vertex 14.4 -16 3
    endloop
  endfacet
  facet normal 0 0 1
    outer loop
      vertex 14 -21 3
      vertex 14.52179274798194 -16.612293491784143 3
      vertex 14.468895462828465 -16.46445548360714 3
    endloop
  endfacet
  facet normal 0 0 1
    outer loop
      vertex 14 -21 3
      vertex 14.468895462828465 -16.46445548360714 3
      vertex 14.430743551354832 -16.312144515225807 3
    endloop
  endfacet
  facet normal 0 0 1
    outer loop
      vertex 14 -21 3
      vertex 14.430743551354832 -16.312144515225807 3
      vertex 14.407704437324485 -16.156827424527297 3
    endloop
  endfacet
  facet normal 0 0 1
    outer loop
      vertex 14 -21 3
      vertex 14.4 -16 3
      vertex 14.407704437324485 -15.843172575472703 3
    endloop
  endfacet
  facet normal 0 0 1
    outer loop
      vertex 14 -21 3
      vertex 15.111087627168637 -17.33035137968407 3
      vertex 14.984970745338167 -17.23681672538038 3
    endloop
  endfacet
  facet normal 0 0 1
    outer loop
      vertex 14 -21 3
      vertex 14.763183274619621 -17.015029254661833 3
      vertex 14.669648620315927 -16.888912372831363 3
    endloop
  endfacet
  facet normal 0 0 1
    outer loop
      vertex 14 -21 3
      vertex 14.868629150101524 -17.131370849898477 3
      vertex 14.763183274619621 -17.015029254661833 3
    endloop
  endfacet
  facet normal 0 0 1
    outer loop
      vertex 14 -21 3
      vertex 14.984970745338167 -17.23681672538038 3
      vertex 14.868629150101524 -17.131370849898477 3
    endloop
  endfacet
  facet normal 0 0 1
    outer loop
      vertex 14 -21 3
      vertex 15.245765221078404 -17.41107402295737 3
      vertex 15.111087627168637 -17.33035137968407 3
    endloop
  endfacet
  facet normal 0 0 1
    outer loop
      vertex 14 -21 3
      vertex 15.387706508215857 -17.47820725201806 3
      vertex 15.245765221078404 -17.41107402295737 3
    endloop
  endfacet
  facet normal 0 0 1
    outer loop
      vertex 14 -21 3
      vertex 15.687855484774195 -17.56925644864517 3
      vertex 15.53554451639286 -17.531104537171533 3
    endloop
  endfacet
  facet normal 0 0 1
    outer loop
      vertex 14 -21 3
      vertex 15.53554451639286 -17.531104537171533 3
      vertex 15.387706508215857 -17.47820725201806 3
    endloop
  endfacet
  facet normal 0 0 1
    outer loop
      vertex 14 -21 3
      vertex 15.843172575472703 -17.592295562675517 3
      vertex 15.687855484774195 -17.56925644864517 3
    endloop
  endfacet
  facet normal 0 0 1
    outer loop
      vertex 14 -21 3
      vertex 16 -17.6 3
      vertex 15.843172575472703 -17.592295562675517 3
    endloop
  endfacet
  facet normal 0 0 1
    outer loop
      vertex 14 -21 3
      vertex 16.156827424527297 -17.592295562675517 3
      vertex 16 -17.6 3
    endloop
  endfacet
  facet normal 0 0 1
    outer loop
      vertex 14 -21 3
      vertex 16.312144515225807 -17.56925644864517 3
      vertex 16.156827424527297 -17.592295562675517 3
    endloop
  endfacet
  facet normal 0 0 1
    outer loop
      vertex 14 -21 3
      vertex 16.46445548360714 -17.531104537171533 3
      vertex 16.312144515225807 -17.56925644864517 3
    endloop
  endfacet
  facet normal 0 0 1
    outer loop
      vertex 14 -21 3
      vertex 16.612293491784143 -17.47820725201806 3
      vertex 16.46445548360714 -17.531104537171533 3
    endloop
  endfacet
  facet normal 0 0 1
    outer loop
      vertex 14 -21 3
      vertex 18 -27.5 3
      vertex 16.612293491784143 -17.47820725201806 3
    endloop
  endfacet
  facet normal 0 0 1
    outer loop
      vertex 18 -27.5 3
      vertex 16.754234778921596 -17.41107402295737 3
      vertex 16.612293491784143 -17.47820725201806 3
    endloop
  endfacet
  facet normal 0 0 1
    outer loop
      vertex 18 -27.5 3
      vertex 16.888912372831363 -17.33035137968407 3
      vertex 16.754234778921596 -17.41107402295737 3
    endloop
  endfacet
  facet normal 0 0 1
    outer loop
      vertex 18 -27.5 3
      vertex 17.015029254661833 -17.23681672538038 3
      vertex 16.888912372831363 -17.33035137968407 3
    endloop
  endfacet
  facet normal 0 0 1
    outer loop
      vertex 18 -27.5 3
      vertex 17.131370849898477 -17.131370849898477 3
      vertex 17.015029254661833 -17.23681672538038 3
    endloop
  endfacet
  facet normal 0 0 1
    outer loop
      vertex 18 -27.5 3
      vertex 17.23681672538038 -17.015029254661833 3
      vertex 17.131370849898477 -17.131370849898477 3
    endloop
  endfacet
  facet normal 0 0 1
    outer loop
      vertex 18 -27.5 3
      vertex 17.33035137968407 -16.888912372831363 3
      vertex 17.23681672538038 -17.015029254661833 3
    endloop
  endfacet
  facet normal 0 0 1
    outer loop
      vertex 18 -27.5 3
      vertex 17.41107402295737 -16.754234778921596 3
      vertex 17.33035137968407 -16.888912372831363 3
    endloop
  endfacet
  facet normal 0 0 1
    outer loop
      vertex 18 -27.5 3
      vertex 17.47820725201806 -16.612293491784143 3
      vertex 17.41107402295737 -16.754234778921596 3
    endloop
  endfacet
  facet normal 0 0 1
    outer loop
      vertex 18 -27.5 3
      vertex 17.531104537171533 -16.46445548360714 3
      vertex 17.47820725201806 -16.612293491784143 3
    endloop
  endfacet
  facet normal 0 0 1
    outer loop
      vertex 18 -27.5 3
      vertex 17.56925644864517 -16.312144515225807 3
      vertex 17.531104537171533 -16.46445548360714 3
    endloop
  endfacet
  facet normal 0 0 1
    outer loop
      vertex 18 -27.5 3
      vertex 17.592295562675517 -16.156827424527297 3
      vertex 17.56925644864517 -16.312144515225807 3
    endloop
  endfacet
  facet normal 0 0 1
    outer loop
      vertex 18 -27.5 3
      vertex 17.6 -16 3
      vertex 17.592295562675517 -16.156827424527297 3
    endloop
  endfacet
  facet normal 0 0 -1
    outer loop
      vertex 14.4 -16 0
      vertex 14.407704437324485 15.843172575472703 0
      vertex 14.407704437324485 -15.843172575472703 0
    endloop
  endfacet
  facet normal 0 0 -1
    outer loop
      vertex 14.407704437324485 -15.843172575472703 0
      vertex 14.430743551354832 15.687855484774195 0
      vertex 14.430743551354832 -15.687855484774195 0
    endloop
  endfacet
  facet normal 0 0 -1
    outer loop
      vertex 14.430743551354832 -15.687855484774195 0
      vertex 14.468895462828465 15.53554451639286 0
      vertex 14.468895462828465 -15.53554451639286 0
    endloop
  endfacet
  facet normal 0 0 -1
    outer loop
      vertex 14.468895462828465 -15.53554451639286 0
      vertex 14.52179274798194 15.387706508215857 0
      vertex 14.52179274798194 -15.387706508215857 0
    endloop
  endfacet
  facet normal 0 0 -1
    outer loop
      vertex 14.52179274798194 -15.387706508215857 0
      vertex 14.588925977042631 15.245765221078404 0
      vertex 14.588925977042631 -15.245765221078404 0
    endloop
  endfacet
  facet normal 0 0 -1
    outer loop
      vertex 14.588925977042631 -15.245765221078404 0
      vertex 14.669648620315927 15.111087627168637 0
      vertex 14.669648620315927 -15.111087627168637 0
    endloop
  endfacet
  facet normal 0 0 -1
    outer loop
      vertex 14.669648620315927 -15.111087627168637 0
      vertex 14.763183274619621 14.984970745338167 0
      vertex 14.763183274619621 -14.984970745338167 0
    endloop
  endfacet
  facet normal 0 0 -1
    outer loop
      vertex 14.763183274619621 -14.984970745338167 0
      vertex 14.868629150101524 14.868629150101524 0
      vertex 14.868629150101524 -14.868629150101524 0
    endloop
  endfacet
  facet normal 0 0 -1
    outer loop
      vertex 14.984970745338167 -14.763183274619621 0
      vertex 14.868629150101524 -14.868629150101524 0
      vertex 14.984970745338167 14.763183274619621 0
    endloop
  endfacet
  facet normal 0 0 -1
    outer loop
      vertex 15.111087627168637 -14.669648620315927 0
      vertex 14.984970745338167 -14.763183274619621 0
      vertex 15.111087627168637 14.669648620315927 0
    endloop
  endfacet
  facet normal 0 0 -1
    outer loop
      vertex 15.245765221078404 -14.588925977042631 0
      vertex 15.111087627168637 -14.669648620315927 0
      vertex 15.245765221078404 14.588925977042631 0
    endloop
  endfacet
  facet normal 0 0 -1
    outer loop
      vertex 15.387706508215857 -14.52179274798194 0
      vertex 15.245765221078404 -14.588925977042631 0
      vertex 15.387706508215857 14.52179274798194 0
    endloop
  endfacet
  facet normal 0 0 -1
    outer loop
      vertex 15.53554451639286 -14.468895462828465 0
      vertex 15.387706508215857 -14.52179274798194 0
      vertex 15.53554451639286 14.468895462828465 0
    endloop
  endfacet
  facet normal 0 0 -1
    outer loop
      vertex 15.687855484774195 -14.430743551354832 0
      vertex 15.53554451639286 -14.468895462828465 0
      vertex 15.687855484774195 14.430743551354832 0
    endloop
  endfacet
  facet normal 0 0 -1
    outer loop
      vertex 18 -27.5 0
      vertex 17.6 -16 0
      vertex 17.592295562675517 15.843172575472703 0
    endloop
  endfacet
  facet normal 0 0 -1
    outer loop
      vertex 18 -27.5 0
      vertex 18 27.5 0
      vertex 18.29405142366886 -27.485554181039333 0
    endloop
  endfacet
  facet normal 0 0 -1
    outer loop
      vertex 18.29405142366886 -27.485554181039333 0
      vertex 18.29405142366886 27.485554181039333 0
      vertex 18.58527096360922 -27.44235584139824 0
    endloop
  endfacet
  facet normal 0 0 -1
    outer loop
      vertex 18.58527096360922 -27.44235584139824 0
      vertex 18.58527096360922 27.44235584139824 0
      vertex 18.870854035019875 -27.37082100659609 0
    endloop
  endfacet
  facet normal 0 0 -1
    outer loop
      vertex 18.870854035019875 -27.37082100659609 0
      vertex 18.870854035019875 27.37082100659609 0
      vertex 19.14805030077696 -27.271638594567776 0
    endloop
  endfacet
  facet normal 0 0 -1
    outer loop
      vertex 19.14805030077696 -27.271638594567776 0
      vertex 19.14805030077696 27.271638594567776 0
      vertex 19.414190210402012 -27.14576379209757 0
    endloop
  endfacet
  facet normal 0 0 -1
    outer loop
      vertex 19.414190210402012 -27.14576379209757 0
      vertex 19.414190210402012 27.14576379209757 0
      vertex 19.666710697114468 -26.99440883845091 0
    endloop
  endfacet
  facet normal 0 0 -1
    outer loop
      vertex 19.666710697114468 -26.99440883845091 0
      vertex 19.666710697114468 26.99440883845091 0
      vertex 19.903179854154587 -26.819031357765198 0
    endloop
  endfacet
  facet normal 0 0 -1
    outer loop
      vertex 19.903179854154587 -26.819031357765198 0
      vertex 19.903179854154587 26.819031357765198 0
      vertex 20.121320344507694 -26.621320344507694 0
    endloop
  endfacet
  facet normal 0 0 -1
    outer loop
      vertex 20.121320344507694 -26.621320344507694 0
      vertex 20.121320344507694 26.621320344507694 0
      vertex 20.319031357765198 -26.403179854154587 0
    endloop
  endfacet
  facet normal 0 0 -1
    outer loop
      vertex 20.319031357765198 -26.403179854154587 0
      vertex 20.319031357765198 26.403179854154587 0
      vertex 20.49440883845091 -26.166710697114468 0
    endloop
  endfacet
  facet normal 0 0 -1
    outer loop
      vertex 20.49440883845091 -26.166710697114468 0
      vertex 20.49440883845091 26.166710697114468 0
      vertex 20.64576379209757 -25.914190210402012 0
    endloop
  endfacet
  facet normal 0 0 -1
    outer loop
      vertex 20.64576379209757 -25.914190210402012 0
      vertex 20.64576379209757 25.914190210402012 0
      vertex 20.771638594567776 -25.64805030077696 0
    endloop
  endfacet
  facet normal 0 0 -1
    outer loop
      vertex 20.771638594567776 -25.64805030077696 0
      vertex 20.771638594567776 25.64805030077696 0
      vertex 20.87082100659609 -25.370854035019875 0
    endloop
  endfacet
  facet normal 0 0 -1
    outer loop
      vertex 20.87082100659609 -25.370854035019875 0
      vertex 20.87082100659609 25.370854035019875 0
      vertex 20.94235584139824 -25.08527096360922 0
    endloop
  endfacet
  facet normal 0 0 -1
    outer loop
      vertex 20.94235584139824 -25.08527096360922 0
      vertex 20.94235584139824 25.08527096360922 0
      vertex 20.985554181039333 -24.79405142366886 0
    endloop
  endfacet
  facet normal 0 0 -1
    outer loop
      vertex 20.985554181039333 -24.79405142366886 0
      vertex 20.985554181039333 24.79405142366886 0
      vertex 21 -24.5 0
    endloop
  endfacet
  facet normal 1 0 0
    outer loop
      vertex 21 -24.5 0
      vertex 21 24.5 0
      vertex 21 -24.5 3
    endloop
  endfacet
  facet normal 0 0 -1
    outer loop
      vertex 15.843172575472703 -14.407704437324485 0
      vertex 15.687855484774195 -14.430743551354832 0
      vertex 15.843172575472703 14.407704437324485 0
    endloop
  endfacet
  facet normal 0 0 -1
    outer loop
      vertex 16 -14.4 0
      vertex 15.843172575472703 -14.407704437324485 0
      vertex 16 14.4 0
    endloop
  endfacet
  facet normal 0 0 -1
    outer loop
      vertex 16.156827424527297 -14.407704437324485 0
      vertex 16 -14.4 0
      vertex 16.156827424527297 14.407704437324485 0
    endloop
  endfacet
  facet normal 0 0 -1
    outer loop
      vertex 16.312144515225807 -14.430743551354832 0
      vertex 16.156827424527297 -14.407704437324485 0
      vertex 16.312144515225807 14.430743551354832 0
    endloop
  endfacet
  facet normal 0 0 -1
    outer loop
      vertex 16.46445548360714 -14.468895462828465 0
      vertex 16.312144515225807 -14.430743551354832 0
      vertex 16.46445548360714 14.468895462828465 0
    endloop
  endfacet
  facet normal 0 0 -1
    outer loop
      vertex 16.612293491784143 -14.52179274798194 0
      vertex 16.46445548360714 -14.468895462828465 0
      vertex 16.612293491784143 14.52179274798194 0
    endloop
  endfacet
  facet normal 0 0 -1
    outer loop
      vertex 16.754234778921596 -14.588925977042631 0
      vertex 16.612293491784143 -14.52179274798194 0
      vertex 16.754234778921596 14.588925977042631 0
    endloop
  endfacet
  facet normal 0 0 -1
    outer loop
      vertex 16.888912372831363 -14.669648620315927 0
      vertex 16.754234778921596 -14.588925977042631 0
      vertex 16.888912372831363 14.669648620315927 0
    endloop
  endfacet
  facet normal 0 0 -1
    outer loop
      vertex 17.015029254661833 -14.763183274619621 0
      vertex 16.888912372831363 -14.669648620315927 0
      vertex 17.015029254661833 14.763183274619621 0
    endloop
  endfacet
  facet normal 0 0 -1
    outer loop
      vertex 17.592295562675517 -15.843172575472703 0
      vertex 17.592295562675517 15.843172575472703 0
      vertex 17.6 -16 0
    endloop
  endfacet
  facet normal 0 0 -1
    outer loop
      vertex 17.56925644864517 -15.687855484774195 0
      vertex 17.592295562675517 15.843172575472703 0
      vertex 17.592295562675517 -15.843172575472703 0
    endloop
  endfacet
  facet normal 0 0 -1
    outer loop
      vertex 17.531104537171533 -15.53554451639286 0
      vertex 17.56925644864517 15.687855484774195 0
      vertex 17.56925644864517 -15.687855484774195 0
    endloop
  endfacet
  facet normal 0 0 -1
    outer loop
      vertex 17.131370849898477 -14.868629150101524 0
      vertex 17.23681672538038 14.984970745338167 0
      vertex 17.23681672538038 -14.984970745338167 0
    endloop
  endfacet
  facet normal 0 0 -1
    outer loop
      vertex 17.015029254661833 -14.763183274619621 0
      vertex 17.131370849898477 14.868629150101524 0
      vertex 17.131370849898477 -14.868629150101524 0
    endloop
  endfacet
  facet normal 0 0 -1
    outer loop
      vertex 17.23681672538038 -14.984970745338167 0
      vertex 17.33035137968407 15.111087627168637 0
      vertex 17.33035137968407 -15.111087627168637 0
    endloop
  endfacet
  facet normal 0 0 -1
    outer loop
      vertex 17.33035137968407 -15.111087627168637 0
      vertex 17.41107402295737 15.245765221078404 0
      vertex 17.41107402295737 -15.245765221078404 0
    endloop
  endfacet
  facet normal 0 0 -1
    outer loop
      vertex 17.41107402295737 -15.245765221078404 0
      vertex 17.47820725201806 15.387706508215857 0
      vertex 17.47820725201806 -15.387706508215857 0
    endloop
  endfacet
  facet normal 0 0 -1
    outer loop
      vertex 17.47820725201806 -15.387706508215857 0
      vertex 17.531104537171533 15.53554451639286 0
      vertex 17.531104537171533 -15.53554451639286 0
    endloop
  endfacet
  facet normal 0 0 1
    outer loop
      vertex 12.888925582549005 -18.921325969243636 3
      vertex 13.085983210409115 -19.067473866593158 3
      vertex 12.888925582549005 6.921325969243637 3
    endloop
  endfacet
  facet normal 0 0 1
    outer loop
      vertex 12.225711693136155 -18.607649160669478 3
      vertex 12.456708580912725 -18.69030116872178 3
      vertex 12.225711693136155 6.607649160669478 3
    endloop
  endfacet
  facet normal 0 0 1
    outer loop
      vertex 12.456708580912725 -18.69030116872178 3
      vertex 12.678491842064995 -18.79519683912911 3
      vertex 12.456708580912725 6.690301168721783 3
    endloop
  endfacet
  facet normal 0 0 1
    outer loop
      vertex 12.888925582549005 -18.921325969243636 3
      vertex 12.678491842064995 6.795196839129112 3
      vertex 12.678491842064995 -18.79519683912911 3
    endloop
  endfacet
  facet normal 0 0 1
    outer loop
      vertex 14 -21 3
      vertex 13.267766952966369 7.232233047033631 3
      vertex 13.987961816680492 -20.7549571491761 3
    endloop
  endfacet
  facet normal 0 0 1
    outer loop
      vertex 13.987961816680492 -20.7549571491761 3
      vertex 13.267766952966369 7.232233047033631 3
      vertex 13.951963201008077 -20.51227419495968 3
    endloop
  endfacet
  facet normal 0 0 1
    outer loop
      vertex 13.892350839330522 -20.274288306863845 3
      vertex 13.951963201008077 -20.51227419495968 3
      vertex 13.267766952966369 7.232233047033631 3
    endloop
  endfacet
  facet normal 0 0 1
    outer loop
      vertex 13.085983210409115 -19.067473866593158 3
      vertex 13.267766952966369 -19.23223304703363 3
      vertex 13.085983210409115 7.067473866593158 3
    endloop
  endfacet
  facet normal 0 0 1
    outer loop
      vertex 13.432526133406842 -19.414016789590885 3
      vertex 13.578674030756364 -19.611074417450993 3
      vertex 13.267766952966369 7.232233047033631 3
    endloop
  endfacet
  facet normal 0 0 1
    outer loop
      vertex 13.432526133406842 -19.414016789590885 3
      vertex 13.267766952966369 7.232233047033631 3
      vertex 13.267766952966369 -19.23223304703363 3
    endloop
  endfacet
  facet normal 0 0 1
    outer loop
      vertex 13.704803160870888 -19.821508157935007 3
      vertex 13.809698831278217 -20.043291419087275 3
      vertex 13.267766952966369 7.232233047033631 3
    endloop
  endfacet
  facet normal 0 0 1
    outer loop
      vertex 13.892350839330522 -20.274288306863845 3
      vertex 13.267766952966369 7.232233047033631 3
      vertex 13.809698831278217 -20.043291419087275 3
    endloop
  endfacet
  facet normal 0 0 1
    outer loop
      vertex 13.704803160870888 -19.821508157935007 3
      vertex 13.267766952966369 7.232233047033631 3
      vertex 13.578674030756364 -19.611074417450993 3
    endloop
  endfacet
  facet normal 0 0 1
    outer loop
      vertex 14 -21 3
      vertex 14.407704437324485 -15.843172575472703 3
      vertex 13.267766952966369 7.232233047033631 3
    endloop
  endfacet
  facet normal 0 0 1
    outer loop
      vertex 13.267766952966369 7.232233047033631 3
      vertex 14.407704437324485 -15.843172575472703 3
      vertex 14.430743551354832 -15.687855484774195 3
    endloop
  endfacet
  facet normal 0 0 1
    outer loop
      vertex 13.267766952966369 7.232233047033631 3
      vertex 14.430743551354832 -15.687855484774195 3
      vertex 14.468895462828465 -15.53554451639286 3
    endloop
  endfacet
  facet normal 0 0 1
    outer loop
      vertex 13.267766952966369 7.232233047033631 3
      vertex 14.468895462828465 -15.53554451639286 3
      vertex 14.52179274798194 -15.387706508215857 3
    endloop
  endfacet
  facet normal 0 0 1
    outer loop
      vertex 13.267766952966369 7.232233047033631 3
      vertex 14.52179274798194 -15.387706508215857 3
      vertex 14.588925977042631 -15.245765221078404 3
    endloop
  endfacet
  facet normal 0 0 1
    outer loop
      vertex 13.267766952966369 7.232233047033631 3
      vertex 14.588925977042631 -15.245765221078404 3
      vertex 14.669648620315927 -15.111087627168637 3
    endloop
  endfacet
  facet normal 0 0 1
    outer loop
      vertex 13.267766952966369 7.232233047033631 3
      vertex 14.669648620315927 -15.111087627168637 3
      vertex 14.763183274619621 -14.984970745338167 3
    endloop
  endfacet
  facet normal 0 0 1
    outer loop
      vertex 13.267766952966369 7.232233047033631 3
      vertex 14.763183274619621 -14.984970745338167 3
      vertex 14.868629150101524 -14.868629150101524 3
    endloop
  endfacet
  facet normal 0 0 1
    outer loop
      vertex 13.267766952966369 7.232233047033631 3
      vertex 14.868629150101524 -14.868629150101524 3
      vertex 14.984970745338167 -14.763183274619621 3
    endloop
  endfacet
  facet normal 0 0 1
    outer loop
      vertex 13.267766952966369 7.232233047033631 3
      vertex 14.984970745338167 -14.763183274619621 3
      vertex 15.111087627168637 -14.669648620315927 3
    endloop
  endfacet
  facet normal 0 0 1
    outer loop
      vertex 13.267766952966369 7.232233047033631 3
      vertex 15.111087627168637 -14.669648620315927 3
      vertex 15.245765221078404 -14.588925977042631 3
    endloop
  endfacet
  facet normal 0 0 1
    outer loop
      vertex 13.267766952966369 7.232233047033631 3
      vertex 15.245765221078404 -14.588925977042631 3
      vertex 15.387706508215857 -14.52179274798194 3
    endloop
  endfacet
  facet normal 0 0 1
    outer loop
      vertex 13.267766952966369 7.232233047033631 3
      vertex 15.387706508215857 -14.52179274798194 3
      vertex 15.53554451639286 -14.468895462828465 3
    endloop
  endfacet
  facet normal 0 0 1
    outer loop
      vertex 13.267766952966369 7.232233047033631 3
      vertex 15.53554451639286 -14.468895462828465 3
      vertex 15.687855484774195 -14.430743551354832 3
    endloop
  endfacet
  facet normal 0 0 1
    outer loop
      vertex 13.267766952966369 7.232233047033631 3
      vertex 15.687855484774195 -14.430743551354832 3
      vertex 15.843172575472703 -14.407704437324485 3
    endloop
  endfacet
  facet normal 0 0 1
    outer loop
      vertex 13.267766952966369 7.232233047033631 3
      vertex 15.843172575472703 -14.407704437324485 3
      vertex 16 -14.4 3
    endloop
  endfacet
  facet normal 0 0 1
    outer loop
      vertex 13.267766952966369 7.232233047033631 3
      vertex 16 -14.4 3
      vertex 16.156827424527297 -14.407704437324485 3
    endloop
  endfacet
  facet normal 0 0 1
    outer loop
      vertex 13.267766952966369 7.232233047033631 3
      vertex 16.156827424527297 -14.407704437324485 3
      vertex 16.312144515225807 -14.430743551354832 3
    endloop
  endfacet
  facet normal 0 0 1
    outer loop
      vertex 13.432526133406842 7.414016789590886 3
      vertex 16.312144515225807 -14.430743551354832 3
      vertex 16.46445548360714 -14.468895462828465 3
    endloop
  endfacet
  facet normal 0 0 1
    outer loop
      vertex 13.809698831278217 8.043291419087275 3
      vertex 16.46445548360714 -14.468895462828465 3
      vertex 16.612293491784143 -14.52179274798194 3
    endloop
  endfacet
  facet normal 0 0 1
    outer loop
      vertex 12.225711693136155 -18.607649160669478 3
      vertex 10.774288306863845 6.607649160669478 3
      vertex 10.543291419087275 6.690301168721783 3
    endloop
  endfacet
  facet normal 0 0 1
    outer loop
      vertex 12.225711693136155 -18.607649160669478 3
      vertex 11.01227419495968 6.548036798991924 3
      vertex 10.774288306863845 6.607649160669478 3
    endloop
  endfacet
  facet normal 0 0 1
    outer loop
      vertex 12.225711693136155 -18.607649160669478 3
      vertex 11.254957149176098 6.512038183319508 3
      vertex 11.01227419495968 6.548036798991924 3
    endloop
  endfacet
  facet normal 0 0 1
    outer loop
      vertex 12.225711693136155 -18.607649160669478 3
      vertex 11.5 6.5 3
      vertex 11.254957149176098 6.512038183319508 3
    endloop
  endfacet
  facet normal 0 0 1
    outer loop
      vertex 12.225711693136155 -18.607649160669478 3
      vertex 9.732233047033631 7.232233047033631 3
      vertex 9.567473866593158 7.414016789590886 3
    endloop
  endfacet
  facet normal 0 0 1
    outer loop
      vertex 12.225711693136155 -18.607649160669478 3
      vertex 9.914016789590885 7.067473866593158 3
      vertex 9.732233047033631 7.232233047033631 3
    endloop
  endfacet
  facet normal 0 0 1
    outer loop
      vertex 12.225711693136155 -18.607649160669478 3
      vertex 10.111074417450995 6.921325969243637 3
      vertex 9.914016789590885 7.067473866593158 3
    endloop
  endfacet
  facet normal 0 0 1
    outer loop
      vertex 12.225711693136155 -18.607649160669478 3
      vertex 10.321508157935005 6.795196839129112 3
      vertex 10.111074417450995 6.921325969243637 3
    endloop
  endfacet
  facet normal 0 0 1
    outer loop
      vertex 12.225711693136155 -18.607649160669478 3
      vertex 10.543291419087275 6.690301168721783 3
      vertex 10.321508157935005 6.795196839129112 3
    endloop
  endfacet
  facet normal 0 0 1
    outer loop
      vertex 12.225711693136155 -18.607649160669478 3
      vertex 11.745042850823902 6.512038183319508 3
      vertex 11.5 6.5 3
    endloop
  endfacet
  facet normal 0 0 1
    outer loop
      vertex 12.225711693136155 -18.607649160669478 3
      vertex 11.98772580504032 6.548036798991924 3
      vertex 11.745042850823902 6.512038183319508 3
    endloop
  endfacet
  facet normal 0 0 1
    outer loop
      vertex 12.225711693136155 -18.607649160669478 3
      vertex 12.225711693136155 6.607649160669478 3
      vertex 11.98772580504032 6.548036798991924 3
    endloop
  endfacet
  facet normal 0 0 1
    outer loop
      vertex 12.456708580912725 -18.69030116872178 3
      vertex 12.456708580912725 6.690301168721783 3
      vertex 12.225711693136155 6.607649160669478 3
    endloop
  endfacet
  facet normal 0 0 1
    outer loop
      vertex 12.678491842064995 -18.79519683912911 3
      vertex 12.678491842064995 6.795196839129112 3
      vertex 12.456708580912725 6.690301168721783 3
    endloop
  endfacet
  facet normal 0 0 1
    outer loop
      vertex 12.888925582549005 -18.921325969243636 3
      vertex 12.888925582549005 6.921325969243637 3
      vertex 12.678491842064995 6.795196839129112 3
    endloop
  endfacet
  facet normal 0 0 1
    outer loop
      vertex 13.085983210409115 -19.067473866593158 3
      vertex 13.085983210409115 7.067473866593158 3
      vertex 12.888925582549005 6.921325969243637 3
    endloop
  endfacet
  facet normal 0 0 1
    outer loop
      vertex 13.267766952966369 -19.23223304703363 3
      vertex 13.267766952966369 7.232233047033631 3
      vertex 13.085983210409115 7.067473866593158 3
    endloop
  endfacet
  facet normal 0 0 1
    outer loop
      vertex 14 9 3
      vertex 17.015029254661833 -14.763183274619621 3
      vertex 17.131370849898477 -14.868629150101524 3
    endloop
  endfacet
  facet normal 0 0 1
    outer loop
      vertex 14 9 3
      vertex 17.131370849898477 -14.868629150101524 3
      vertex 17.23681672538038 -14.984970745338167 3
    endloop
  endfacet
  facet normal 0 0 1
    outer loop
      vertex 18 -27.5 3
      vertex 18.29405142366886 -27.485554181039333 3
      vertex 18 27.5 3
    endloop
  endfacet
  facet normal 0 0 1
    outer loop
      vertex 18.29405142366886 -27.485554181039333 3
      vertex 18.58527096360922 -27.44235584139824 3
      vertex 18.29405142366886 27.485554181039333 3
    endloop
  endfacet
  facet normal 0 0 1
    outer loop
      vertex 18.58527096360922 -27.44235584139824 3
      vertex 18.870854035019875 -27.37082100659609 3
      vertex 18.58527096360922 27.44235584139824 3
    endloop
  endfacet
  facet normal 0 0 1
    outer loop
      vertex 18.870854035019875 -27.37082100659609 3
      vertex 19.14805030077696 -27.271638594567776 3
      vertex 18.870854035019875 27.37082100659609 3
    endloop
  endfacet
  facet normal 0 0 1
    outer loop
      vertex 19.14805030077696 -27.271638594567776 3
      vertex 19.414190210402012 -27.14576379209757 3
      vertex 19.14805030077696 27.271638594567776 3
    endloop
  endfacet
  facet normal 0 0 1
    outer loop
      vertex 19.414190210402012 -27.14576379209757 3
      vertex 19.666710697114468 -26.99440883845091 3
      vertex 19.414190210402012 27.14576379209757 3
    endloop
  endfacet
  facet normal 0 0 1
    outer loop
      vertex 19.666710697114468 -26.99440883845091 3
      vertex 19.903179854154587 -26.819031357765198 3
      vertex 19.666710697114468 26.99440883845091 3
    endloop
  endfacet
  facet normal 0 0 1
    outer loop
      vertex 19.903179854154587 -26.819031357765198 3
      vertex 20.121320344507694 -26.621320344507694 3
      vertex 19.903179854154587 26.819031357765198 3
    endloop
  endfacet
  facet normal 0 0 1
    outer loop
      vertex 20.121320344507694 -26.621320344507694 3
      vertex 20.319031357765198 -26.403179854154587 3
      vertex 20.121320344507694 26.621320344507694 3
    endloop
  endfacet
  facet normal 0 0 1
    outer loop
      vertex 20.319031357765198 -26.403179854154587 3
      vertex 20.49440883845091 -26.166710697114468 3
      vertex 20.319031357765198 26.403179854154587 3
    endloop
  endfacet
  facet normal 0 0 1
    outer loop
      vertex 20.49440883845091 -26.166710697114468 3
      vertex 20.64576379209757 -25.914190210402012 3
      vertex 20.49440883845091 26.166710697114468 3
    endloop
  endfacet
  facet normal 0 0 1
    outer loop
      vertex 20.64576379209757 -25.914190210402012 3
      vertex 20.771638594567776 -25.64805030077696 3
      vertex 20.64576379209757 25.914190210402012 3
    endloop
  endfacet
  facet normal 0 0 1
    outer loop
      vertex 20.771638594567776 -25.64805030077696 3
      vertex 20.87082100659609 -25.370854035019875 3
      vertex 20.771638594567776 25.64805030077696 3
    endloop
  endfacet
  facet normal 0 0 1
    outer loop
      vertex 20.87082100659609 -25.370854035019875 3
      vertex 20.94235584139824 -25.08527096360922 3
      vertex 20.87082100659609 25.370854035019875 3
    endloop
  endfacet
  facet normal 0 0 1
    outer loop
      vertex 20.94235584139824 -25.08527096360922 3
      vertex 20.985554181039333 -24.79405142366886 3
      vertex 20.94235584139824 25.08527096360922 3
    endloop
  endfacet
  facet normal 0 0 1
    outer loop
      vertex 20.985554181039333 -24.79405142366886 3
      vertex 21 -24.5 3
      vertex 20.985554181039333 24.79405142366886 3
    endloop
  endfacet
  facet normal 0 0 1
    outer loop
      vertex 14 9 3
      vertex 16.612293491784143 -14.52179274798194 3
      vertex 16.754234778921596 -14.588925977042631 3
    endloop
  endfacet
  facet normal 0 0 1
    outer loop
      vertex 14 9 3
      vertex 16.754234778921596 -14.588925977042631 3
      vertex 16.888912372831363 -14.669648620315927 3
    endloop
  endfacet
  facet normal 0 0 1
    outer loop
      vertex 14 9 3
      vertex 16.888912372831363 -14.669648620315927 3
      vertex 17.015029254661833 -14.763183274619621 3
    endloop
  endfacet
  facet normal 0 0 1
    outer loop
      vertex 17.531104537171533 -15.53554451639286 3
      vertex 17.47820725201806 15.387706508215857 3
      vertex 17.47820725201806 -15.387706508215857 3
    endloop
  endfacet
  facet normal 0 0 1
    outer loop
      vertex 17.56925644864517 -15.687855484774195 3
      vertex 17.531104537171533 15.53554451639286 3
      vertex 17.531104537171533 -15.53554451639286 3
    endloop
  endfacet
  facet normal 0 0 1
    outer loop
      vertex 17.592295562675517 -15.843172575472703 3
      vertex 17.56925644864517 15.687855484774195 3
      vertex 17.56925644864517 -15.687855484774195 3
    endloop
  endfacet
  facet normal 0 0 1
    outer loop
      vertex 18 -27.5 3
      vertex 18 27.5 3
      vertex 17.6 -16 3
    endloop
  endfacet
  facet normal 0 0 1
    outer loop
      vertex 17.33035137968407 -15.111087627168637 3
      vertex 17.23681672538038 14.984970745338167 3
      vertex 17.23681672538038 -14.984970745338167 3
    endloop
  endfacet
  facet normal 0 0 1
    outer loop
      vertex 17.41107402295737 -15.245765221078404 3
      vertex 17.33035137968407 15.111087627168637 3
      vertex 17.33035137968407 -15.111087627168637 3
    endloop
  endfacet
  facet normal 0 0 1
    outer loop
      vertex 17.47820725201806 -15.387706508215857 3
      vertex 17.41107402295737 15.245765221078404 3
      vertex 17.41107402295737 -15.245765221078404 3
    endloop
  endfacet
  facet normal 0 0 1
    outer loop
      vertex 18 27.5 3
      vertex 17.592295562675517 -15.843172575472703 3
      vertex 17.6 -16 3
    endloop
  endfacet
  facet normal 0 0 -1
    outer loop
      vertex -18 -27.5 0
      vertex 14.407704437324485 16.156827424527297 0
      vertex 14.4 16 0
    endloop
  endfacet
  facet normal 0 0 -1
    outer loop
      vertex -18 -27.5 0
      vertex 14.430743551354832 16.312144515225807 0
      vertex 14.407704437324485 16.156827424527297 0
    endloop
  endfacet
  facet normal 0 0 -1
    outer loop
      vertex -18 -27.5 0
      vertex 14.468895462828465 16.46445548360714 0
      vertex 14.430743551354832 16.312144515225807 0
    endloop
  endfacet
  facet normal 0 0 -1
    outer loop
      vertex -18 -27.5 0
      vertex 18 27.5 0
      vertex 14.468895462828465 16.46445548360714 0
    endloop
  endfacet
  facet normal 0 0 1
    outer loop
      vertex -18 27.5 3
      vertex 12.225711693136155 -18.607649160669478 3
      vertex 9.012038183319508 8.754957149176098 3
    endloop
  endfacet
  facet normal 0 1 0
    outer loop
      vertex -18 27.5 0
      vertex 18 27.5 3
      vertex 18 27.5 0
    endloop
  endfacet
  facet normal 0 0 1
    outer loop
      vertex -18 27.5 3
      vertex 9.012038183319508 8.754957149176098 3
      vertex 9 9 3
    endloop
  endfacet
  facet normal 0 0 1
    outer loop
      vertex -18 27.5 3
      vertex 9 9 3
      vertex 9.012038183319508 9.245042850823902 3
    endloop
  endfacet
  facet normal 0 0 1
    outer loop
      vertex -18 27.5 3
      vertex 9.012038183319508 9.245042850823902 3
      vertex 9.048036798991923 9.48772580504032 3
    endloop
  endfacet
  facet normal 0 0 1
    outer loop
      vertex -18 27.5 3
      vertex 9.048036798991923 9.48772580504032 3
      vertex 9.107649160669478 9.725711693136155 3
    endloop
  endfacet
  facet normal 0 0 1
    outer loop
      vertex -18 27.5 3
      vertex 9.107649160669478 9.725711693136155 3
      vertex 9.190301168721783 9.956708580912725 3
    endloop
  endfacet
  facet normal 0 0 1
    outer loop
      vertex -18 27.5 3
      vertex 9.190301168721783 9.956708580912725 3
      vertex 9.295196839129112 10.178491842064995 3
    endloop
  endfacet
  facet normal 0 0 1
    outer loop
      vertex -18 27.5 3
      vertex 9.295196839129112 10.178491842064995 3
      vertex 9.421325969243636 10.388925582549005 3
    endloop
  endfacet
  facet normal 0 0 1
    outer loop
      vertex -18 27.5 3
      vertex 9.421325969243636 10.388925582549005 3
      vertex 9.567473866593158 10.585983210409115 3
    endloop
  endfacet
  facet normal 0 0 1
    outer loop
      vertex -18 27.5 3
      vertex 9.567473866593158 10.585983210409115 3
      vertex 9.732233047033631 10.767766952966369 3
    endloop
  endfacet
  facet normal 0 0 1
    outer loop
      vertex -18 27.5 3
      vertex 9.732233047033631 10.767766952966369 3
      vertex 9.914016789590885 10.932526133406842 3
    endloop
  endfacet
  facet normal 0 0 1
    outer loop
      vertex -18 27.5 3
      vertex 9.914016789590885 10.932526133406842 3
      vertex 10.111074417450995 11.078674030756364 3
    endloop
  endfacet
  facet normal 0 0 1
    outer loop
      vertex -18 27.5 3
      vertex 10.111074417450995 11.078674030756364 3
      vertex 10.321508157935005 11.204803160870888 3
    endloop
  endfacet
  facet normal 0 0 1
    outer loop
      vertex -18 27.5 3
      vertex 10.321508157935005 11.204803160870888 3
      vertex 10.543291419087275 11.309698831278217 3
    endloop
  endfacet
  facet normal 0 0 1
    outer loop
      vertex -18 27.5 3
      vertex 10.543291419087275 11.309698831278217 3
      vertex 10.774288306863845 11.392350839330522 3
    endloop
  endfacet
  facet normal 0 0 1
    outer loop
      vertex -18 27.5 3
      vertex 10.774288306863845 11.392350839330522 3
      vertex 11.01227419495968 11.451963201008077 3
    endloop
  endfacet
  facet normal 0 0 1
    outer loop
      vertex -18 27.5 3
      vertex 11.01227419495968 11.451963201008077 3
      vertex 11.254957149176098 11.487961816680492 3
    endloop
  endfacet
  facet normal 0 0 1
    outer loop
      vertex -18 27.5 3
      vertex 11.254957149176098 11.487961816680492 3
      vertex 11.5 11.5 3
    endloop
  endfacet
  facet normal 0 0 1
    outer loop
      vertex -18 27.5 3
      vertex 11.5 11.5 3
      vertex 11.745042850823902 11.487961816680492 3
    endloop
  endfacet
  facet normal 0 0 1
    outer loop
      vertex -18 27.5 3
      vertex 11.745042850823902 11.487961816680492 3
      vertex 11.98772580504032 11.451963201008077 3
    endloop
  endfacet
  facet normal 0 0 1
    outer loop
      vertex -18 27.5 3
      vertex 11.98772580504032 11.451963201008077 3
      vertex 18 27.5 3
    endloop
  endfacet
  facet normal 0 0 -1
    outer loop
      vertex 14.407704437324485 -15.843172575472703 0
      vertex 14.407704437324485 15.843172575472703 0
      vertex 14.430743551354832 15.687855484774195 0
    endloop
  endfacet
  facet normal 0 0 -1
    outer loop
      vertex 14.4 -16 0
      vertex 14.4 16 0
      vertex 14.407704437324485 15.843172575472703 0
    endloop
  endfacet
  facet normal 0 0 -1
    outer loop
      vertex 14.468895462828465 -15.53554451639286 0
      vertex 14.468895462828465 15.53554451639286 0
      vertex 14.52179274798194 15.387706508215857 0
    endloop
  endfacet
  facet normal 0 0 -1
    outer loop
      vertex 14.52179274798194 -15.387706508215857 0
      vertex 14.52179274798194 15.387706508215857 0
      vertex 14.588925977042631 15.245765221078404 0
    endloop
  endfacet
  facet normal 0 0 -1
    outer loop
      vertex 14.588925977042631 -15.245765221078404 0
      vertex 14.588925977042631 15.245765221078404 0
      vertex 14.669648620315927 15.111087627168637 0
    endloop
  endfacet
  facet normal 0 0 -1
    outer loop
      vertex 14.669648620315927 -15.111087627168637 0
      vertex 14.669648620315927 15.111087627168637 0
      vertex 14.763183274619621 14.984970745338167 0
    endloop
  endfacet
  facet normal 0 0 -1
    outer loop
      vertex 14.868629150101524 -14.868629150101524 0
      vertex 14.868629150101524 14.868629150101524 0
      vertex 14.984970745338167 14.763183274619621 0
    endloop
  endfacet
  facet normal 0 0 -1
    outer loop
      vertex 14.763183274619621 -14.984970745338167 0
      vertex 14.763183274619621 14.984970745338167 0
      vertex 14.868629150101524 14.868629150101524 0
    endloop
  endfacet
  facet normal 0 0 -1
    outer loop
      vertex 14.984970745338167 -14.763183274619621 0
      vertex 14.984970745338167 14.763183274619621 0
      vertex 15.111087627168637 14.669648620315927 0
    endloop
  endfacet
  facet normal 0 0 -1
    outer loop
      vertex 15.111087627168637 -14.669648620315927 0
      vertex 15.111087627168637 14.669648620315927 0
      vertex 15.245765221078404 14.588925977042631 0
    endloop
  endfacet
  facet normal 0 0 -1
    outer loop
      vertex 15.245765221078404 -14.588925977042631 0
      vertex 15.245765221078404 14.588925977042631 0
      vertex 15.387706508215857 14.52179274798194 0
    endloop
  endfacet
  facet normal 0 0 -1
    outer loop
      vertex 15.387706508215857 -14.52179274798194 0
      vertex 15.387706508215857 14.52179274798194 0
      vertex 15.53554451639286 14.468895462828465 0
    endloop
  endfacet
  facet normal 0 0 -1
    outer loop
      vertex 15.53554451639286 -14.468895462828465 0
      vertex 15.53554451639286 14.468895462828465 0
      vertex 15.687855484774195 14.430743551354832 0
    endloop
  endfacet
  facet normal 0 0 -1
    outer loop
      vertex 15.687855484774195 -14.430743551354832 0
      vertex 15.687855484774195 14.430743551354832 0
      vertex 15.843172575472703 14.407704437324485 0
    endloop
  endfacet
  facet normal 0 0 -1
    outer loop
      vertex 14.430743551354832 -15.687855484774195 0
      vertex 14.430743551354832 15.687855484774195 0
      vertex 14.468895462828465 15.53554451639286 0
    endloop
  endfacet
  facet normal 0 0 -1
    outer loop
      vertex 18 -27.5 0
      vertex 17.592295562675517 15.843172575472703 0
      vertex 17.6 16 0
    endloop
  endfacet
  facet normal 0 0 -1
    outer loop
      vertex 15.843172575472703 -14.407704437324485 0
      vertex 15.843172575472703 14.407704437324485 0
      vertex 16 14.4 0
    endloop
  endfacet
  facet normal 0 0 -1
    outer loop
      vertex 16 -14.4 0
      vertex 16 14.4 0
      vertex 16.156827424527297 14.407704437324485 0
    endloop
  endfacet
  facet normal 0 0 -1
    outer loop
      vertex 16.156827424527297 -14.407704437324485 0
      vertex 16.156827424527297 14.407704437324485 0
      vertex 16.312144515225807 14.430743551354832 0
    endloop
  endfacet
  facet normal 0 0 -1
    outer loop
      vertex 16.312144515225807 -14.430743551354832 0
      vertex 16.312144515225807 14.430743551354832 0
      vertex 16.46445548360714 14.468895462828465 0
    endloop
  endfacet
  facet normal 0 0 -1
    outer loop
      vertex 16.46445548360714 -14.468895462828465 0
      vertex 16.46445548360714 14.468895462828465 0
      vertex 16.612293491784143 14.52179274798194 0
    endloop
  endfacet
  facet normal 0 0 -1
    outer loop
      vertex 16.612293491784143 -14.52179274798194 0
      vertex 16.612293491784143 14.52179274798194 0
      vertex 16.754234778921596 14.588925977042631 0
    endloop
  endfacet
  facet normal 0 0 -1
    outer loop
      vertex 16.754234778921596 -14.588925977042631 0
      vertex 16.754234778921596 14.588925977042631 0
      vertex 16.888912372831363 14.669648620315927 0
    endloop
  endfacet
  facet normal 0 0 -1
    outer loop
      vertex 16.888912372831363 -14.669648620315927 0
      vertex 16.888912372831363 14.669648620315927 0
      vertex 17.015029254661833 14.763183274619621 0
    endloop
  endfacet
  facet normal 0 0 -1
    outer loop
      vertex 17.015029254661833 -14.763183274619621 0
      vertex 17.015029254661833 14.763183274619621 0
      vertex 17.131370849898477 14.868629150101524 0
    endloop
  endfacet
  facet normal 0 0 -1
    outer loop
      vertex 17.131370849898477 -14.868629150101524 0
      vertex 17.131370849898477 14.868629150101524 0
      vertex 17.23681672538038 14.984970745338167 0
    endloop
  endfacet
  facet normal 0 0 -1
    outer loop
      vertex 17.23681672538038 -14.984970745338167 0
      vertex 17.23681672538038 14.984970745338167 0
      vertex 17.33035137968407 15.111087627168637 0
    endloop
  endfacet
  facet normal 0 0 -1
    outer loop
      vertex 17.33035137968407 -15.111087627168637 0
      vertex 17.33035137968407 15.111087627168637 0
      vertex 17.41107402295737 15.245765221078404 0
    endloop
  endfacet
  facet normal 0 0 -1
    outer loop
      vertex 17.41107402295737 -15.245765221078404 0
      vertex 17.41107402295737 15.245765221078404 0
      vertex 17.47820725201806 15.387706508215857 0
    endloop
  endfacet
  facet normal 0 0 -1
    outer loop
      vertex 17.47820725201806 -15.387706508215857 0
      vertex 17.47820725201806 15.387706508215857 0
      vertex 17.531104537171533 15.53554451639286 0
    endloop
  endfacet
  facet normal 0 0 -1
    outer loop
      vertex 17.531104537171533 -15.53554451639286 0
      vertex 17.531104537171533 15.53554451639286 0
      vertex 17.56925644864517 15.687855484774195 0
    endloop
  endfacet
  facet normal 0 0 -1
    outer loop
      vertex 17.56925644864517 -15.687855484774195 0
      vertex 17.56925644864517 15.687855484774195 0
      vertex 17.592295562675517 15.843172575472703 0
    endloop
  endfacet
  facet normal 0 0 -1
    outer loop
      vertex 18 -27.5 0
      vertex 17.6 16 0
      vertex 18 27.5 0
    endloop
  endfacet
  facet normal 0 0 -1
    outer loop
      vertex 18.29405142366886 -27.485554181039333 0
      vertex 18 27.5 0
      vertex 18.29405142366886 27.485554181039333 0
    endloop
  endfacet
  facet normal 0 0 -1
    outer loop
      vertex 18.58527096360922 -27.44235584139824 0
      vertex 18.29405142366886 27.485554181039333 0
      vertex 18.58527096360922 27.44235584139824 0
    endloop
  endfacet
  facet normal 0 0 -1
    outer loop
      vertex 18.870854035019875 -27.37082100659609 0
      vertex 18.58527096360922 27.44235584139824 0
      vertex 18.870854035019875 27.37082100659609 0
    endloop
  endfacet
  facet normal 0 0 -1
    outer loop
      vertex 19.14805030077696 -27.271638594567776 0
      vertex 18.870854035019875 27.37082100659609 0
      vertex 19.14805030077696 27.271638594567776 0
    endloop
  endfacet
  facet normal 0 0 -1
    outer loop
      vertex 19.414190210402012 -27.14576379209757 0
      vertex 19.14805030077696 27.271638594567776 0
      vertex 19.414190210402012 27.14576379209757 0
    endloop
  endfacet
  facet normal 0 0 -1
    outer loop
      vertex 19.666710697114468 -26.99440883845091 0
      vertex 19.414190210402012 27.14576379209757 0
      vertex 19.666710697114468 26.99440883845091 0
    endloop
  endfacet
  facet normal 0 0 -1
    outer loop
      vertex 21 -24.5 0
      vertex 20.985554181039333 24.79405142366886 0
      vertex 21 24.5 0
    endloop
  endfacet
  facet normal 0 0 -1
    outer loop
      vertex 20.985554181039333 -24.79405142366886 0
      vertex 20.94235584139824 25.08527096360922 0
      vertex 20.985554181039333 24.79405142366886 0
    endloop
  endfacet
  facet normal 0 0 -1
    outer loop
      vertex 20.87082100659609 -25.370854035019875 0
      vertex 20.771638594567776 25.64805030077696 0
      vertex 20.87082100659609 25.370854035019875 0
    endloop
  endfacet
  facet normal 0 0 -1
    outer loop
      vertex 20.94235584139824 -25.08527096360922 0
      vertex 20.87082100659609 25.370854035019875 0
      vertex 20.94235584139824 25.08527096360922 0
    endloop
  endfacet
  facet normal 0 0 -1
    outer loop
      vertex 19.903179854154587 -26.819031357765198 0
      vertex 19.666710697114468 26.99440883845091 0
      vertex 19.903179854154587 26.819031357765198 0
    endloop
  endfacet
  facet normal 0 0 -1
    outer loop
      vertex 20.121320344507694 -26.621320344507694 0
      vertex 19.903179854154587 26.819031357765198 0
      vertex 20.121320344507694 26.621320344507694 0
    endloop
  endfacet
  facet normal 0 0 -1
    outer loop
      vertex 20.319031357765198 -26.403179854154587 0
      vertex 20.121320344507694 26.621320344507694 0
      vertex 20.319031357765198 26.403179854154587 0
    endloop
  endfacet
  facet normal 0 0 -1
    outer loop
      vertex 20.49440883845091 -26.166710697114468 0
      vertex 20.319031357765198 26.403179854154587 0
      vertex 20.49440883845091 26.166710697114468 0
    endloop
  endfacet
  facet normal 0 0 -1
    outer loop
      vertex 20.64576379209757 -25.914190210402012 0
      vertex 20.49440883845091 26.166710697114468 0
      vertex 20.64576379209757 25.914190210402012 0
    endloop
  endfacet
  facet normal 0 0 -1
    outer loop
      vertex 20.771638594567776 -25.64805030077696 0
      vertex 20.64576379209757 25.914190210402012 0
      vertex 20.771638594567776 25.64805030077696 0
    endloop
  endfacet
  facet normal 1 0 0
    outer loop
      vertex 21 -24.5 3
      vertex 21 24.5 0
      vertex 21 24.5 3
    endloop
  endfacet
  facet normal 0 0 1
    outer loop
      vertex 13.267766952966369 7.232233047033631 3
      vertex 16.312144515225807 -14.430743551354832 3
      vertex 13.432526133406842 7.414016789590886 3
    endloop
  endfacet
  facet normal 0 0 1
    outer loop
      vertex 13.432526133406842 7.414016789590886 3
      vertex 16.46445548360714 -14.468895462828465 3
      vertex 13.578674030756364 7.611074417450995 3
    endloop
  endfacet
  facet normal 0 0 1
    outer loop
      vertex 13.578674030756364 7.611074417450995 3
      vertex 16.46445548360714 -14.468895462828465 3
      vertex 13.704803160870888 7.821508157935006 3
    endloop
  endfacet
  facet normal 0 0 1
    outer loop
      vertex 13.704803160870888 7.821508157935006 3
      vertex 16.46445548360714 -14.468895462828465 3
      vertex 13.809698831278217 8.043291419087275 3
    endloop
  endfacet
  facet normal 0 0 1
    outer loop
      vertex 13.809698831278217 8.043291419087275 3
      vertex 16.612293491784143 -14.52179274798194 3
      vertex 13.892350839330522 8.274288306863845 3
    endloop
  endfacet
  facet normal 0 0 1
    outer loop
      vertex 13.892350839330522 8.274288306863845 3
      vertex 16.612293491784143 -14.52179274798194 3
      vertex 13.951963201008077 8.51227419495968 3
    endloop
  endfacet
  facet normal 0 0 1
    outer loop
      vertex 13.951963201008077 8.51227419495968 3
      vertex 16.612293491784143 -14.52179274798194 3
      vertex 13.987961816680492 8.754957149176098 3
    endloop
  endfacet
  facet normal 0 0 1
    outer loop
      vertex 13.987961816680492 8.754957149176098 3
      vertex 16.612293491784143 -14.52179274798194 3
      vertex 14 9 3
    endloop
  endfacet
  facet normal 0 0 1
    outer loop
      vertex 13.987961816680492 9.245042850823902 3
      vertex 15.111087627168637 14.669648620315927 3
      vertex 13.951963201008077 9.48772580504032 3
    endloop
  endfacet
  facet normal 0 0 1
    outer loop
      vertex 14 9 3
      vertex 15.111087627168637 14.669648620315927 3
      vertex 13.987961816680492 9.245042850823902 3
    endloop
  endfacet
  facet normal 0 0 1
    outer loop
      vertex 13.432526133406842 10.585983210409115 3
      vertex 13.578674030756364 10.388925582549005 3
      vertex 14.763183274619621 14.984970745338167 3
    endloop
  endfacet
  facet normal 0 0 1
    outer loop
      vertex 13.704803160870888 10.178491842064995 3
      vertex 14.763183274619621 14.984970745338167 3
      vertex 13.578674030756364 10.388925582549005 3
    endloop
  endfacet
  facet normal 0 0 1
    outer loop
      vertex 13.892350839330522 9.725711693136155 3
      vertex 14.984970745338167 14.763183274619621 3
      vertex 13.809698831278217 9.956708580912725 3
    endloop
  endfacet
  facet normal 0 0 1
    outer loop
      vertex 13.892350839330522 9.725711693136155 3
      vertex 13.951963201008077 9.48772580504032 3
      vertex 15.111087627168637 14.669648620315927 3
    endloop
  endfacet
  facet normal 0 0 1
    outer loop
      vertex 13.704803160870888 10.178491842064995 3
      vertex 13.809698831278217 9.956708580912725 3
      vertex 14.868629150101524 14.868629150101524 3
    endloop
  endfacet
  facet normal 0 0 1
    outer loop
      vertex 12.888925582549005 11.078674030756364 3
      vertex 14.4 16 3
      vertex 12.678491842064995 11.204803160870888 3
    endloop
  endfacet
  facet normal 0 0 1
    outer loop
      vertex 13.432526133406842 10.585983210409115 3
      vertex 14.588925977042631 15.245765221078404 3
      vertex 13.267766952966369 10.767766952966369 3
    endloop
  endfacet
  facet normal 0 0 1
    outer loop
      vertex 13.085983210409115 10.932526133406842 3
      vertex 13.267766952966369 10.767766952966369 3
      vertex 14.52179274798194 15.387706508215857 3
    endloop
  endfacet
  facet normal 0 0 1
    outer loop
      vertex 12.888925582549005 11.078674030756364 3
      vertex 13.085983210409115 10.932526133406842 3
      vertex 14.430743551354832 15.687855484774195 3
    endloop
  endfacet
  facet normal 0 0 1
    outer loop
      vertex 13.432526133406842 10.585983210409115 3
      vertex 14.669648620315927 15.111087627168637 3
      vertex 14.588925977042631 15.245765221078404 3
    endloop
  endfacet
  facet normal 0 0 1
    outer loop
      vertex 13.432526133406842 10.585983210409115 3
      vertex 14.763183274619621 14.984970745338167 3
      vertex 14.669648620315927 15.111087627168637 3
    endloop
  endfacet
  facet normal 0 0 1
    outer loop
      vertex 14 9 3
      vertex 15.245765221078404 14.588925977042631 3
      vertex 15.111087627168637 14.669648620315927 3
    endloop
  endfacet
  facet normal 0 0 1
    outer loop
      vertex 14 9 3
      vertex 15.387706508215857 14.52179274798194 3
      vertex 15.245765221078404 14.588925977042631 3
    endloop
  endfacet
  facet normal 0 0 1
    outer loop
      vertex 14 9 3
      vertex 15.53554451639286 14.468895462828465 3
      vertex 15.387706508215857 14.52179274798194 3
    endloop
  endfacet
  facet normal 0 0 1
    outer loop
      vertex 14 9 3
      vertex 15.687855484774195 14.430743551354832 3
      vertex 15.53554451639286 14.468895462828465 3
    endloop
  endfacet
  facet normal 0 0 1
    outer loop
      vertex 13.809698831278217 9.956708580912725 3
      vertex 14.984970745338167 14.763183274619621 3
      vertex 14.868629150101524 14.868629150101524 3
    endloop
  endfacet
  facet normal 0 0 1
    outer loop
      vertex 13.892350839330522 9.725711693136155 3
      vertex 15.111087627168637 14.669648620315927 3
      vertex 14.984970745338167 14.763183274619621 3
    endloop
  endfacet
  facet normal 0 0 1
    outer loop
      vertex 13.704803160870888 10.178491842064995 3
      vertex 14.868629150101524 14.868629150101524 3
      vertex 14.763183274619621 14.984970745338167 3
    endloop
  endfacet
  facet normal 0 0 1
    outer loop
      vertex 14 9 3
      vertex 15.843172575472703 14.407704437324485 3
      vertex 15.687855484774195 14.430743551354832 3
    endloop
  endfacet
  facet normal 0 0 1
    outer loop
      vertex 14 9 3
      vertex 16 14.4 3
      vertex 15.843172575472703 14.407704437324485 3
    endloop
  endfacet
  facet normal 0 0 1
    outer loop
      vertex 14 9 3
      vertex 16.156827424527297 14.407704437324485 3
      vertex 16 14.4 3
    endloop
  endfacet
  facet normal 0 0 1
    outer loop
      vertex 14 9 3
      vertex 16.312144515225807 14.430743551354832 3
      vertex 16.156827424527297 14.407704437324485 3
    endloop
  endfacet
  facet normal 0 0 1
    outer loop
      vertex 14 9 3
      vertex 16.46445548360714 14.468895462828465 3
      vertex 16.312144515225807 14.430743551354832 3
    endloop
  endfacet
  facet normal 0 0 1
    outer loop
      vertex 14 9 3
      vertex 16.612293491784143 14.52179274798194 3
      vertex 16.46445548360714 14.468895462828465 3
    endloop
  endfacet
  facet normal 0 0 1
    outer loop
      vertex 14 9 3
      vertex 17.23681672538038 -14.984970745338167 3
      vertex 16.754234778921596 14.588925977042631 3
    endloop
  endfacet
  facet normal 0 0 1
    outer loop
      vertex 17.23681672538038 -14.984970745338167 3
      vertex 16.888912372831363 14.669648620315927 3
      vertex 16.754234778921596 14.588925977042631 3
    endloop
  endfacet
  facet normal 0 0 1
    outer loop
      vertex 17.23681672538038 -14.984970745338167 3
      vertex 17.015029254661833 14.763183274619621 3
      vertex 16.888912372831363 14.669648620315927 3
    endloop
  endfacet
  facet normal 0 0 1
    outer loop
      vertex 17.23681672538038 -14.984970745338167 3
      vertex 17.131370849898477 14.868629150101524 3
      vertex 17.015029254661833 14.763183274619621 3
    endloop
  endfacet
  facet normal 0 0 1
    outer loop
      vertex 17.23681672538038 -14.984970745338167 3
      vertex 17.23681672538038 14.984970745338167 3
      vertex 17.131370849898477 14.868629150101524 3
    endloop
  endfacet
  facet normal 0 0 1
    outer loop
      vertex 17.33035137968407 -15.111087627168637 3
      vertex 17.33035137968407 15.111087627168637 3
      vertex 17.23681672538038 14.984970745338167 3
    endloop
  endfacet
  facet normal 0 0 1
    outer loop
      vertex 17.41107402295737 -15.245765221078404 3
      vertex 17.41107402295737 15.245765221078404 3
      vertex 17.33035137968407 15.111087627168637 3
    endloop
  endfacet
  facet normal 0 0 1
    outer loop
      vertex 17.47820725201806 -15.387706508215857 3
      vertex 17.47820725201806 15.387706508215857 3
      vertex 17.41107402295737 15.245765221078404 3
    endloop
  endfacet
  facet normal 0 0 1
    outer loop
      vertex 17.531104537171533 -15.53554451639286 3
      vertex 17.531104537171533 15.53554451639286 3
      vertex 17.47820725201806 15.387706508215857 3
    endloop
  endfacet
  facet normal 0 0 1
    outer loop
      vertex 17.56925644864517 -15.687855484774195 3
      vertex 17.56925644864517 15.687855484774195 3
      vertex 17.531104537171533 15.53554451639286 3
    endloop
  endfacet
  facet normal 0 0 1
    outer loop
      vertex 17.592295562675517 -15.843172575472703 3
      vertex 17.592295562675517 15.843172575472703 3
      vertex 17.56925644864517 15.687855484774195 3
    endloop
  endfacet
  facet normal 0 0 1
    outer loop
      vertex 17.592295562675517 -15.843172575472703 3
      vertex 17.6 16 3
      vertex 17.592295562675517 15.843172575472703 3
    endloop
  endfacet
  facet normal 0 0 1
    outer loop
      vertex 18 27.5 3
      vertex 17.6 16 3
      vertex 17.592295562675517 -15.843172575472703 3
    endloop
  endfacet
  facet normal 0 0 1
    outer loop
      vertex 18.29405142366886 -27.485554181039333 3
      vertex 18.29405142366886 27.485554181039333 3
      vertex 18 27.5 3
    endloop
  endfacet
  facet normal 0 0 1
    outer loop
      vertex 14 9 3
      vertex 16.754234778921596 14.588925977042631 3
      vertex 16.612293491784143 14.52179274798194 3
    endloop
  endfacet
  facet normal 0 0 1
    outer loop
      vertex 18.58527096360922 -27.44235584139824 3
      vertex 18.58527096360922 27.44235584139824 3
      vertex 18.29405142366886 27.485554181039333 3
    endloop
  endfacet
  facet normal 0 0 1
    outer loop
      vertex 18.870854035019875 -27.37082100659609 3
      vertex 18.870854035019875 27.37082100659609 3
      vertex 18.58527096360922 27.44235584139824 3
    endloop
  endfacet
  facet normal 0 0 1
    outer loop
      vertex 19.14805030077696 -27.271638594567776 3
      vertex 19.14805030077696 27.271638594567776 3
      vertex 18.870854035019875 27.37082100659609 3
    endloop
  endfacet
  facet normal 0 0 1
    outer loop
      vertex 19.414190210402012 -27.14576379209757 3
      vertex 19.414190210402012 27.14576379209757 3
      vertex 19.14805030077696 27.271638594567776 3
    endloop
  endfacet
  facet normal 0 0 1
    outer loop
      vertex 19.666710697114468 -26.99440883845091 3
      vertex 19.666710697114468 26.99440883845091 3
      vertex 19.414190210402012 27.14576379209757 3
    endloop
  endfacet
  facet normal 0 0 1
    outer loop
      vertex 21 -24.5 3
      vertex 21 24.5 3
      vertex 20.985554181039333 24.79405142366886 3
    endloop
  endfacet
  facet normal 0 0 1
    outer loop
      vertex 20.985554181039333 -24.79405142366886 3
      vertex 20.985554181039333 24.79405142366886 3
      vertex 20.94235584139824 25.08527096360922 3
    endloop
  endfacet
  facet normal 0 0 1
    outer loop
      vertex 20.87082100659609 -25.370854035019875 3
      vertex 20.87082100659609 25.370854035019875 3
      vertex 20.771638594567776 25.64805030077696 3
    endloop
  endfacet
  facet normal 0 0 1
    outer loop
      vertex 20.94235584139824 -25.08527096360922 3
      vertex 20.94235584139824 25.08527096360922 3
      vertex 20.87082100659609 25.370854035019875 3
    endloop
  endfacet
  facet normal 0 0 1
    outer loop
      vertex 19.903179854154587 -26.819031357765198 3
      vertex 19.903179854154587 26.819031357765198 3
      vertex 19.666710697114468 26.99440883845091 3
    endloop
  endfacet
  facet normal 0 0 1
    outer loop
      vertex 20.121320344507694 -26.621320344507694 3
      vertex 20.121320344507694 26.621320344507694 3
      vertex 19.903179854154587 26.819031357765198 3
    endloop
  endfacet
  facet normal 0 0 1
    outer loop
      vertex 20.319031357765198 -26.403179854154587 3
      vertex 20.319031357765198 26.403179854154587 3
      vertex 20.121320344507694 26.621320344507694 3
    endloop
  endfacet
  facet normal 0 0 1
    outer loop
      vertex 20.49440883845091 -26.166710697114468 3
      vertex 20.49440883845091 26.166710697114468 3
      vertex 20.319031357765198 26.403179854154587 3
    endloop
  endfacet
  facet normal 0 0 1
    outer loop
      vertex 20.64576379209757 -25.914190210402012 3
      vertex 20.64576379209757 25.914190210402012 3
      vertex 20.49440883845091 26.166710697114468 3
    endloop
  endfacet
  facet normal 0 0 1
    outer loop
      vertex 20.771638594567776 -25.64805030077696 3
      vertex 20.771638594567776 25.64805030077696 3
      vertex 20.64576379209757 25.914190210402012 3
    endloop
  endfacet
  facet normal 0 0 -1
    outer loop
      vertex 18 27.5 0
      vertex 14.52179274798194 16.612293491784143 0
      vertex 14.468895462828465 16.46445548360714 0
    endloop
  endfacet
  facet normal 0 0 -1
    outer loop
      vertex 18 27.5 0
      vertex 14.588925977042631 16.754234778921596 0
      vertex 14.52179274798194 16.612293491784143 0
    endloop
  endfacet
  facet normal 0 0 -1
    outer loop
      vertex 18 27.5 0
      vertex 14.669648620315927 16.888912372831363 0
      vertex 14.588925977042631 16.754234778921596 0
    endloop
  endfacet
  facet normal 0 0 -1
    outer loop
      vertex 18 27.5 0
      vertex 14.763183274619621 17.015029254661833 0
      vertex 14.669648620315927 16.888912372831363 0
    endloop
  endfacet
  facet normal 0 0 -1
    outer loop
      vertex 18 27.5 0
      vertex 14.868629150101524 17.131370849898477 0
      vertex 14.763183274619621 17.015029254661833 0
    endloop
  endfacet
  facet normal 0 0 -1
    outer loop
      vertex 18 27.5 0
      vertex 14.984970745338167 17.23681672538038 0
      vertex 14.868629150101524 17.131370849898477 0
    endloop
  endfacet
  facet normal 0 0 -1
    outer loop
      vertex 18 27.5 0
      vertex 17.131370849898477 17.131370849898477 0
      vertex 17.015029254661833 17.23681672538038 0
    endloop
  endfacet
  facet normal 0 0 -1
    outer loop
      vertex 18 27.5 0
      vertex 17.531104537171533 16.46445548360714 0
      vertex 17.47820725201806 16.612293491784143 0
    endloop
  endfacet
  facet normal 0 0 -1
    outer loop
      vertex 18 27.5 0
      vertex 17.56925644864517 16.312144515225807 0
      vertex 17.531104537171533 16.46445548360714 0
    endloop
  endfacet
  facet normal 0 0 -1
    outer loop
      vertex 18 27.5 0
      vertex 17.23681672538038 17.015029254661833 0
      vertex 17.131370849898477 17.131370849898477 0
    endloop
  endfacet
  facet normal 0 0 -1
    outer loop
      vertex 18 27.5 0
      vertex 17.33035137968407 16.888912372831363 0
      vertex 17.23681672538038 17.015029254661833 0
    endloop
  endfacet
  facet normal 0 0 -1
    outer loop
      vertex 18 27.5 0
      vertex 17.47820725201806 16.612293491784143 0
      vertex 17.41107402295737 16.754234778921596 0
    endloop
  endfacet
  facet normal 0 0 -1
    outer loop
      vertex 18 27.5 0
      vertex 17.41107402295737 16.754234778921596 0
      vertex 17.33035137968407 16.888912372831363 0
    endloop
  endfacet
  facet normal 0 0 -1
    outer loop
      vertex 18 27.5 0
      vertex 17.6 16 0
      vertex 17.592295562675517 16.156827424527297 0
    endloop
  endfacet
  facet normal 0 0 -1
    outer loop
      vertex 18 27.5 0
      vertex 17.592295562675517 16.156827424527297 0
      vertex 17.56925644864517 16.312144515225807 0
    endloop
  endfacet
  facet normal 0 0 -1
    outer loop
      vertex 18 27.5 0
      vertex 15.111087627168637 17.33035137968407 0
      vertex 14.984970745338167 17.23681672538038 0
    endloop
  endfacet
  facet normal 0 0 -1
    outer loop
      vertex 18 27.5 0
      vertex 15.245765221078404 17.41107402295737 0
      vertex 15.111087627168637 17.33035137968407 0
    endloop
  endfacet
  facet normal 0 0 -1
    outer loop
      vertex 18 27.5 0
      vertex 15.387706508215857 17.47820725201806 0
      vertex 15.245765221078404 17.41107402295737 0
    endloop
  endfacet
  facet normal 0 0 -1
    outer loop
      vertex 18 27.5 0
      vertex 15.53554451639286 17.531104537171533 0
      vertex 15.387706508215857 17.47820725201806 0
    endloop
  endfacet
  facet normal 0 0 -1
    outer loop
      vertex 18 27.5 0
      vertex 15.687855484774195 17.56925644864517 0
      vertex 15.53554451639286 17.531104537171533 0
    endloop
  endfacet
  facet normal 0 0 -1
    outer loop
      vertex 18 27.5 0
      vertex 15.843172575472703 17.592295562675517 0
      vertex 15.687855484774195 17.56925644864517 0
    endloop
  endfacet
  facet normal 0 0 -1
    outer loop
      vertex 18 27.5 0
      vertex 16 17.6 0
      vertex 15.843172575472703 17.592295562675517 0
    endloop
  endfacet
  facet normal 0 0 -1
    outer loop
      vertex 18 27.5 0
      vertex 16.156827424527297 17.592295562675517 0
      vertex 16 17.6 0
    endloop
  endfacet
  facet normal 0 0 -1
    outer loop
      vertex 18 27.5 0
      vertex 16.312144515225807 17.56925644864517 0
      vertex 16.156827424527297 17.592295562675517 0
    endloop
  endfacet
  facet normal 0 0 -1
    outer loop
      vertex 18 27.5 0
      vertex 16.612293491784143 17.47820725201806 0
      vertex 16.46445548360714 17.531104537171533 0
    endloop
  endfacet
  facet normal 0 0 -1
    outer loop
      vertex 18 27.5 0
      vertex 16.46445548360714 17.531104537171533 0
      vertex 16.312144515225807 17.56925644864517 0
    endloop
  endfacet
  facet normal 0 0 -1
    outer loop
      vertex 18 27.5 0
      vertex 16.754234778921596 17.41107402295737 0
      vertex 16.612293491784143 17.47820725201806 0
    endloop
  endfacet
  facet normal 0 0 -1
    outer loop
      vertex 18 27.5 0
      vertex 16.888912372831363 17.33035137968407 0
      vertex 16.754234778921596 17.41107402295737 0
    endloop
  endfacet
  facet normal 0 0 -1
    outer loop
      vertex 18 27.5 0
      vertex 17.015029254661833 17.23681672538038 0
      vertex 16.888912372831363 17.33035137968407 0
    endloop
  endfacet
  facet normal 0.0490676704157047 0.9987954563973426 0
    outer loop
      vertex 18 27.5 0
      vertex 18.29405142366886 27.485554181039333 3
      vertex 18.29405142366886 27.485554181039333 0
    endloop
  endfacet
  facet normal 0.14673047975168188 0.9891765091791461 0
    outer loop
      vertex 18.29405142366886 27.485554181039333 0
      vertex 18.58527096360922 27.44235584139824 3
      vertex 18.58527096360922 27.44235584139824 0
    endloop
  endfacet
  facet normal 0.2429801778654069 0.9700312537050008 0
    outer loop
      vertex 18.58527096360922 27.44235584139824 0
      vertex 18.870854035019875 27.37082100659609 3
      vertex 18.870854035019875 27.37082100659609 0
    endloop
  endfacet
  facet normal 0.3368898600571534 0.9415440627982695 0
    outer loop
      vertex 18.870854035019875 27.37082100659609 0
      vertex 19.14805030077696 27.271638594567776 3
      vertex 19.14805030077696 27.271638594567776 0
    endloop
  endfacet
  facet normal 0.42755509276037695 0.9039892934402849 0
    outer loop
      vertex 19.14805030077696 27.271638594567776 0
      vertex 19.414190210402012 27.14576379209757 3
      vertex 19.414190210402012 27.14576379209757 0
    endloop
  endfacet
  facet normal 0.5141027407673995 0.8577286120536309 0
    outer loop
      vertex 19.666710697114468 26.99440883845091 0
      vertex 19.414190210402012 27.14576379209757 0
      vertex 19.666710697114468 26.99440883845091 3
    endloop
  endfacet
  facet normal 0.9987954563973426 0.0490676704157047 0
    outer loop
      vertex 21 24.5 0
      vertex 20.985554181039333 24.79405142366886 0
      vertex 21 24.5 3
    endloop
  endfacet
  facet normal 0.9891765091791461 0.14673047975168188 0
    outer loop
      vertex 20.985554181039333 24.79405142366886 0
      vertex 20.94235584139824 25.08527096360922 0
      vertex 20.985554181039333 24.79405142366886 3
    endloop
  endfacet
  facet normal 0.9700312537050008 0.2429801778654069 0
    outer loop
      vertex 20.94235584139824 25.08527096360922 0
      vertex 20.87082100659609 25.370854035019875 0
      vertex 20.94235584139824 25.08527096360922 3
    endloop
  endfacet
  facet normal 0.9039892934402849 0.42755509276037695 0
    outer loop
      vertex 20.771638594567776 25.64805030077696 0
      vertex 20.64576379209757 25.914190210402012 0
      vertex 20.771638594567776 25.64805030077696 3
    endloop
  endfacet
  facet normal 0.9415440627982695 0.3368898600571534 0
    outer loop
      vertex 20.771638594567776 25.64805030077696 0
      vertex 20.87082100659609 25.370854035019875 3
      vertex 20.87082100659609 25.370854035019875 0
    endloop
  endfacet
  facet normal 0.7409511297873682 0.6715589499566086 0
    outer loop
      vertex 20.121320344507694 26.621320344507694 0
      vertex 20.319031357765198 26.403179854154587 3
      vertex 20.319031357765198 26.403179854154587 0
    endloop
  endfacet
  facet normal 0.59569930710104 0.8032075295459704 0
    outer loop
      vertex 19.666710697114468 26.99440883845091 0
      vertex 19.903179854154587 26.819031357765198 3
      vertex 19.903179854154587 26.819031357765198 0
    endloop
  endfacet
  facet normal 0.6715589499566086 0.7409511297873682 0
    outer loop
      vertex 20.121320344507694 26.621320344507694 0
      vertex 19.903179854154587 26.819031357765198 0
      vertex 20.121320344507694 26.621320344507694 3
    endloop
  endfacet
  facet normal 0.8577286120536309 0.5141027407673995 0
    outer loop
      vertex 20.49440883845091 26.166710697114468 0
      vertex 20.64576379209757 25.914190210402012 3
      vertex 20.64576379209757 25.914190210402012 0
    endloop
  endfacet
  facet normal 0.8032075295459704 0.59569930710104 0
    outer loop
      vertex 20.319031357765198 26.403179854154587 0
      vertex 20.49440883845091 26.166710697114468 3
      vertex 20.49440883845091 26.166710697114468 0
    endloop
  endfacet
  facet normal 0.0490676704157047 0.9987954563973426 0
    outer loop
      vertex 18 27.5 0
      vertex 18 27.5 3
      vertex 18.29405142366886 27.485554181039333 3
    endloop
  endfacet
  facet normal 0.14673047975168188 0.9891765091791461 0
    outer loop
      vertex 18.29405142366886 27.485554181039333 0
      vertex 18.29405142366886 27.485554181039333 3
      vertex 18.58527096360922 27.44235584139824 3
    endloop
  endfacet
  facet normal 0.2429801778654069 0.9700312537050008 0
    outer loop
      vertex 18.58527096360922 27.44235584139824 0
      vertex 18.58527096360922 27.44235584139824 3
      vertex 18.870854035019875 27.37082100659609 3
    endloop
  endfacet
  facet normal 0.3368898600571534 0.9415440627982695 0
    outer loop
      vertex 18.870854035019875 27.37082100659609 0
      vertex 18.870854035019875 27.37082100659609 3
      vertex 19.14805030077696 27.271638594567776 3
    endloop
  endfacet
  facet normal 0.42755509276037695 0.9039892934402849 0
    outer loop
      vertex 19.14805030077696 27.271638594567776 0
      vertex 19.14805030077696 27.271638594567776 3
      vertex 19.414190210402012 27.14576379209757 3
    endloop
  endfacet
  facet normal 0.5141027407673995 0.8577286120536309 0
    outer loop
      vertex 19.414190210402012 27.14576379209757 0
      vertex 19.414190210402012 27.14576379209757 3
      vertex 19.666710697114468 26.99440883845091 3
    endloop
  endfacet
  facet normal 0.9987954563973426 0.0490676704157047 0
    outer loop
      vertex 20.985554181039333 24.79405142366886 0
      vertex 20.985554181039333 24.79405142366886 3
      vertex 21 24.5 3
    endloop
  endfacet
  facet normal 0.9891765091791461 0.14673047975168188 0
    outer loop
      vertex 20.94235584139824 25.08527096360922 0
      vertex 20.94235584139824 25.08527096360922 3
      vertex 20.985554181039333 24.79405142366886 3
    endloop
  endfacet
  facet normal 0.9700312537050008 0.2429801778654069 0
    outer loop
      vertex 20.87082100659609 25.370854035019875 0
      vertex 20.87082100659609 25.370854035019875 3
      vertex 20.94235584139824 25.08527096360922 3
    endloop
  endfacet
  facet normal 0.9415440627982695 0.3368898600571534 0
    outer loop
      vertex 20.771638594567776 25.64805030077696 0
      vertex 20.771638594567776 25.64805030077696 3
      vertex 20.87082100659609 25.370854035019875 3
    endloop
  endfacet
  facet normal 0.7409511297873682 0.6715589499566086 0
    outer loop
      vertex 20.121320344507694 26.621320344507694 0
      vertex 20.121320344507694 26.621320344507694 3
      vertex 20.319031357765198 26.403179854154587 3
    endloop
  endfacet
  facet normal 0.59569930710104 0.8032075295459704 0
    outer loop
      vertex 19.666710697114468 26.99440883845091 0
      vertex 19.666710697114468 26.99440883845091 3
      vertex 19.903179854154587 26.819031357765198 3
    endloop
  endfacet
  facet normal 0.6715589499566086 0.7409511297873682 0
    outer loop
      vertex 19.903179854154587 26.819031357765198 0
      vertex 19.903179854154587 26.819031357765198 3
      vertex 20.121320344507694 26.621320344507694 3
    endloop
  endfacet
  facet normal 0.8577286120536309 0.5141027407673995 0
    outer loop
      vertex 20.49440883845091 26.166710697114468 0
      vertex 20.49440883845091 26.166710697114468 3
      vertex 20.64576379209757 25.914190210402012 3
    endloop
  endfacet
  facet normal 0.8032075295459704 0.59569930710104 0
    outer loop
      vertex 20.319031357765198 26.403179854154587 0
      vertex 20.319031357765198 26.403179854154587 3
      vertex 20.49440883845091 26.166710697114468 3
    endloop
  endfacet
  facet normal 0.9039892934402849 0.42755509276037695 0
    outer loop
      vertex 20.64576379209757 25.914190210402012 0
      vertex 20.64576379209757 25.914190210402012 3
      vertex 20.771638594567776 25.64805030077696 3
    endloop
  endfacet
  facet normal 0 0 1
    outer loop
      vertex 13.085983210409115 10.932526133406842 3
      vertex 14.52179274798194 15.387706508215857 3
      vertex 14.468895462828465 15.53554451639286 3
    endloop
  endfacet
  facet normal 0 0 1
    outer loop
      vertex 13.085983210409115 10.932526133406842 3
      vertex 14.468895462828465 15.53554451639286 3
      vertex 14.430743551354832 15.687855484774195 3
    endloop
  endfacet
  facet normal 0 0 1
    outer loop
      vertex 12.888925582549005 11.078674030756364 3
      vertex 14.430743551354832 15.687855484774195 3
      vertex 14.407704437324485 15.843172575472703 3
    endloop
  endfacet
  facet normal 0 0 1
    outer loop
      vertex 12.888925582549005 11.078674030756364 3
      vertex 14.407704437324485 15.843172575472703 3
      vertex 14.4 16 3
    endloop
  endfacet
  facet normal 0 0 1
    outer loop
      vertex 12.678491842064995 11.204803160870888 3
      vertex 14.4 16 3
      vertex 14.407704437324485 16.156827424527297 3
    endloop
  endfacet
  facet normal 0 0 1
    outer loop
      vertex 12.678491842064995 11.204803160870888 3
      vertex 14.407704437324485 16.156827424527297 3
      vertex 14.430743551354832 16.312144515225807 3
    endloop
  endfacet
  facet normal 0 0 1
    outer loop
      vertex 13.267766952966369 10.767766952966369 3
      vertex 14.588925977042631 15.245765221078404 3
      vertex 14.52179274798194 15.387706508215857 3
    endloop
  endfacet
  facet normal 0 0 1
    outer loop
      vertex 12.678491842064995 11.204803160870888 3
      vertex 14.430743551354832 16.312144515225807 3
      vertex 14.468895462828465 16.46445548360714 3
    endloop
  endfacet
  facet normal 0 0 1
    outer loop
      vertex 11.98772580504032 11.451963201008077 3
      vertex 12.225711693136155 11.392350839330522 3
      vertex 18 27.5 3
    endloop
  endfacet
  facet normal 0 0 1
    outer loop
      vertex 12.225711693136155 11.392350839330522 3
      vertex 12.456708580912725 11.309698831278217 3
      vertex 18 27.5 3
    endloop
  endfacet
  facet normal 0 0 1
    outer loop
      vertex 12.456708580912725 11.309698831278217 3
      vertex 12.678491842064995 11.204803160870888 3
      vertex 18 27.5 3
    endloop
  endfacet
  facet normal 0 0 1
    outer loop
      vertex 12.678491842064995 11.204803160870888 3
      vertex 14.468895462828465 16.46445548360714 3
      vertex 18 27.5 3
    endloop
  endfacet
  facet normal 0 0 1
    outer loop
      vertex 18 27.5 3
      vertex 14.468895462828465 16.46445548360714 3
      vertex 14.52179274798194 16.612293491784143 3
    endloop
  endfacet
  facet normal 0 0 1
    outer loop
      vertex 18 27.5 3
      vertex 14.52179274798194 16.612293491784143 3
      vertex 14.588925977042631 16.754234778921596 3
    endloop
  endfacet
  facet normal 0 0 1
    outer loop
      vertex 18 27.5 3
      vertex 14.588925977042631 16.754234778921596 3
      vertex 14.669648620315927 16.888912372831363 3
    endloop
  endfacet
  facet normal 0 0 1
    outer loop
      vertex 18 27.5 3
      vertex 14.669648620315927 16.888912372831363 3
      vertex 14.763183274619621 17.015029254661833 3
    endloop
  endfacet
  facet normal 0 0 1
    outer loop
      vertex 18 27.5 3
      vertex 14.763183274619621 17.015029254661833 3
      vertex 14.868629150101524 17.131370849898477 3
    endloop
  endfacet
  facet normal 0 0 1
    outer loop
      vertex 18 27.5 3
      vertex 14.868629150101524 17.131370849898477 3
      vertex 14.984970745338167 17.23681672538038 3
    endloop
  endfacet
  facet normal 0 0 1
    outer loop
      vertex 18 27.5 3
      vertex 17.015029254661833 17.23681672538038 3
      vertex 17.131370849898477 17.131370849898477 3
    endloop
  endfacet
  facet normal 0 0 1
    outer loop
      vertex 18 27.5 3
      vertex 17.47820725201806 16.612293491784143 3
      vertex 17.531104537171533 16.46445548360714 3
    endloop
  endfacet
  facet normal 0 0 1
    outer loop
      vertex 18 27.5 3
      vertex 17.531104537171533 16.46445548360714 3
      vertex 17.56925644864517 16.312144515225807 3
    endloop
  endfacet
  facet normal 0 0 1
    outer loop
      vertex 18 27.5 3
      vertex 17.131370849898477 17.131370849898477 3
      vertex 17.23681672538038 17.015029254661833 3
    endloop
  endfacet
  facet normal 0 0 1
    outer loop
      vertex 18 27.5 3
      vertex 17.23681672538038 17.015029254661833 3
      vertex 17.33035137968407 16.888912372831363 3
    endloop
  endfacet
  facet normal 0 0 1
    outer loop
      vertex 18 27.5 3
      vertex 17.41107402295737 16.754234778921596 3
      vertex 17.47820725201806 16.612293491784143 3
    endloop
  endfacet
  facet normal 0 0 1
    outer loop
      vertex 18 27.5 3
      vertex 17.33035137968407 16.888912372831363 3
      vertex 17.41107402295737 16.754234778921596 3
    endloop
  endfacet
  facet normal 0 0 1
    outer loop
      vertex 18 27.5 3
      vertex 17.592295562675517 16.156827424527297 3
      vertex 17.6 16 3
    endloop
  endfacet
  facet normal 0 0 1
    outer loop
      vertex 18 27.5 3
      vertex 17.56925644864517 16.312144515225807 3
      vertex 17.592295562675517 16.156827424527297 3
    endloop
  endfacet
  facet normal 0 0 1
    outer loop
      vertex 18 27.5 3
      vertex 14.984970745338167 17.23681672538038 3
      vertex 15.111087627168637 17.33035137968407 3
    endloop
  endfacet
  facet normal 0 0 1
    outer loop
      vertex 18 27.5 3
      vertex 15.111087627168637 17.33035137968407 3
      vertex 15.245765221078404 17.41107402295737 3
    endloop
  endfacet
  facet normal 0 0 1
    outer loop
      vertex 18 27.5 3
      vertex 15.245765221078404 17.41107402295737 3
      vertex 15.387706508215857 17.47820725201806 3
    endloop
  endfacet
  facet normal 0 0 1
    outer loop
      vertex 18 27.5 3
      vertex 15.387706508215857 17.47820725201806 3
      vertex 15.53554451639286 17.531104537171533 3
    endloop
  endfacet
  facet normal 0 0 1
    outer loop
      vertex 18 27.5 3
      vertex 15.53554451639286 17.531104537171533 3
      vertex 15.687855484774195 17.56925644864517 3
    endloop
  endfacet
  facet normal 0 0 1
    outer loop
      vertex 18 27.5 3
      vertex 15.687855484774195 17.56925644864517 3
      vertex 15.843172575472703 17.592295562675517 3
    endloop
  endfacet
  facet normal 0 0 1
    outer loop
      vertex 18 27.5 3
      vertex 15.843172575472703 17.592295562675517 3
      vertex 16 17.6 3
    endloop
  endfacet
  facet normal 0 0 1
    outer loop
      vertex 18 27.5 3
      vertex 16 17.6 3
      vertex 16.156827424527297 17.592295562675517 3
    endloop
  endfacet
  facet normal 0 0 1
    outer loop
      vertex 18 27.5 3
      vertex 16.156827424527297 17.592295562675517 3
      vertex 16.312144515225807 17.56925644864517 3
    endloop
  endfacet
  facet normal 0 0 1
    outer loop
      vertex 18 27.5 3
      vertex 16.46445548360714 17.531104537171533 3
      vertex 16.612293491784143 17.47820725201806 3
    endloop
  endfacet
  facet normal 0 0 1
    outer loop
      vertex 18 27.5 3
      vertex 16.312144515225807 17.56925644864517 3
      vertex 16.46445548360714 17.531104537171533 3
    endloop
  endfacet
  facet normal 0 0 1
    outer loop
      vertex 18 27.5 3
      vertex 16.612293491784143 17.47820725201806 3
      vertex 16.754234778921596 17.41107402295737 3
    endloop
  endfacet
  facet normal 0 0 1
    outer loop
      vertex 18 27.5 3
      vertex 16.754234778921596 17.41107402295737 3
      vertex 16.888912372831363 17.33035137968407 3
    endloop
  endfacet
  facet normal 0 0 1
    outer loop
      vertex 18 27.5 3
      vertex 16.888912372831363 17.33035137968407 3
      vertex 17.015029254661833 17.23681672538038 3
    endloop
  endfacet
  facet normal 0.5956993044924275 0.8032075314806493 0
    outer loop
      vertex -17.015029254661833 -17.23681672538038 3
      vertex -16.888912372831363 -17.33035137968407 0
      vertex -17.015029254661833 -17.23681672538038 0
    endloop
  endfacet
  facet normal 0.5141027441932297 0.8577286100002673 0
    outer loop
      vertex -16.888912372831363 -17.33035137968407 3
      vertex -16.754234778921596 -17.41107402295737 0
      vertex -16.888912372831363 -17.33035137968407 0
    endloop
  endfacet
  facet normal 0.427555093430281 0.9039892931234439 0
    outer loop
      vertex -16.754234778921596 -17.41107402295737 3
      vertex -16.612293491784143 -17.47820725201806 0
      vertex -16.754234778921596 -17.41107402295737 0
    endloop
  endfacet
  facet normal 0.33688985339221134 0.9415440651830239 0
    outer loop
      vertex -16.612293491784143 -17.47820725201806 3
      vertex -16.46445548360714 -17.531104537171533 0
      vertex -16.612293491784143 -17.47820725201806 0
    endloop
  endfacet
  facet normal 0.24298017990328225 0.9700312531945394 0
    outer loop
      vertex -16.46445548360714 -17.531104537171533 3
      vertex -16.312144515225807 -17.56925644864517 0
      vertex -16.46445548360714 -17.531104537171533 0
    endloop
  endfacet
  facet normal 0.1467304744553628 0.9891765099647809 0
    outer loop
      vertex -16.312144515225807 -17.56925644864517 3
      vertex -16.156827424527297 -17.592295562675517 0
      vertex -16.312144515225807 -17.56925644864517 0
    endloop
  endfacet
  facet normal 0.049067674327415406 0.9987954562051725 0
    outer loop
      vertex -16.156827424527297 -17.592295562675517 3
      vertex -16 -17.6 0
      vertex -16.156827424527297 -17.592295562675517 0
    endloop
  endfacet
  facet normal -0.049067674327415406 0.9987954562051725 0
    outer loop
      vertex -16 -17.6 3
      vertex -15.843172575472703 -17.592295562675517 0
      vertex -16 -17.6 0
    endloop
  endfacet
  facet normal -0.14673047445536444 0.9891765099647807 0
    outer loop
      vertex -15.843172575472703 -17.592295562675517 3
      vertex -15.687855484774195 -17.56925644864517 0
      vertex -15.843172575472703 -17.592295562675517 0
    endloop
  endfacet
  facet normal 0.9700312531945394 0.24298017990328225 0
    outer loop
      vertex -17.56925644864517 -16.312144515225807 3
      vertex -17.531104537171533 -16.46445548360714 0
      vertex -17.56925644864517 -16.312144515225807 0
    endloop
  endfacet
  facet normal 0.9039892931234439 0.427555093430281 0
    outer loop
      vertex -17.47820725201806 -16.612293491784143 3
      vertex -17.41107402295737 -16.754234778921596 0
      vertex -17.47820725201806 -16.612293491784143 0
    endloop
  endfacet
  facet normal 0.9415440651830239 0.33688985339221134 0
    outer loop
      vertex -17.531104537171533 -16.46445548360714 3
      vertex -17.47820725201806 -16.612293491784143 0
      vertex -17.531104537171533 -16.46445548360714 0
    endloop
  endfacet
  facet normal 0.8577286100002673 0.5141027441932297 0
    outer loop
      vertex -17.41107402295737 -16.754234778921596 3
      vertex -17.33035137968407 -16.888912372831363 0
      vertex -17.41107402295737 -16.754234778921596 0
    endloop
  endfacet
  facet normal 0.8032075314806493 0.5956993044924275 0
    outer loop
      vertex -17.33035137968407 -16.888912372831363 3
      vertex -17.23681672538038 -17.015029254661833 0
      vertex -17.33035137968407 -16.888912372831363 0
    endloop
  endfacet
  facet normal 0.7409511253549665 0.6715589548470102 0
    outer loop
      vertex -17.23681672538038 -17.015029254661833 3
      vertex -17.131370849898477 -17.131370849898477 0
      vertex -17.23681672538038 -17.015029254661833 0
    endloop
  endfacet
  facet normal 0.6715589548470102 0.7409511253549665 5.941044824507186e-19
    outer loop
      vertex -17.015029254661833 -17.23681672538038 0
      vertex -17.131370849898477 -17.131370849898477 0
      vertex -17.131370849898477 -17.131370849898477 3
    endloop
  endfacet
  facet normal 0.9891765099647809 0.1467304744553628 0
    outer loop
      vertex -17.592295562675517 -16.156827424527297 3
      vertex -17.56925644864517 -16.312144515225807 0
      vertex -17.592295562675517 -16.156827424527297 0
    endloop
  endfacet
  facet normal 0.9987954562051725 0.049067674327415406 0
    outer loop
      vertex -17.6 -16 3
      vertex -17.592295562675517 -16.156827424527297 0
      vertex -17.6 -16 0
    endloop
  endfacet
  facet normal 0.9987954562051725 -0.049067674327415406 0
    outer loop
      vertex -17.592295562675517 -15.843172575472703 3
      vertex -17.6 -16 0
      vertex -17.592295562675517 -15.843172575472703 0
    endloop
  endfacet
  facet normal 0.9891765099647807 -0.14673047445536444 0
    outer loop
      vertex -17.56925644864517 -15.687855484774195 3
      vertex -17.592295562675517 -15.843172575472703 0
      vertex -17.56925644864517 -15.687855484774195 0
    endloop
  endfacet
  facet normal 0.9700312531945401 -0.24298017990327958 0
    outer loop
      vertex -17.531104537171533 -15.53554451639286 3
      vertex -17.56925644864517 -15.687855484774195 0
      vertex -17.531104537171533 -15.53554451639286 0
    endloop
  endfacet
  facet normal 0.9415440651830239 -0.33688985339221134 0
    outer loop
      vertex -17.47820725201806 -15.387706508215857 3
      vertex -17.531104537171533 -15.53554451639286 0
      vertex -17.47820725201806 -15.387706508215857 0
    endloop
  endfacet
  facet normal 0.9039892931234439 -0.427555093430281 0
    outer loop
      vertex -17.41107402295737 -15.245765221078404 3
      vertex -17.47820725201806 -15.387706508215857 0
      vertex -17.41107402295737 -15.245765221078404 0
    endloop
  endfacet
  facet normal 0.8577286100002673 -0.5141027441932297 0
    outer loop
      vertex -17.33035137968407 -15.111087627168637 3
      vertex -17.41107402295737 -15.245765221078404 0
      vertex -17.33035137968407 -15.111087627168637 0
    endloop
  endfacet
  facet normal 0.8032075314806493 -0.5956993044924275 0
    outer loop
      vertex -17.23681672538038 -14.984970745338167 3
      vertex -17.33035137968407 -15.111087627168637 0
      vertex -17.23681672538038 -14.984970745338167 0
    endloop
  endfacet
  facet normal 0.7409511253549614 -0.6715589548470159 0
    outer loop
      vertex -17.131370849898477 -14.868629150101524 3
      vertex -17.23681672538038 -14.984970745338167 0
      vertex -17.131370849898477 -14.868629150101524 0
    endloop
  endfacet
  facet normal 0.6715589548470164 -0.7409511253549609 0
    outer loop
      vertex -17.015029254661833 -14.763183274619621 3
      vertex -17.131370849898477 -14.868629150101524 0
      vertex -17.015029254661833 -14.763183274619621 0
    endloop
  endfacet
  facet normal 0.5956993044924348 -0.8032075314806438 0
    outer loop
      vertex -16.888912372831363 -14.669648620315927 3
      vertex -17.015029254661833 -14.763183274619621 0
      vertex -16.888912372831363 -14.669648620315927 0
    endloop
  endfacet
  facet normal 0.5141027441932213 -0.8577286100002722 0
    outer loop
      vertex -16.754234778921596 -14.588925977042631 3
      vertex -16.888912372831363 -14.669648620315927 0
      vertex -16.754234778921596 -14.588925977042631 0
    endloop
  endfacet
  facet normal 0.427555093430281 -0.9039892931234439 0
    outer loop
      vertex -16.612293491784143 -14.52179274798194 3
      vertex -16.754234778921596 -14.588925977042631 0
      vertex -16.612293491784143 -14.52179274798194 0
    endloop
  endfacet
  facet normal 0.33688985339222133 -0.9415440651830204 0
    outer loop
      vertex -16.46445548360714 -14.468895462828465 3
      vertex -16.612293491784143 -14.52179274798194 0
      vertex -16.46445548360714 -14.468895462828465 0
    endloop
  endfacet
  facet normal 0.24298017990326093 -0.9700312531945446 0
    outer loop
      vertex -16.312144515225807 -14.430743551354832 3
      vertex -16.46445548360714 -14.468895462828465 0
      vertex -16.312144515225807 -14.430743551354832 0
    endloop
  endfacet
  facet normal 0.1467304744553628 -0.9891765099647809 0
    outer loop
      vertex -16.156827424527297 -14.407704437324485 3
      vertex -16.312144515225807 -14.430743551354832 0
      vertex -16.156827424527297 -14.407704437324485 0
    endloop
  endfacet
  facet normal 0.049067674327415406 -0.9987954562051725 0
    outer loop
      vertex -16 -14.4 3
      vertex -16.156827424527297 -14.407704437324485 0
      vertex -16 -14.4 0
    endloop
  endfacet
  facet normal -0.049067674327415406 -0.9987954562051725 0
    outer loop
      vertex -15.843172575472703 -14.407704437324485 3
      vertex -16 -14.4 0
      vertex -15.843172575472703 -14.407704437324485 0
    endloop
  endfacet
  facet normal 0.6715589548470102 0.7409511253549665 0
    outer loop
      vertex -17.015029254661833 -17.23681672538038 3
      vertex -17.015029254661833 -17.23681672538038 0
      vertex -17.131370849898477 -17.131370849898477 3
    endloop
  endfacet
  facet normal 0.5956993044924275 0.8032075314806493 0
    outer loop
      vertex -16.888912372831363 -17.33035137968407 3
      vertex -16.888912372831363 -17.33035137968407 0
      vertex -17.015029254661833 -17.23681672538038 3
    endloop
  endfacet
  facet normal 0.5141027441932297 0.8577286100002673 0
    outer loop
      vertex -16.754234778921596 -17.41107402295737 3
      vertex -16.754234778921596 -17.41107402295737 0
      vertex -16.888912372831363 -17.33035137968407 3
    endloop
  endfacet
  facet normal 0.427555093430281 0.9039892931234439 0
    outer loop
      vertex -16.612293491784143 -17.47820725201806 3
      vertex -16.612293491784143 -17.47820725201806 0
      vertex -16.754234778921596 -17.41107402295737 3
    endloop
  endfacet
  facet normal 0.33688985339221134 0.9415440651830239 0
    outer loop
      vertex -16.46445548360714 -17.531104537171533 3
      vertex -16.46445548360714 -17.531104537171533 0
      vertex -16.612293491784143 -17.47820725201806 3
    endloop
  endfacet
  facet normal 0.24298017990328225 0.9700312531945394 0
    outer loop
      vertex -16.312144515225807 -17.56925644864517 3
      vertex -16.312144515225807 -17.56925644864517 0
      vertex -16.46445548360714 -17.531104537171533 3
    endloop
  endfacet
  facet normal 0.1467304744553628 0.9891765099647809 0
    outer loop
      vertex -16.156827424527297 -17.592295562675517 3
      vertex -16.156827424527297 -17.592295562675517 0
      vertex -16.312144515225807 -17.56925644864517 3
    endloop
  endfacet
  facet normal 0.049067674327415406 0.9987954562051725 0
    outer loop
      vertex -16 -17.6 3
      vertex -16 -17.6 0
      vertex -16.156827424527297 -17.592295562675517 3
    endloop
  endfacet
  facet normal -0.049067674327415406 0.9987954562051725 0
    outer loop
      vertex -15.843172575472703 -17.592295562675517 3
      vertex -15.843172575472703 -17.592295562675517 0
      vertex -16 -17.6 3
    endloop
  endfacet
  facet normal 0.9415440651830239 0.33688985339221134 -1.1581405086319224e-18
    outer loop
      vertex -17.531104537171533 -16.46445548360714 3
      vertex -17.47820725201806 -16.612293491784143 3
      vertex -17.47820725201806 -16.612293491784143 0
    endloop
  endfacet
  facet normal 0.9039892931234439 0.427555093430281 9.566290465545382e-19
    outer loop
      vertex -17.47820725201806 -16.612293491784143 3
      vertex -17.41107402295737 -16.754234778921596 3
      vertex -17.41107402295737 -16.754234778921596 0
    endloop
  endfacet
  facet normal 0.9700312531945394 0.24298017990328225 -1.3053184557354412e-19
    outer loop
      vertex -17.56925644864517 -16.312144515225807 3
      vertex -17.531104537171533 -16.46445548360714 3
      vertex -17.531104537171533 -16.46445548360714 0
    endloop
  endfacet
  facet normal 0.8032075314806493 0.5956993044924275 -2.3431069011677003e-19
    outer loop
      vertex -17.33035137968407 -16.888912372831363 3
      vertex -17.23681672538038 -17.015029254661833 3
      vertex -17.23681672538038 -17.015029254661833 0
    endloop
  endfacet
  facet normal 0.8577286100002673 0.5141027441932297 -1.7152323579449508e-18
    outer loop
      vertex -17.41107402295737 -16.754234778921596 3
      vertex -17.33035137968407 -16.888912372831363 3
      vertex -17.33035137968407 -16.888912372831363 0
    endloop
  endfacet
  facet normal 0.7409511253549665 0.6715589548470102 5.941044824507186e-19
    outer loop
      vertex -17.23681672538038 -17.015029254661833 3
      vertex -17.131370849898477 -17.131370849898477 3
      vertex -17.131370849898477 -17.131370849898477 0
    endloop
  endfacet
  facet normal 0.9891765099647809 0.1467304744553628 7.869789083430044e-20
    outer loop
      vertex -17.592295562675517 -16.156827424527297 3
      vertex -17.56925644864517 -16.312144515225807 3
      vertex -17.56925644864517 -16.312144515225807 0
    endloop
  endfacet
  facet normal 0.9987954562051725 0.049067674327415406 -6.804830216254949e-20
    outer loop
      vertex -17.6 -16 3
      vertex -17.592295562675517 -16.156827424527297 3
      vertex -17.592295562675517 -16.156827424527297 0
    endloop
  endfacet
  facet normal 0.9987954562051725 -0.049067674327415406 6.804830216254949e-20
    outer loop
      vertex -17.592295562675517 -15.843172575472703 3
      vertex -17.6 -16 3
      vertex -17.6 -16 0
    endloop
  endfacet
  facet normal 0.9891765099647807 -0.14673047445536444 -4.176984358778953e-19
    outer loop
      vertex -17.56925644864517 -15.687855484774195 3
      vertex -17.592295562675517 -15.843172575472703 3
      vertex -17.592295562675517 -15.843172575472703 0
    endloop
  endfacet
  facet normal 0.9700312531945401 -0.24298017990327958 3.7932369466044476e-19
    outer loop
      vertex -17.531104537171533 -15.53554451639286 3
      vertex -17.56925644864517 -15.687855484774195 3
      vertex -17.56925644864517 -15.687855484774195 0
    endloop
  endfacet
  facet normal 0.9415440651830239 -0.33688985339221134 1.1581405086319224e-18
    outer loop
      vertex -17.47820725201806 -15.387706508215857 3
      vertex -17.531104537171533 -15.53554451639286 3
      vertex -17.531104537171533 -15.53554451639286 0
    endloop
  endfacet
  facet normal 0.9039892931234439 -0.427555093430281 -9.566290465545382e-19
    outer loop
      vertex -17.41107402295737 -15.245765221078404 3
      vertex -17.47820725201806 -15.387706508215857 3
      vertex -17.47820725201806 -15.387706508215857 0
    endloop
  endfacet
  facet normal 0.8577286100002673 -0.5141027441932297 1.7152323579449508e-18
    outer loop
      vertex -17.33035137968407 -15.111087627168637 3
      vertex -17.41107402295737 -15.245765221078404 3
      vertex -17.41107402295737 -15.245765221078404 0
    endloop
  endfacet
  facet normal 0.8032075314806493 -0.5956993044924275 2.3431069011677003e-19
    outer loop
      vertex -17.23681672538038 -14.984970745338167 3
      vertex -17.33035137968407 -15.111087627168637 3
      vertex -17.33035137968407 -15.111087627168637 0
    endloop
  endfacet
  facet normal 0.7409511253549614 -0.6715589548470159 -5.078432897269414e-19
    outer loop
      vertex -17.131370849898477 -14.868629150101524 3
      vertex -17.23681672538038 -14.984970745338167 3
      vertex -17.23681672538038 -14.984970745338167 0
    endloop
  endfacet
  facet normal 0.6715589548470164 -0.7409511253549609 0
    outer loop
      vertex -17.131370849898477 -14.868629150101524 3
      vertex -17.131370849898477 -14.868629150101524 0
      vertex -17.015029254661833 -14.763183274619621 3
    endloop
  endfacet
  facet normal 0.5956993044924348 -0.8032075314806438 0
    outer loop
      vertex -17.015029254661833 -14.763183274619621 3
      vertex -17.015029254661833 -14.763183274619621 0
      vertex -16.888912372831363 -14.669648620315927 3
    endloop
  endfacet
  facet normal 0.5141027441932213 -0.8577286100002722 0
    outer loop
      vertex -16.888912372831363 -14.669648620315927 3
      vertex -16.888912372831363 -14.669648620315927 0
      vertex -16.754234778921596 -14.588925977042631 3
    endloop
  endfacet
  facet normal 0.427555093430281 -0.9039892931234439 0
    outer loop
      vertex -16.754234778921596 -14.588925977042631 3
      vertex -16.754234778921596 -14.588925977042631 0
      vertex -16.612293491784143 -14.52179274798194 3
    endloop
  endfacet
  facet normal 0.33688985339222133 -0.9415440651830204 0
    outer loop
      vertex -16.612293491784143 -14.52179274798194 3
      vertex -16.612293491784143 -14.52179274798194 0
      vertex -16.46445548360714 -14.468895462828465 3
    endloop
  endfacet
  facet normal 0.24298017990326093 -0.9700312531945446 0
    outer loop
      vertex -16.46445548360714 -14.468895462828465 3
      vertex -16.46445548360714 -14.468895462828465 0
      vertex -16.312144515225807 -14.430743551354832 3
    endloop
  endfacet
  facet normal 0.1467304744553628 -0.9891765099647809 0
    outer loop
      vertex -16.312144515225807 -14.430743551354832 3
      vertex -16.312144515225807 -14.430743551354832 0
      vertex -16.156827424527297 -14.407704437324485 3
    endloop
  endfacet
  facet normal 0.049067674327415406 -0.9987954562051725 0
    outer loop
      vertex -16.156827424527297 -14.407704437324485 3
      vertex -16.156827424527297 -14.407704437324485 0
      vertex -16 -14.4 3
    endloop
  endfacet
  facet normal -0.049067674327415406 -0.9987954562051725 0
    outer loop
      vertex -16 -14.4 3
      vertex -16 -14.4 0
      vertex -15.843172575472703 -14.407704437324485 3
    endloop
  endfacet
  facet normal -0.14673047445536444 -0.9891765099647807 0
    outer loop
      vertex -15.843172575472703 -14.407704437324485 3
      vertex -15.843172575472703 -14.407704437324485 0
      vertex -15.687855484774195 -14.430743551354832 3
    endloop
  endfacet
  facet normal -0.24298017990327958 0.9700312531945401 0
    outer loop
      vertex -15.687855484774195 -17.56925644864517 3
      vertex -15.53554451639286 -17.531104537171533 0
      vertex -15.687855484774195 -17.56925644864517 0
    endloop
  endfacet
  facet normal -0.33688985339221134 0.9415440651830239 0
    outer loop
      vertex -15.53554451639286 -17.531104537171533 3
      vertex -15.387706508215857 -17.47820725201806 0
      vertex -15.53554451639286 -17.531104537171533 0
    endloop
  endfacet
  facet normal -0.427555093430281 0.9039892931234439 0
    outer loop
      vertex -15.387706508215857 -17.47820725201806 3
      vertex -15.245765221078404 -17.41107402295737 0
      vertex -15.387706508215857 -17.47820725201806 0
    endloop
  endfacet
  facet normal -0.5141027441932297 0.8577286100002673 0
    outer loop
      vertex -15.245765221078404 -17.41107402295737 3
      vertex -15.111087627168637 -17.33035137968407 0
      vertex -15.245765221078404 -17.41107402295737 0
    endloop
  endfacet
  facet normal -0.5956993044924275 0.8032075314806493 0
    outer loop
      vertex -15.111087627168637 -17.33035137968407 3
      vertex -14.984970745338167 -17.23681672538038 0
      vertex -15.111087627168637 -17.33035137968407 0
    endloop
  endfacet
  facet normal -0.6715589548470159 0.7409511253549614 0
    outer loop
      vertex -14.984970745338167 -17.23681672538038 3
      vertex -14.868629150101524 -17.131370849898477 0
      vertex -14.984970745338167 -17.23681672538038 0
    endloop
  endfacet
  facet normal -0.7409511253549609 0.6715589548470164 0
    outer loop
      vertex -14.868629150101524 -17.131370849898477 0
      vertex -14.868629150101524 -17.131370849898477 3
      vertex -14.763183274619621 -17.015029254661833 0
    endloop
  endfacet
  facet normal -0.8032075314806438 0.5956993044924348 0
    outer loop
      vertex -14.763183274619621 -17.015029254661833 3
      vertex -14.669648620315927 -16.888912372831363 0
      vertex -14.763183274619621 -17.015029254661833 0
    endloop
  endfacet
  facet normal -0.8577286100002722 0.5141027441932213 0
    outer loop
      vertex -14.669648620315927 -16.888912372831363 3
      vertex -14.588925977042631 -16.754234778921596 0
      vertex -14.669648620315927 -16.888912372831363 0
    endloop
  endfacet
  facet normal -0.9039892931234439 0.427555093430281 0
    outer loop
      vertex -14.588925977042631 -16.754234778921596 3
      vertex -14.52179274798194 -16.612293491784143 0
      vertex -14.588925977042631 -16.754234778921596 0
    endloop
  endfacet
  facet normal -0.9415440651830204 0.33688985339222133 0
    outer loop
      vertex -14.52179274798194 -16.612293491784143 3
      vertex -14.468895462828465 -16.46445548360714 0
      vertex -14.52179274798194 -16.612293491784143 0
    endloop
  endfacet
  facet normal -0.9700312531945446 0.24298017990326093 0
    outer loop
      vertex -14.468895462828465 -16.46445548360714 3
      vertex -14.430743551354832 -16.312144515225807 0
      vertex -14.468895462828465 -16.46445548360714 0
    endloop
  endfacet
  facet normal -0.9700312531945454 -0.2429801799032583 0
    outer loop
      vertex -14.430743551354832 -15.687855484774195 3
      vertex -14.468895462828465 -15.53554451639286 0
      vertex -14.430743551354832 -15.687855484774195 0
    endloop
  endfacet
  facet normal -0.9415440651830204 -0.33688985339222133 0
    outer loop
      vertex -14.468895462828465 -15.53554451639286 3
      vertex -14.52179274798194 -15.387706508215857 0
      vertex -14.468895462828465 -15.53554451639286 0
    endloop
  endfacet
  facet normal -0.5141027441932213 -0.8577286100002722 0
    outer loop
      vertex -15.111087627168637 -14.669648620315927 3
      vertex -15.245765221078404 -14.588925977042631 0
      vertex -15.111087627168637 -14.669648620315927 0
    endloop
  endfacet
  facet normal -0.14673047445536444 -0.9891765099647807 0
    outer loop
      vertex -15.687855484774195 -14.430743551354832 3
      vertex -15.843172575472703 -14.407704437324485 0
      vertex -15.687855484774195 -14.430743551354832 0
    endloop
  endfacet
  facet normal -0.2429801799032583 -0.9700312531945454 0
    outer loop
      vertex -15.53554451639286 -14.468895462828465 3
      vertex -15.687855484774195 -14.430743551354832 0
      vertex -15.53554451639286 -14.468895462828465 0
    endloop
  endfacet
  facet normal -0.33688985339222133 -0.9415440651830204 0
    outer loop
      vertex -15.387706508215857 -14.52179274798194 3
      vertex -15.53554451639286 -14.468895462828465 0
      vertex -15.387706508215857 -14.52179274798194 0
    endloop
  endfacet
  facet normal -0.427555093430281 -0.9039892931234439 0
    outer loop
      vertex -15.245765221078404 -14.588925977042631 3
      vertex -15.387706508215857 -14.52179274798194 0
      vertex -15.245765221078404 -14.588925977042631 0
    endloop
  endfacet
  facet normal -0.5956993044924348 -0.8032075314806438 0
    outer loop
      vertex -14.984970745338167 -14.763183274619621 3
      vertex -15.111087627168637 -14.669648620315927 0
      vertex -14.984970745338167 -14.763183274619621 0
    endloop
  endfacet
  facet normal -0.6715589548470221 -0.7409511253549558 1.512505396304521e-20
    outer loop
      vertex -14.984970745338167 -14.763183274619621 0
      vertex -14.868629150101524 -14.868629150101524 0
      vertex -14.868629150101524 -14.868629150101524 3
    endloop
  endfacet
  facet normal -0.7409511253549558 -0.6715589548470221 0
    outer loop
      vertex -14.763183274619621 -14.984970745338167 3
      vertex -14.868629150101524 -14.868629150101524 0
      vertex -14.763183274619621 -14.984970745338167 0
    endloop
  endfacet
  facet normal -0.8032075314806438 -0.5956993044924348 0
    outer loop
      vertex -14.669648620315927 -15.111087627168637 3
      vertex -14.763183274619621 -14.984970745338167 0
      vertex -14.669648620315927 -15.111087627168637 0
    endloop
  endfacet
  facet normal -0.8577286100002722 -0.5141027441932213 0
    outer loop
      vertex -14.588925977042631 -15.245765221078404 3
      vertex -14.669648620315927 -15.111087627168637 0
      vertex -14.588925977042631 -15.245765221078404 0
    endloop
  endfacet
  facet normal -0.9039892931234439 -0.427555093430281 0
    outer loop
      vertex -14.52179274798194 -15.387706508215857 3
      vertex -14.588925977042631 -15.245765221078404 0
      vertex -14.52179274798194 -15.387706508215857 0
    endloop
  endfacet
  facet normal -0.9891765099647809 0.1467304744553628 0
    outer loop
      vertex -14.430743551354832 -16.312144515225807 3
      vertex -14.407704437324485 -16.156827424527297 0
      vertex -14.430743551354832 -16.312144515225807 0
    endloop
  endfacet
  facet normal -0.9987954562051725 0.049067674327415406 0
    outer loop
      vertex -14.407704437324485 -16.156827424527297 3
      vertex -14.4 -16 0
      vertex -14.407704437324485 -16.156827424527297 0
    endloop
  endfacet
  facet normal -0.9987954562051725 -0.049067674327415406 0
    outer loop
      vertex -14.4 -16 3
      vertex -14.407704437324485 -15.843172575472703 0
      vertex -14.4 -16 0
    endloop
  endfacet
  facet normal -0.9891765099647807 -0.14673047445536444 0
    outer loop
      vertex -14.407704437324485 -15.843172575472703 3
      vertex -14.430743551354832 -15.687855484774195 0
      vertex -14.407704437324485 -15.843172575472703 0
    endloop
  endfacet
  facet normal -0.14673047445536444 0.9891765099647807 0
    outer loop
      vertex -15.687855484774195 -17.56925644864517 3
      vertex -15.687855484774195 -17.56925644864517 0
      vertex -15.843172575472703 -17.592295562675517 3
    endloop
  endfacet
  facet normal -0.24298017990327958 0.9700312531945401 0
    outer loop
      vertex -15.53554451639286 -17.531104537171533 3
      vertex -15.53554451639286 -17.531104537171533 0
      vertex -15.687855484774195 -17.56925644864517 3
    endloop
  endfacet
  facet normal -0.33688985339221134 0.9415440651830239 0
    outer loop
      vertex -15.387706508215857 -17.47820725201806 3
      vertex -15.387706508215857 -17.47820725201806 0
      vertex -15.53554451639286 -17.531104537171533 3
    endloop
  endfacet
  facet normal -0.427555093430281 0.9039892931234439 0
    outer loop
      vertex -15.245765221078404 -17.41107402295737 3
      vertex -15.245765221078404 -17.41107402295737 0
      vertex -15.387706508215857 -17.47820725201806 3
    endloop
  endfacet
  facet normal -0.5141027441932297 0.8577286100002673 0
    outer loop
      vertex -15.111087627168637 -17.33035137968407 3
      vertex -15.111087627168637 -17.33035137968407 0
      vertex -15.245765221078404 -17.41107402295737 3
    endloop
  endfacet
  facet normal -0.5956993044924275 0.8032075314806493 0
    outer loop
      vertex -14.984970745338167 -17.23681672538038 3
      vertex -14.984970745338167 -17.23681672538038 0
      vertex -15.111087627168637 -17.33035137968407 3
    endloop
  endfacet
  facet normal -0.6715589548470159 0.7409511253549614 0
    outer loop
      vertex -14.868629150101524 -17.131370849898477 3
      vertex -14.868629150101524 -17.131370849898477 0
      vertex -14.984970745338167 -17.23681672538038 3
    endloop
  endfacet
  facet normal -0.7409511253549609 0.6715589548470164 -1.0138624668012718e-19
    outer loop
      vertex -14.868629150101524 -17.131370849898477 3
      vertex -14.763183274619621 -17.015029254661833 3
      vertex -14.763183274619621 -17.015029254661833 0
    endloop
  endfacet
  facet normal -0.8032075314806438 0.5956993044924348 7.634633811799585e-19
    outer loop
      vertex -14.763183274619621 -17.015029254661833 3
      vertex -14.669648620315927 -16.888912372831363 3
      vertex -14.669648620315927 -16.888912372831363 0
    endloop
  endfacet
  facet normal -0.8577286100002722 0.5141027441932213 -1.635473385868045e-18
    outer loop
      vertex -14.669648620315927 -16.888912372831363 3
      vertex -14.588925977042631 -16.754234778921596 3
      vertex -14.588925977042631 -16.754234778921596 0
    endloop
  endfacet
  facet normal -0.9039892931234439 0.427555093430281 -9.566290465545382e-19
    outer loop
      vertex -14.588925977042631 -16.754234778921596 3
      vertex -14.52179274798194 -16.612293491784143 3
      vertex -14.52179274798194 -16.612293491784143 0
    endloop
  endfacet
  facet normal -0.9415440651830204 0.33688985339222133 -1.102579453093305e-18
    outer loop
      vertex -14.52179274798194 -16.612293491784143 3
      vertex -14.468895462828465 -16.46445548360714 3
      vertex -14.468895462828465 -16.46445548360714 0
    endloop
  endfacet
  facet normal -0.9700312531945446 0.24298017990326093 3.7777478319744283e-19
    outer loop
      vertex -14.468895462828465 -16.46445548360714 3
      vertex -14.430743551354832 -16.312144515225807 3
      vertex -14.430743551354832 -16.312144515225807 0
    endloop
  endfacet
  facet normal -0.9700312531945454 -0.2429801799032583 -6.265666322709446e-19
    outer loop
      vertex -14.430743551354832 -15.687855484774195 3
      vertex -14.468895462828465 -15.53554451639286 3
      vertex -14.468895462828465 -15.53554451639286 0
    endloop
  endfacet
  facet normal -0.5141027441932213 -0.8577286100002722 0
    outer loop
      vertex -15.245765221078404 -14.588925977042631 3
      vertex -15.245765221078404 -14.588925977042631 0
      vertex -15.111087627168637 -14.669648620315927 3
    endloop
  endfacet
  facet normal -0.2429801799032583 -0.9700312531945454 0
    outer loop
      vertex -15.687855484774195 -14.430743551354832 3
      vertex -15.687855484774195 -14.430743551354832 0
      vertex -15.53554451639286 -14.468895462828465 3
    endloop
  endfacet
  facet normal -0.33688985339222133 -0.9415440651830204 0
    outer loop
      vertex -15.53554451639286 -14.468895462828465 3
      vertex -15.53554451639286 -14.468895462828465 0
      vertex -15.387706508215857 -14.52179274798194 3
    endloop
  endfacet
  facet normal -0.427555093430281 -0.9039892931234439 0
    outer loop
      vertex -15.387706508215857 -14.52179274798194 3
      vertex -15.387706508215857 -14.52179274798194 0
      vertex -15.245765221078404 -14.588925977042631 3
    endloop
  endfacet
  facet normal -0.5956993044924348 -0.8032075314806438 0
    outer loop
      vertex -15.111087627168637 -14.669648620315927 3
      vertex -15.111087627168637 -14.669648620315927 0
      vertex -14.984970745338167 -14.763183274619621 3
    endloop
  endfacet
  facet normal -0.6715589548470221 -0.7409511253549558 0
    outer loop
      vertex -14.984970745338167 -14.763183274619621 3
      vertex -14.984970745338167 -14.763183274619621 0
      vertex -14.868629150101524 -14.868629150101524 3
    endloop
  endfacet
  facet normal -0.7409511253549558 -0.6715589548470221 1.512505396304521e-20
    outer loop
      vertex -14.763183274619621 -14.984970745338167 3
      vertex -14.868629150101524 -14.868629150101524 3
      vertex -14.868629150101524 -14.868629150101524 0
    endloop
  endfacet
  facet normal -0.8577286100002722 -0.5141027441932213 1.635473385868045e-18
    outer loop
      vertex -14.588925977042631 -15.245765221078404 3
      vertex -14.669648620315927 -15.111087627168637 3
      vertex -14.669648620315927 -15.111087627168637 0
    endloop
  endfacet
  facet normal -0.9039892931234439 -0.427555093430281 9.566290465545382e-19
    outer loop
      vertex -14.52179274798194 -15.387706508215857 3
      vertex -14.588925977042631 -15.245765221078404 3
      vertex -14.588925977042631 -15.245765221078404 0
    endloop
  endfacet
  facet normal -0.9415440651830204 -0.33688985339222133 1.102579453093305e-18
    outer loop
      vertex -14.468895462828465 -15.53554451639286 3
      vertex -14.52179274798194 -15.387706508215857 3
      vertex -14.52179274798194 -15.387706508215857 0
    endloop
  endfacet
  facet normal -0.8032075314806438 -0.5956993044924348 -7.634633811799585e-19
    outer loop
      vertex -14.669648620315927 -15.111087627168637 3
      vertex -14.763183274619621 -14.984970745338167 3
      vertex -14.763183274619621 -14.984970745338167 0
    endloop
  endfacet
  facet normal -0.9891765099647809 0.1467304744553628 -7.869789083430044e-20
    outer loop
      vertex -14.430743551354832 -16.312144515225807 3
      vertex -14.407704437324485 -16.156827424527297 3
      vertex -14.407704437324485 -16.156827424527297 0
    endloop
  endfacet
  facet normal -0.9987954562051725 0.049067674327415406 6.804830216254949e-20
    outer loop
      vertex -14.407704437324485 -16.156827424527297 3
      vertex -14.4 -16 3
      vertex -14.4 -16 0
    endloop
  endfacet
  facet normal -0.9987954562051725 -0.049067674327415406 -6.804830216254949e-20
    outer loop
      vertex -14.4 -16 3
      vertex -14.407704437324485 -15.843172575472703 3
      vertex -14.407704437324485 -15.843172575472703 0
    endloop
  endfacet
  facet normal -0.9891765099647807 -0.14673047445536444 4.176984358778953e-19
    outer loop
      vertex -14.407704437324485 -15.843172575472703 3
      vertex -14.430743551354832 -15.687855484774195 3
      vertex -14.430743551354832 -15.687855484774195 0
    endloop
  endfacet
  facet normal 0.9039892931234439 0.427555093430281 0
    outer loop
      vertex -17.47820725201806 15.387706508215857 3
      vertex -17.41107402295737 15.245765221078404 0
      vertex -17.47820725201806 15.387706508215857 0
    endloop
  endfacet
  facet normal 0.7409511253549614 0.6715589548470159 0
    outer loop
      vertex -17.23681672538038 14.984970745338167 3
      vertex -17.131370849898477 14.868629150101524 0
      vertex -17.23681672538038 14.984970745338167 0
    endloop
  endfacet
  facet normal 0.6715589548470164 0.7409511253549609 0
    outer loop
      vertex -17.131370849898477 14.868629150101524 3
      vertex -17.015029254661833 14.763183274619621 0
      vertex -17.131370849898477 14.868629150101524 0
    endloop
  endfacet
  facet normal 0.8577286100002673 0.5141027441932297 0
    outer loop
      vertex -17.41107402295737 15.245765221078404 3
      vertex -17.33035137968407 15.111087627168637 0
      vertex -17.41107402295737 15.245765221078404 0
    endloop
  endfacet
  facet normal 0.8032075314806493 0.5956993044924275 0
    outer loop
      vertex -17.33035137968407 15.111087627168637 3
      vertex -17.23681672538038 14.984970745338167 0
      vertex -17.33035137968407 15.111087627168637 0
    endloop
  endfacet
  facet normal 0.9700312531945401 0.24298017990327958 0
    outer loop
      vertex -17.56925644864517 15.687855484774195 3
      vertex -17.531104537171533 15.53554451639286 0
      vertex -17.56925644864517 15.687855484774195 0
    endloop
  endfacet
  facet normal 0.9891765099647807 0.14673047445536444 0
    outer loop
      vertex -17.592295562675517 15.843172575472703 3
      vertex -17.56925644864517 15.687855484774195 0
      vertex -17.592295562675517 15.843172575472703 0
    endloop
  endfacet
  facet normal 0.9415440651830239 0.33688985339221134 0
    outer loop
      vertex -17.531104537171533 15.53554451639286 3
      vertex -17.47820725201806 15.387706508215857 0
      vertex -17.531104537171533 15.53554451639286 0
    endloop
  endfacet
  facet normal 0.9987954562051725 0.049067674327415406 0
    outer loop
      vertex -17.6 16 3
      vertex -17.592295562675517 15.843172575472703 0
      vertex -17.6 16 0
    endloop
  endfacet
  facet normal 0.9987954562051725 -0.049067674327415406 0
    outer loop
      vertex -17.592295562675517 16.156827424527297 3
      vertex -17.6 16 0
      vertex -17.592295562675517 16.156827424527297 0
    endloop
  endfacet
  facet normal 0.9891765099647809 -0.1467304744553628 0
    outer loop
      vertex -17.56925644864517 16.312144515225807 3
      vertex -17.592295562675517 16.156827424527297 0
      vertex -17.56925644864517 16.312144515225807 0
    endloop
  endfacet
  facet normal 0.9700312531945394 -0.24298017990328225 0
    outer loop
      vertex -17.531104537171533 16.46445548360714 3
      vertex -17.56925644864517 16.312144515225807 0
      vertex -17.531104537171533 16.46445548360714 0
    endloop
  endfacet
  facet normal 0.9415440651830239 -0.33688985339221134 0
    outer loop
      vertex -17.47820725201806 16.612293491784143 3
      vertex -17.531104537171533 16.46445548360714 0
      vertex -17.47820725201806 16.612293491784143 0
    endloop
  endfacet
  facet normal 0.9039892931234439 -0.427555093430281 0
    outer loop
      vertex -17.41107402295737 16.754234778921596 3
      vertex -17.47820725201806 16.612293491784143 0
      vertex -17.41107402295737 16.754234778921596 0
    endloop
  endfacet
  facet normal 0.8577286100002673 -0.5141027441932297 0
    outer loop
      vertex -17.33035137968407 16.888912372831363 3
      vertex -17.41107402295737 16.754234778921596 0
      vertex -17.33035137968407 16.888912372831363 0
    endloop
  endfacet
  facet normal 0.8032075314806493 -0.5956993044924275 0
    outer loop
      vertex -17.23681672538038 17.015029254661833 3
      vertex -17.33035137968407 16.888912372831363 0
      vertex -17.23681672538038 17.015029254661833 0
    endloop
  endfacet
  facet normal 0.7409511253549665 -0.6715589548470102 0
    outer loop
      vertex -17.131370849898477 17.131370849898477 3
      vertex -17.23681672538038 17.015029254661833 0
      vertex -17.131370849898477 17.131370849898477 0
    endloop
  endfacet
  facet normal 0.427555093430281 0.9039892931234439 0
    outer loop
      vertex -16.754234778921596 14.588925977042631 3
      vertex -16.612293491784143 14.52179274798194 0
      vertex -16.754234778921596 14.588925977042631 0
    endloop
  endfacet
  facet normal 0.33688985339222133 0.9415440651830204 0
    outer loop
      vertex -16.612293491784143 14.52179274798194 3
      vertex -16.46445548360714 14.468895462828465 0
      vertex -16.612293491784143 14.52179274798194 0
    endloop
  endfacet
  facet normal 0.24298017990326093 0.9700312531945446 0
    outer loop
      vertex -16.46445548360714 14.468895462828465 3
      vertex -16.312144515225807 14.430743551354832 0
      vertex -16.46445548360714 14.468895462828465 0
    endloop
  endfacet
  facet normal 0.5956993044924348 0.8032075314806438 0
    outer loop
      vertex -17.015029254661833 14.763183274619621 3
      vertex -16.888912372831363 14.669648620315927 0
      vertex -17.015029254661833 14.763183274619621 0
    endloop
  endfacet
  facet normal 0.5141027441932213 0.8577286100002722 0
    outer loop
      vertex -16.888912372831363 14.669648620315927 3
      vertex -16.754234778921596 14.588925977042631 0
      vertex -16.888912372831363 14.669648620315927 0
    endloop
  endfacet
  facet normal 0.1467304744553628 0.9891765099647809 0
    outer loop
      vertex -16.312144515225807 14.430743551354832 3
      vertex -16.156827424527297 14.407704437324485 0
      vertex -16.312144515225807 14.430743551354832 0
    endloop
  endfacet
  facet normal 0.049067674327415406 0.9987954562051725 0
    outer loop
      vertex -16.156827424527297 14.407704437324485 3
      vertex -16 14.4 0
      vertex -16.156827424527297 14.407704437324485 0
    endloop
  endfacet
  facet normal -0.049067674327415406 0.9987954562051725 0
    outer loop
      vertex -16 14.4 3
      vertex -15.843172575472703 14.407704437324485 0
      vertex -16 14.4 0
    endloop
  endfacet
  facet normal -0.14673047445536444 0.9891765099647807 0
    outer loop
      vertex -15.843172575472703 14.407704437324485 3
      vertex -15.687855484774195 14.430743551354832 0
      vertex -15.843172575472703 14.407704437324485 0
    endloop
  endfacet
  facet normal 0.6715589548470102 -0.7409511253549665 0
    outer loop
      vertex -17.015029254661833 17.23681672538038 3
      vertex -17.131370849898477 17.131370849898477 0
      vertex -17.015029254661833 17.23681672538038 0
    endloop
  endfacet
  facet normal 0.5956993044924275 -0.8032075314806493 0
    outer loop
      vertex -16.888912372831363 17.33035137968407 3
      vertex -17.015029254661833 17.23681672538038 0
      vertex -16.888912372831363 17.33035137968407 0
    endloop
  endfacet
  facet normal 0.5141027441932297 -0.8577286100002673 0
    outer loop
      vertex -16.754234778921596 17.41107402295737 3
      vertex -16.888912372831363 17.33035137968407 0
      vertex -16.754234778921596 17.41107402295737 0
    endloop
  endfacet
  facet normal 0.427555093430281 -0.9039892931234439 0
    outer loop
      vertex -16.612293491784143 17.47820725201806 3
      vertex -16.754234778921596 17.41107402295737 0
      vertex -16.612293491784143 17.47820725201806 0
    endloop
  endfacet
  facet normal 0.33688985339221134 -0.9415440651830239 0
    outer loop
      vertex -16.46445548360714 17.531104537171533 3
      vertex -16.612293491784143 17.47820725201806 0
      vertex -16.46445548360714 17.531104537171533 0
    endloop
  endfacet
  facet normal 0.24298017990328225 -0.9700312531945394 0
    outer loop
      vertex -16.312144515225807 17.56925644864517 3
      vertex -16.46445548360714 17.531104537171533 0
      vertex -16.312144515225807 17.56925644864517 0
    endloop
  endfacet
  facet normal 0.1467304744553628 -0.9891765099647809 0
    outer loop
      vertex -16.156827424527297 17.592295562675517 3
      vertex -16.312144515225807 17.56925644864517 0
      vertex -16.156827424527297 17.592295562675517 0
    endloop
  endfacet
  facet normal 0.049067674327415406 -0.9987954562051725 0
    outer loop
      vertex -16 17.6 3
      vertex -16.156827424527297 17.592295562675517 0
      vertex -16 17.6 0
    endloop
  endfacet
  facet normal -0.049067674327415406 -0.9987954562051725 0
    outer loop
      vertex -15.843172575472703 17.592295562675517 3
      vertex -16 17.6 0
      vertex -15.843172575472703 17.592295562675517 0
    endloop
  endfacet
  facet normal 0.9415440651830239 0.33688985339221134 -1.1581405086319224e-18
    outer loop
      vertex -17.531104537171533 15.53554451639286 3
      vertex -17.47820725201806 15.387706508215857 3
      vertex -17.47820725201806 15.387706508215857 0
    endloop
  endfacet
  facet normal 0.9039892931234439 0.427555093430281 9.566290465545382e-19
    outer loop
      vertex -17.47820725201806 15.387706508215857 3
      vertex -17.41107402295737 15.245765221078404 3
      vertex -17.41107402295737 15.245765221078404 0
    endloop
  endfacet
  facet normal 0.8032075314806493 0.5956993044924275 -2.3431069011677003e-19
    outer loop
      vertex -17.33035137968407 15.111087627168637 3
      vertex -17.23681672538038 14.984970745338167 3
      vertex -17.23681672538038 14.984970745338167 0
    endloop
  endfacet
  facet normal 0.7409511253549614 0.6715589548470159 5.078432897269414e-19
    outer loop
      vertex -17.23681672538038 14.984970745338167 3
      vertex -17.131370849898477 14.868629150101524 3
      vertex -17.131370849898477 14.868629150101524 0
    endloop
  endfacet
  facet normal 0.8577286100002673 0.5141027441932297 -1.7152323579449508e-18
    outer loop
      vertex -17.41107402295737 15.245765221078404 3
      vertex -17.33035137968407 15.111087627168637 3
      vertex -17.33035137968407 15.111087627168637 0
    endloop
  endfacet
  facet normal 0.9891765099647807 0.14673047445536444 4.176984358778953e-19
    outer loop
      vertex -17.592295562675517 15.843172575472703 3
      vertex -17.56925644864517 15.687855484774195 3
      vertex -17.56925644864517 15.687855484774195 0
    endloop
  endfacet
  facet normal 0.9987954562051725 0.049067674327415406 -6.804830216254949e-20
    outer loop
      vertex -17.6 16 3
      vertex -17.592295562675517 15.843172575472703 3
      vertex -17.592295562675517 15.843172575472703 0
    endloop
  endfacet
  facet normal 0.9700312531945401 0.24298017990327958 -3.7932369466044476e-19
    outer loop
      vertex -17.56925644864517 15.687855484774195 3
      vertex -17.531104537171533 15.53554451639286 3
      vertex -17.531104537171533 15.53554451639286 0
    endloop
  endfacet
  facet normal 0.9987954562051725 -0.049067674327415406 6.804830216254949e-20
    outer loop
      vertex -17.592295562675517 16.156827424527297 3
      vertex -17.6 16 3
      vertex -17.6 16 0
    endloop
  endfacet
  facet normal 0.9891765099647809 -0.1467304744553628 -7.869789083430044e-20
    outer loop
      vertex -17.56925644864517 16.312144515225807 3
      vertex -17.592295562675517 16.156827424527297 3
      vertex -17.592295562675517 16.156827424527297 0
    endloop
  endfacet
  facet normal 0.9700312531945394 -0.24298017990328225 1.3053184557354412e-19
    outer loop
      vertex -17.531104537171533 16.46445548360714 3
      vertex -17.56925644864517 16.312144515225807 3
      vertex -17.56925644864517 16.312144515225807 0
    endloop
  endfacet
  facet normal 0.9415440651830239 -0.33688985339221134 1.1581405086319224e-18
    outer loop
      vertex -17.47820725201806 16.612293491784143 3
      vertex -17.531104537171533 16.46445548360714 3
      vertex -17.531104537171533 16.46445548360714 0
    endloop
  endfacet
  facet normal 0.9039892931234439 -0.427555093430281 -9.566290465545382e-19
    outer loop
      vertex -17.41107402295737 16.754234778921596 3
      vertex -17.47820725201806 16.612293491784143 3
      vertex -17.47820725201806 16.612293491784143 0
    endloop
  endfacet
  facet normal 0.8577286100002673 -0.5141027441932297 1.7152323579449508e-18
    outer loop
      vertex -17.33035137968407 16.888912372831363 3
      vertex -17.41107402295737 16.754234778921596 3
      vertex -17.41107402295737 16.754234778921596 0
    endloop
  endfacet
  facet normal 0.8032075314806493 -0.5956993044924275 2.3431069011677003e-19
    outer loop
      vertex -17.23681672538038 17.015029254661833 3
      vertex -17.33035137968407 16.888912372831363 3
      vertex -17.33035137968407 16.888912372831363 0
    endloop
  endfacet
  facet normal 0.7409511253549665 -0.6715589548470102 -5.941044824507186e-19
    outer loop
      vertex -17.131370849898477 17.131370849898477 3
      vertex -17.23681672538038 17.015029254661833 3
      vertex -17.23681672538038 17.015029254661833 0
    endloop
  endfacet
  facet normal 0.6715589548470102 -0.7409511253549665 -5.941044824507186e-19
    outer loop
      vertex -17.015029254661833 17.23681672538038 3
      vertex -17.131370849898477 17.131370849898477 3
      vertex -17.131370849898477 17.131370849898477 0
    endloop
  endfacet
  facet normal 0.427555093430281 0.9039892931234439 0
    outer loop
      vertex -16.612293491784143 14.52179274798194 3
      vertex -16.612293491784143 14.52179274798194 0
      vertex -16.754234778921596 14.588925977042631 3
    endloop
  endfacet
  facet normal 0.33688985339222133 0.9415440651830204 0
    outer loop
      vertex -16.46445548360714 14.468895462828465 3
      vertex -16.46445548360714 14.468895462828465 0
      vertex -16.612293491784143 14.52179274798194 3
    endloop
  endfacet
  facet normal 0.6715589548470164 0.7409511253549609 0
    outer loop
      vertex -17.015029254661833 14.763183274619621 3
      vertex -17.015029254661833 14.763183274619621 0
      vertex -17.131370849898477 14.868629150101524 3
    endloop
  endfacet
  facet normal 0.5956993044924348 0.8032075314806438 -7.634633811799585e-19
    outer loop
      vertex -17.015029254661833 14.763183274619621 3
      vertex -16.888912372831363 14.669648620315927 3
      vertex -16.888912372831363 14.669648620315927 0
    endloop
  endfacet
  facet normal 0.5141027441932213 0.8577286100002722 0
    outer loop
      vertex -16.754234778921596 14.588925977042631 3
      vertex -16.754234778921596 14.588925977042631 0
      vertex -16.888912372831363 14.669648620315927 3
    endloop
  endfacet
  facet normal 0.24298017990326093 0.9700312531945446 0
    outer loop
      vertex -16.312144515225807 14.430743551354832 3
      vertex -16.312144515225807 14.430743551354832 0
      vertex -16.46445548360714 14.468895462828465 3
    endloop
  endfacet
  facet normal 0.1467304744553628 0.9891765099647809 0
    outer loop
      vertex -16.156827424527297 14.407704437324485 3
      vertex -16.156827424527297 14.407704437324485 0
      vertex -16.312144515225807 14.430743551354832 3
    endloop
  endfacet
  facet normal 0.049067674327415406 0.9987954562051725 0
    outer loop
      vertex -16 14.4 3
      vertex -16 14.4 0
      vertex -16.156827424527297 14.407704437324485 3
    endloop
  endfacet
  facet normal -0.049067674327415406 0.9987954562051725 0
    outer loop
      vertex -15.843172575472703 14.407704437324485 3
      vertex -15.843172575472703 14.407704437324485 0
      vertex -16 14.4 3
    endloop
  endfacet
  facet normal 0.5956993044924275 -0.8032075314806493 0
    outer loop
      vertex -17.015029254661833 17.23681672538038 3
      vertex -17.015029254661833 17.23681672538038 0
      vertex -16.888912372831363 17.33035137968407 3
    endloop
  endfacet
  facet normal 0.5141027441932297 -0.8577286100002673 0
    outer loop
      vertex -16.888912372831363 17.33035137968407 3
      vertex -16.888912372831363 17.33035137968407 0
      vertex -16.754234778921596 17.41107402295737 3
    endloop
  endfacet
  facet normal 0.427555093430281 -0.9039892931234439 0
    outer loop
      vertex -16.754234778921596 17.41107402295737 3
      vertex -16.754234778921596 17.41107402295737 0
      vertex -16.612293491784143 17.47820725201806 3
    endloop
  endfacet
  facet normal 0.33688985339221134 -0.9415440651830239 0
    outer loop
      vertex -16.612293491784143 17.47820725201806 3
      vertex -16.612293491784143 17.47820725201806 0
      vertex -16.46445548360714 17.531104537171533 3
    endloop
  endfacet
  facet normal 0.24298017990328225 -0.9700312531945394 0
    outer loop
      vertex -16.46445548360714 17.531104537171533 3
      vertex -16.46445548360714 17.531104537171533 0
      vertex -16.312144515225807 17.56925644864517 3
    endloop
  endfacet
  facet normal 0.1467304744553628 -0.9891765099647809 0
    outer loop
      vertex -16.312144515225807 17.56925644864517 3
      vertex -16.312144515225807 17.56925644864517 0
      vertex -16.156827424527297 17.592295562675517 3
    endloop
  endfacet
  facet normal 0.049067674327415406 -0.9987954562051725 0
    outer loop
      vertex -16.156827424527297 17.592295562675517 3
      vertex -16.156827424527297 17.592295562675517 0
      vertex -16 17.6 3
    endloop
  endfacet
  facet normal -0.049067674327415406 -0.9987954562051725 0
    outer loop
      vertex -16 17.6 3
      vertex -16 17.6 0
      vertex -15.843172575472703 17.592295562675517 3
    endloop
  endfacet
  facet normal -0.14673047445536444 -0.9891765099647807 0
    outer loop
      vertex -15.843172575472703 17.592295562675517 3
      vertex -15.843172575472703 17.592295562675517 0
      vertex -15.687855484774195 17.56925644864517 3
    endloop
  endfacet
  facet normal -0.2429801799032583 0.9700312531945454 0
    outer loop
      vertex -15.687855484774195 14.430743551354832 3
      vertex -15.53554451639286 14.468895462828465 0
      vertex -15.687855484774195 14.430743551354832 0
    endloop
  endfacet
  facet normal -0.33688985339222133 0.9415440651830204 0
    outer loop
      vertex -15.53554451639286 14.468895462828465 3
      vertex -15.387706508215857 14.52179274798194 0
      vertex -15.53554451639286 14.468895462828465 0
    endloop
  endfacet
  facet normal -0.427555093430281 0.9039892931234439 0
    outer loop
      vertex -15.387706508215857 14.52179274798194 3
      vertex -15.245765221078404 14.588925977042631 0
      vertex -15.387706508215857 14.52179274798194 0
    endloop
  endfacet
  facet normal -0.5141027441932213 0.8577286100002722 0
    outer loop
      vertex -15.245765221078404 14.588925977042631 3
      vertex -15.111087627168637 14.669648620315927 0
      vertex -15.245765221078404 14.588925977042631 0
    endloop
  endfacet
  facet normal -0.5956993044924348 0.8032075314806438 0
    outer loop
      vertex -15.111087627168637 14.669648620315927 3
      vertex -14.984970745338167 14.763183274619621 0
      vertex -15.111087627168637 14.669648620315927 0
    endloop
  endfacet
  facet normal -0.6715589548470221 0.7409511253549558 0
    outer loop
      vertex -14.984970745338167 14.763183274619621 3
      vertex -14.868629150101524 14.868629150101524 0
      vertex -14.984970745338167 14.763183274619621 0
    endloop
  endfacet
  facet normal -0.7409511253549558 0.6715589548470221 0
    outer loop
      vertex -14.868629150101524 14.868629150101524 0
      vertex -14.868629150101524 14.868629150101524 3
      vertex -14.763183274619621 14.984970745338167 0
    endloop
  endfacet
  facet normal -0.8032075314806438 0.5956993044924348 0
    outer loop
      vertex -14.763183274619621 14.984970745338167 3
      vertex -14.669648620315927 15.111087627168637 0
      vertex -14.763183274619621 14.984970745338167 0
    endloop
  endfacet
  facet normal -0.8577286100002722 0.5141027441932213 0
    outer loop
      vertex -14.669648620315927 15.111087627168637 3
      vertex -14.588925977042631 15.245765221078404 0
      vertex -14.669648620315927 15.111087627168637 0
    endloop
  endfacet
  facet normal -0.9039892931234439 0.427555093430281 0
    outer loop
      vertex -14.588925977042631 15.245765221078404 3
      vertex -14.52179274798194 15.387706508215857 0
      vertex -14.588925977042631 15.245765221078404 0
    endloop
  endfacet
  facet normal -0.9415440651830204 0.33688985339222133 0
    outer loop
      vertex -14.52179274798194 15.387706508215857 3
      vertex -14.468895462828465 15.53554451639286 0
      vertex -14.52179274798194 15.387706508215857 0
    endloop
  endfacet
  facet normal -0.9700312531945454 0.2429801799032583 0
    outer loop
      vertex -14.468895462828465 15.53554451639286 3
      vertex -14.430743551354832 15.687855484774195 0
      vertex -14.468895462828465 15.53554451639286 0
    endloop
  endfacet
  facet normal -0.6715589548470159 -0.7409511253549614 5.078432897269414e-19
    outer loop
      vertex -14.984970745338167 17.23681672538038 0
      vertex -14.868629150101524 17.131370849898477 0
      vertex -14.868629150101524 17.131370849898477 3
    endloop
  endfacet
  facet normal -0.7409511253549609 -0.6715589548470164 0
    outer loop
      vertex -14.763183274619621 17.015029254661833 3
      vertex -14.868629150101524 17.131370849898477 0
      vertex -14.763183274619621 17.015029254661833 0
    endloop
  endfacet
  facet normal -0.9700312531945446 -0.24298017990326093 0
    outer loop
      vertex -14.430743551354832 16.312144515225807 3
      vertex -14.468895462828465 16.46445548360714 0
      vertex -14.430743551354832 16.312144515225807 0
    endloop
  endfacet
  facet normal -0.9415440651830204 -0.33688985339222133 0
    outer loop
      vertex -14.468895462828465 16.46445548360714 3
      vertex -14.52179274798194 16.612293491784143 0
      vertex -14.468895462828465 16.46445548360714 0
    endloop
  endfacet
  facet normal -0.9039892931234439 -0.427555093430281 0
    outer loop
      vertex -14.52179274798194 16.612293491784143 3
      vertex -14.588925977042631 16.754234778921596 0
      vertex -14.52179274798194 16.612293491784143 0
    endloop
  endfacet
  facet normal -0.8032075314806438 -0.5956993044924348 0
    outer loop
      vertex -14.669648620315927 16.888912372831363 3
      vertex -14.763183274619621 17.015029254661833 0
      vertex -14.669648620315927 16.888912372831363 0
    endloop
  endfacet
  facet normal -0.8577286100002722 -0.5141027441932213 0
    outer loop
      vertex -14.588925977042631 16.754234778921596 3
      vertex -14.669648620315927 16.888912372831363 0
      vertex -14.588925977042631 16.754234778921596 0
    endloop
  endfacet
  facet normal -0.9891765099647807 0.14673047445536444 0
    outer loop
      vertex -14.430743551354832 15.687855484774195 3
      vertex -14.407704437324485 15.843172575472703 0
      vertex -14.430743551354832 15.687855484774195 0
    endloop
  endfacet
  facet normal -0.9987954562051725 0.049067674327415406 0
    outer loop
      vertex -14.407704437324485 15.843172575472703 3
      vertex -14.4 16 0
      vertex -14.407704437324485 15.843172575472703 0
    endloop
  endfacet
  facet normal -0.9987954562051725 -0.049067674327415406 0
    outer loop
      vertex -14.4 16 3
      vertex -14.407704437324485 16.156827424527297 0
      vertex -14.4 16 0
    endloop
  endfacet
  facet normal -0.9891765099647809 -0.1467304744553628 0
    outer loop
      vertex -14.407704437324485 16.156827424527297 3
      vertex -14.430743551354832 16.312144515225807 0
      vertex -14.407704437324485 16.156827424527297 0
    endloop
  endfacet
  facet normal -0.14673047445536444 -0.9891765099647807 0
    outer loop
      vertex -15.687855484774195 17.56925644864517 3
      vertex -15.843172575472703 17.592295562675517 0
      vertex -15.687855484774195 17.56925644864517 0
    endloop
  endfacet
  facet normal -0.24298017990327958 -0.9700312531945401 0
    outer loop
      vertex -15.53554451639286 17.531104537171533 3
      vertex -15.687855484774195 17.56925644864517 0
      vertex -15.53554451639286 17.531104537171533 0
    endloop
  endfacet
  facet normal -0.33688985339221134 -0.9415440651830239 0
    outer loop
      vertex -15.387706508215857 17.47820725201806 3
      vertex -15.53554451639286 17.531104537171533 0
      vertex -15.387706508215857 17.47820725201806 0
    endloop
  endfacet
  facet normal -0.427555093430281 -0.9039892931234439 0
    outer loop
      vertex -15.245765221078404 17.41107402295737 3
      vertex -15.387706508215857 17.47820725201806 0
      vertex -15.245765221078404 17.41107402295737 0
    endloop
  endfacet
  facet normal -0.5141027441932297 -0.8577286100002673 0
    outer loop
      vertex -15.111087627168637 17.33035137968407 3
      vertex -15.245765221078404 17.41107402295737 0
      vertex -15.111087627168637 17.33035137968407 0
    endloop
  endfacet
  facet normal -0.5956993044924275 -0.8032075314806493 0
    outer loop
      vertex -14.984970745338167 17.23681672538038 3
      vertex -15.111087627168637 17.33035137968407 0
      vertex -14.984970745338167 17.23681672538038 0
    endloop
  endfacet
  facet normal -0.14673047445536444 0.9891765099647807 0
    outer loop
      vertex -15.687855484774195 14.430743551354832 3
      vertex -15.687855484774195 14.430743551354832 0
      vertex -15.843172575472703 14.407704437324485 3
    endloop
  endfacet
  facet normal -0.2429801799032583 0.9700312531945454 0
    outer loop
      vertex -15.53554451639286 14.468895462828465 3
      vertex -15.53554451639286 14.468895462828465 0
      vertex -15.687855484774195 14.430743551354832 3
    endloop
  endfacet
  facet normal -0.33688985339222133 0.9415440651830204 0
    outer loop
      vertex -15.387706508215857 14.52179274798194 3
      vertex -15.387706508215857 14.52179274798194 0
      vertex -15.53554451639286 14.468895462828465 3
    endloop
  endfacet
  facet normal -0.427555093430281 0.9039892931234439 -9.566290465545382e-19
    outer loop
      vertex -15.387706508215857 14.52179274798194 3
      vertex -15.245765221078404 14.588925977042631 3
      vertex -15.245765221078404 14.588925977042631 0
    endloop
  endfacet
  facet normal -0.5141027441932213 0.8577286100002722 -1.635473385868045e-18
    outer loop
      vertex -15.245765221078404 14.588925977042631 3
      vertex -15.111087627168637 14.669648620315927 3
      vertex -15.111087627168637 14.669648620315927 0
    endloop
  endfacet
  facet normal -0.5956993044924348 0.8032075314806438 0
    outer loop
      vertex -14.984970745338167 14.763183274619621 3
      vertex -14.984970745338167 14.763183274619621 0
      vertex -15.111087627168637 14.669648620315927 3
    endloop
  endfacet
  facet normal -0.6715589548470221 0.7409511253549558 0
    outer loop
      vertex -14.868629150101524 14.868629150101524 3
      vertex -14.868629150101524 14.868629150101524 0
      vertex -14.984970745338167 14.763183274619621 3
    endloop
  endfacet
  facet normal -0.7409511253549558 0.6715589548470221 -1.512505396304521e-20
    outer loop
      vertex -14.868629150101524 14.868629150101524 3
      vertex -14.763183274619621 14.984970745338167 3
      vertex -14.763183274619621 14.984970745338167 0
    endloop
  endfacet
  facet normal -0.8032075314806438 0.5956993044924348 7.634633811799585e-19
    outer loop
      vertex -14.763183274619621 14.984970745338167 3
      vertex -14.669648620315927 15.111087627168637 3
      vertex -14.669648620315927 15.111087627168637 0
    endloop
  endfacet
  facet normal -0.8577286100002722 0.5141027441932213 -1.635473385868045e-18
    outer loop
      vertex -14.669648620315927 15.111087627168637 3
      vertex -14.588925977042631 15.245765221078404 3
      vertex -14.588925977042631 15.245765221078404 0
    endloop
  endfacet
  facet normal -0.9039892931234439 0.427555093430281 -9.566290465545382e-19
    outer loop
      vertex -14.588925977042631 15.245765221078404 3
      vertex -14.52179274798194 15.387706508215857 3
      vertex -14.52179274798194 15.387706508215857 0
    endloop
  endfacet
  facet normal -0.9415440651830204 0.33688985339222133 -1.102579453093305e-18
    outer loop
      vertex -14.52179274798194 15.387706508215857 3
      vertex -14.468895462828465 15.53554451639286 3
      vertex -14.468895462828465 15.53554451639286 0
    endloop
  endfacet
  facet normal -0.9700312531945454 0.2429801799032583 6.265666322709446e-19
    outer loop
      vertex -14.468895462828465 15.53554451639286 3
      vertex -14.430743551354832 15.687855484774195 3
      vertex -14.430743551354832 15.687855484774195 0
    endloop
  endfacet
  facet normal -0.7409511253549609 -0.6715589548470164 1.0138624668012718e-19
    outer loop
      vertex -14.763183274619621 17.015029254661833 3
      vertex -14.868629150101524 17.131370849898477 3
      vertex -14.868629150101524 17.131370849898477 0
    endloop
  endfacet
  facet normal -0.9700312531945446 -0.24298017990326093 -3.7777478319744283e-19
    outer loop
      vertex -14.430743551354832 16.312144515225807 3
      vertex -14.468895462828465 16.46445548360714 3
      vertex -14.468895462828465 16.46445548360714 0
    endloop
  endfacet
  facet normal -0.9039892931234439 -0.427555093430281 9.566290465545382e-19
    outer loop
      vertex -14.52179274798194 16.612293491784143 3
      vertex -14.588925977042631 16.754234778921596 3
      vertex -14.588925977042631 16.754234778921596 0
    endloop
  endfacet
  facet normal -0.9415440651830204 -0.33688985339222133 1.102579453093305e-18
    outer loop
      vertex -14.468895462828465 16.46445548360714 3
      vertex -14.52179274798194 16.612293491784143 3
      vertex -14.52179274798194 16.612293491784143 0
    endloop
  endfacet
  facet normal -0.8577286100002722 -0.5141027441932213 1.635473385868045e-18
    outer loop
      vertex -14.588925977042631 16.754234778921596 3
      vertex -14.669648620315927 16.888912372831363 3
      vertex -14.669648620315927 16.888912372831363 0
    endloop
  endfacet
  facet normal -0.8032075314806438 -0.5956993044924348 -7.634633811799585e-19
    outer loop
      vertex -14.669648620315927 16.888912372831363 3
      vertex -14.763183274619621 17.015029254661833 3
      vertex -14.763183274619621 17.015029254661833 0
    endloop
  endfacet
  facet normal -0.9891765099647807 0.14673047445536444 -4.176984358778953e-19
    outer loop
      vertex -14.430743551354832 15.687855484774195 3
      vertex -14.407704437324485 15.843172575472703 3
      vertex -14.407704437324485 15.843172575472703 0
    endloop
  endfacet
  facet normal -0.9987954562051725 0.049067674327415406 6.804830216254949e-20
    outer loop
      vertex -14.407704437324485 15.843172575472703 3
      vertex -14.4 16 3
      vertex -14.4 16 0
    endloop
  endfacet
  facet normal -0.9987954562051725 -0.049067674327415406 -6.804830216254949e-20
    outer loop
      vertex -14.4 16 3
      vertex -14.407704437324485 16.156827424527297 3
      vertex -14.407704437324485 16.156827424527297 0
    endloop
  endfacet
  facet normal -0.9891765099647809 -0.1467304744553628 7.869789083430044e-20
    outer loop
      vertex -14.407704437324485 16.156827424527297 3
      vertex -14.430743551354832 16.312144515225807 3
      vertex -14.430743551354832 16.312144515225807 0
    endloop
  endfacet
  facet normal -0.24298017990327958 -0.9700312531945401 0
    outer loop
      vertex -15.687855484774195 17.56925644864517 3
      vertex -15.687855484774195 17.56925644864517 0
      vertex -15.53554451639286 17.531104537171533 3
    endloop
  endfacet
  facet normal -0.33688985339221134 -0.9415440651830239 -1.1581405086319224e-18
    outer loop
      vertex -15.387706508215857 17.47820725201806 3
      vertex -15.53554451639286 17.531104537171533 3
      vertex -15.53554451639286 17.531104537171533 0
    endloop
  endfacet
  facet normal -0.427555093430281 -0.9039892931234439 0
    outer loop
      vertex -15.387706508215857 17.47820725201806 3
      vertex -15.387706508215857 17.47820725201806 0
      vertex -15.245765221078404 17.41107402295737 3
    endloop
  endfacet
  facet normal -0.5141027441932297 -0.8577286100002673 0
    outer loop
      vertex -15.245765221078404 17.41107402295737 3
      vertex -15.245765221078404 17.41107402295737 0
      vertex -15.111087627168637 17.33035137968407 3
    endloop
  endfacet
  facet normal -0.5956993044924275 -0.8032075314806493 0
    outer loop
      vertex -15.111087627168637 17.33035137968407 3
      vertex -15.111087627168637 17.33035137968407 0
      vertex -14.984970745338167 17.23681672538038 3
    endloop
  endfacet
  facet normal -0.6715589548470159 -0.7409511253549614 0
    outer loop
      vertex -14.984970745338167 17.23681672538038 3
      vertex -14.984970745338167 17.23681672538038 0
      vertex -14.868629150101524 17.131370849898477 3
    endloop
  endfacet
  facet normal 0.5956993044924275 0.8032075314806493 0
    outer loop
      vertex 14.984970745338167 -17.23681672538038 0
      vertex 14.984970745338167 -17.23681672538038 3
      vertex 15.111087627168637 -17.33035137968407 0
    endloop
  endfacet
  facet normal 0.5141027441932297 0.8577286100002673 0
    outer loop
      vertex 15.111087627168637 -17.33035137968407 0
      vertex 15.111087627168637 -17.33035137968407 3
      vertex 15.245765221078404 -17.41107402295737 0
    endloop
  endfacet
  facet normal 0.427555093430281 0.9039892931234439 0
    outer loop
      vertex 15.245765221078404 -17.41107402295737 0
      vertex 15.245765221078404 -17.41107402295737 3
      vertex 15.387706508215857 -17.47820725201806 0
    endloop
  endfacet
  facet normal 0.33688985339221134 0.9415440651830239 0
    outer loop
      vertex 15.387706508215857 -17.47820725201806 0
      vertex 15.387706508215857 -17.47820725201806 3
      vertex 15.53554451639286 -17.531104537171533 0
    endloop
  endfacet
  facet normal 0.24298017990327958 0.9700312531945401 0
    outer loop
      vertex 15.53554451639286 -17.531104537171533 0
      vertex 15.53554451639286 -17.531104537171533 3
      vertex 15.687855484774195 -17.56925644864517 0
    endloop
  endfacet
  facet normal 0.14673047445536444 0.9891765099647807 0
    outer loop
      vertex 15.687855484774195 -17.56925644864517 0
      vertex 15.687855484774195 -17.56925644864517 3
      vertex 15.843172575472703 -17.592295562675517 0
    endloop
  endfacet
  facet normal 0.9891765099647809 0.1467304744553628 7.869789083430044e-20
    outer loop
      vertex 14.430743551354832 -16.312144515225807 0
      vertex 14.407704437324485 -16.156827424527297 0
      vertex 14.407704437324485 -16.156827424527297 3
    endloop
  endfacet
  facet normal 0.9987954562051725 0.049067674327415406 -6.804830216254949e-20
    outer loop
      vertex 14.407704437324485 -16.156827424527297 0
      vertex 14.4 -16 0
      vertex 14.4 -16 3
    endloop
  endfacet
  facet normal 0.9987954562051725 -0.049067674327415406 6.804830216254949e-20
    outer loop
      vertex 14.4 -16 0
      vertex 14.407704437324485 -15.843172575472703 0
      vertex 14.407704437324485 -15.843172575472703 3
    endloop
  endfacet
  facet normal 0.9891765099647807 -0.14673047445536444 -4.176984358778953e-19
    outer loop
      vertex 14.407704437324485 -15.843172575472703 0
      vertex 14.430743551354832 -15.687855484774195 0
      vertex 14.430743551354832 -15.687855484774195 3
    endloop
  endfacet
  facet normal 0.8577286100002722 0.5141027441932213 1.635473385868045e-18
    outer loop
      vertex 14.669648620315927 -16.888912372831363 0
      vertex 14.588925977042631 -16.754234778921596 0
      vertex 14.588925977042631 -16.754234778921596 3
    endloop
  endfacet
  facet normal 0.8032075314806438 0.5956993044924348 -7.634633811799585e-19
    outer loop
      vertex 14.763183274619621 -17.015029254661833 0
      vertex 14.669648620315927 -16.888912372831363 0
      vertex 14.669648620315927 -16.888912372831363 3
    endloop
  endfacet
  facet normal 0.9039892931234439 0.427555093430281 9.566290465545382e-19
    outer loop
      vertex 14.588925977042631 -16.754234778921596 0
      vertex 14.52179274798194 -16.612293491784143 0
      vertex 14.52179274798194 -16.612293491784143 3
    endloop
  endfacet
  facet normal 0.9415440651830204 0.33688985339222133 1.102579453093305e-18
    outer loop
      vertex 14.52179274798194 -16.612293491784143 0
      vertex 14.468895462828465 -16.46445548360714 0
      vertex 14.468895462828465 -16.46445548360714 3
    endloop
  endfacet
  facet normal 0.9700312531945446 0.24298017990326093 -3.7777478319744283e-19
    outer loop
      vertex 14.468895462828465 -16.46445548360714 0
      vertex 14.430743551354832 -16.312144515225807 0
      vertex 14.430743551354832 -16.312144515225807 3
    endloop
  endfacet
  facet normal 0.7409511253549609 0.6715589548470164 1.0138624668012718e-19
    outer loop
      vertex 14.868629150101524 -17.131370849898477 0
      vertex 14.763183274619621 -17.015029254661833 0
      vertex 14.763183274619621 -17.015029254661833 3
    endloop
  endfacet
  facet normal 0.6715589548470159 0.7409511253549614 5.078432897269414e-19
    outer loop
      vertex 14.984970745338167 -17.23681672538038 0
      vertex 14.868629150101524 -17.131370849898477 0
      vertex 14.868629150101524 -17.131370849898477 3
    endloop
  endfacet
  facet normal 0.9700312531945454 -0.2429801799032583 6.265666322709446e-19
    outer loop
      vertex 14.430743551354832 -15.687855484774195 0
      vertex 14.468895462828465 -15.53554451639286 0
      vertex 14.468895462828465 -15.53554451639286 3
    endloop
  endfacet
  facet normal 0.9415440651830204 -0.33688985339222133 -1.102579453093305e-18
    outer loop
      vertex 14.468895462828465 -15.53554451639286 0
      vertex 14.52179274798194 -15.387706508215857 0
      vertex 14.52179274798194 -15.387706508215857 3
    endloop
  endfacet
  facet normal 0.9039892931234439 -0.427555093430281 -9.566290465545382e-19
    outer loop
      vertex 14.52179274798194 -15.387706508215857 0
      vertex 14.588925977042631 -15.245765221078404 0
      vertex 14.588925977042631 -15.245765221078404 3
    endloop
  endfacet
  facet normal 0.8577286100002722 -0.5141027441932213 -1.635473385868045e-18
    outer loop
      vertex 14.588925977042631 -15.245765221078404 0
      vertex 14.669648620315927 -15.111087627168637 0
      vertex 14.669648620315927 -15.111087627168637 3
    endloop
  endfacet
  facet normal 0.8032075314806438 -0.5956993044924348 7.634633811799585e-19
    outer loop
      vertex 14.669648620315927 -15.111087627168637 0
      vertex 14.763183274619621 -14.984970745338167 0
      vertex 14.763183274619621 -14.984970745338167 3
    endloop
  endfacet
  facet normal 0.7409511253549558 -0.6715589548470221 -1.512505396304521e-20
    outer loop
      vertex 14.763183274619621 -14.984970745338167 0
      vertex 14.868629150101524 -14.868629150101524 0
      vertex 14.868629150101524 -14.868629150101524 3
    endloop
  endfacet
  facet normal 0.6715589548470221 -0.7409511253549558 0
    outer loop
      vertex 14.984970745338167 -14.763183274619621 0
      vertex 14.984970745338167 -14.763183274619621 3
      vertex 14.868629150101524 -14.868629150101524 0
    endloop
  endfacet
  facet normal 0.5956993044924348 -0.8032075314806438 0
    outer loop
      vertex 15.111087627168637 -14.669648620315927 0
      vertex 15.111087627168637 -14.669648620315927 3
      vertex 14.984970745338167 -14.763183274619621 0
    endloop
  endfacet
  facet normal 0.5141027441932213 -0.8577286100002722 0
    outer loop
      vertex 15.245765221078404 -14.588925977042631 0
      vertex 15.245765221078404 -14.588925977042631 3
      vertex 15.111087627168637 -14.669648620315927 0
    endloop
  endfacet
  facet normal 0.427555093430281 -0.9039892931234439 0
    outer loop
      vertex 15.387706508215857 -14.52179274798194 0
      vertex 15.387706508215857 -14.52179274798194 3
      vertex 15.245765221078404 -14.588925977042631 0
    endloop
  endfacet
  facet normal 0.33688985339222133 -0.9415440651830204 0
    outer loop
      vertex 15.53554451639286 -14.468895462828465 0
      vertex 15.53554451639286 -14.468895462828465 3
      vertex 15.387706508215857 -14.52179274798194 0
    endloop
  endfacet
  facet normal 0.2429801799032583 -0.9700312531945454 0
    outer loop
      vertex 15.687855484774195 -14.430743551354832 0
      vertex 15.687855484774195 -14.430743551354832 3
      vertex 15.53554451639286 -14.468895462828465 0
    endloop
  endfacet
  facet normal 0.6715589548470159 0.7409511253549614 0
    outer loop
      vertex 14.984970745338167 -17.23681672538038 0
      vertex 14.868629150101524 -17.131370849898477 3
      vertex 14.984970745338167 -17.23681672538038 3
    endloop
  endfacet
  facet normal 0.5956993044924275 0.8032075314806493 0
    outer loop
      vertex 15.111087627168637 -17.33035137968407 0
      vertex 14.984970745338167 -17.23681672538038 3
      vertex 15.111087627168637 -17.33035137968407 3
    endloop
  endfacet
  facet normal 0.5141027441932297 0.8577286100002673 0
    outer loop
      vertex 15.245765221078404 -17.41107402295737 0
      vertex 15.111087627168637 -17.33035137968407 3
      vertex 15.245765221078404 -17.41107402295737 3
    endloop
  endfacet
  facet normal 0.427555093430281 0.9039892931234439 0
    outer loop
      vertex 15.387706508215857 -17.47820725201806 0
      vertex 15.245765221078404 -17.41107402295737 3
      vertex 15.387706508215857 -17.47820725201806 3
    endloop
  endfacet
  facet normal 0.33688985339221134 0.9415440651830239 0
    outer loop
      vertex 15.53554451639286 -17.531104537171533 0
      vertex 15.387706508215857 -17.47820725201806 3
      vertex 15.53554451639286 -17.531104537171533 3
    endloop
  endfacet
  facet normal 0.24298017990327958 0.9700312531945401 0
    outer loop
      vertex 15.687855484774195 -17.56925644864517 0
      vertex 15.53554451639286 -17.531104537171533 3
      vertex 15.687855484774195 -17.56925644864517 3
    endloop
  endfacet
  facet normal 0.9891765099647809 0.1467304744553628 0
    outer loop
      vertex 14.430743551354832 -16.312144515225807 0
      vertex 14.407704437324485 -16.156827424527297 3
      vertex 14.430743551354832 -16.312144515225807 3
    endloop
  endfacet
  facet normal 0.9987954562051725 0.049067674327415406 0
    outer loop
      vertex 14.407704437324485 -16.156827424527297 0
      vertex 14.4 -16 3
      vertex 14.407704437324485 -16.156827424527297 3
    endloop
  endfacet
  facet normal 0.9987954562051725 -0.049067674327415406 0
    outer loop
      vertex 14.4 -16 0
      vertex 14.407704437324485 -15.843172575472703 3
      vertex 14.4 -16 3
    endloop
  endfacet
  facet normal 0.9891765099647807 -0.14673047445536444 0
    outer loop
      vertex 14.407704437324485 -15.843172575472703 0
      vertex 14.430743551354832 -15.687855484774195 3
      vertex 14.407704437324485 -15.843172575472703 3
    endloop
  endfacet
  facet normal 0.8032075314806438 0.5956993044924348 0
    outer loop
      vertex 14.763183274619621 -17.015029254661833 0
      vertex 14.669648620315927 -16.888912372831363 3
      vertex 14.763183274619621 -17.015029254661833 3
    endloop
  endfacet
  facet normal 0.8577286100002722 0.5141027441932213 0
    outer loop
      vertex 14.669648620315927 -16.888912372831363 0
      vertex 14.588925977042631 -16.754234778921596 3
      vertex 14.669648620315927 -16.888912372831363 3
    endloop
  endfacet
  facet normal 0.9415440651830204 0.33688985339222133 0
    outer loop
      vertex 14.52179274798194 -16.612293491784143 0
      vertex 14.468895462828465 -16.46445548360714 3
      vertex 14.52179274798194 -16.612293491784143 3
    endloop
  endfacet
  facet normal 0.9039892931234439 0.427555093430281 0
    outer loop
      vertex 14.588925977042631 -16.754234778921596 0
      vertex 14.52179274798194 -16.612293491784143 3
      vertex 14.588925977042631 -16.754234778921596 3
    endloop
  endfacet
  facet normal 0.9700312531945446 0.24298017990326093 0
    outer loop
      vertex 14.468895462828465 -16.46445548360714 0
      vertex 14.430743551354832 -16.312144515225807 3
      vertex 14.468895462828465 -16.46445548360714 3
    endloop
  endfacet
  facet normal 0.7409511253549609 0.6715589548470164 0
    outer loop
      vertex 14.868629150101524 -17.131370849898477 0
      vertex 14.763183274619621 -17.015029254661833 3
      vertex 14.868629150101524 -17.131370849898477 3
    endloop
  endfacet
  facet normal 0.9700312531945454 -0.2429801799032583 0
    outer loop
      vertex 14.430743551354832 -15.687855484774195 0
      vertex 14.468895462828465 -15.53554451639286 3
      vertex 14.430743551354832 -15.687855484774195 3
    endloop
  endfacet
  facet normal 0.9415440651830204 -0.33688985339222133 0
    outer loop
      vertex 14.468895462828465 -15.53554451639286 0
      vertex 14.52179274798194 -15.387706508215857 3
      vertex 14.468895462828465 -15.53554451639286 3
    endloop
  endfacet
  facet normal 0.9039892931234439 -0.427555093430281 0
    outer loop
      vertex 14.52179274798194 -15.387706508215857 0
      vertex 14.588925977042631 -15.245765221078404 3
      vertex 14.52179274798194 -15.387706508215857 3
    endloop
  endfacet
  facet normal 0.8577286100002722 -0.5141027441932213 0
    outer loop
      vertex 14.588925977042631 -15.245765221078404 0
      vertex 14.669648620315927 -15.111087627168637 3
      vertex 14.588925977042631 -15.245765221078404 3
    endloop
  endfacet
  facet normal 0.8032075314806438 -0.5956993044924348 0
    outer loop
      vertex 14.669648620315927 -15.111087627168637 0
      vertex 14.763183274619621 -14.984970745338167 3
      vertex 14.669648620315927 -15.111087627168637 3
    endloop
  endfacet
  facet normal 0.7409511253549558 -0.6715589548470221 0
    outer loop
      vertex 14.763183274619621 -14.984970745338167 0
      vertex 14.868629150101524 -14.868629150101524 3
      vertex 14.763183274619621 -14.984970745338167 3
    endloop
  endfacet
  facet normal 0.6715589548470221 -0.7409511253549558 0
    outer loop
      vertex 14.868629150101524 -14.868629150101524 0
      vertex 14.984970745338167 -14.763183274619621 3
      vertex 14.868629150101524 -14.868629150101524 3
    endloop
  endfacet
  facet normal 0.5956993044924348 -0.8032075314806438 0
    outer loop
      vertex 14.984970745338167 -14.763183274619621 0
      vertex 15.111087627168637 -14.669648620315927 3
      vertex 14.984970745338167 -14.763183274619621 3
    endloop
  endfacet
  facet normal 0.5141027441932213 -0.8577286100002722 0
    outer loop
      vertex 15.111087627168637 -14.669648620315927 0
      vertex 15.245765221078404 -14.588925977042631 3
      vertex 15.111087627168637 -14.669648620315927 3
    endloop
  endfacet
  facet normal 0.427555093430281 -0.9039892931234439 0
    outer loop
      vertex 15.245765221078404 -14.588925977042631 0
      vertex 15.387706508215857 -14.52179274798194 3
      vertex 15.245765221078404 -14.588925977042631 3
    endloop
  endfacet
  facet normal 0.33688985339222133 -0.9415440651830204 0
    outer loop
      vertex 15.387706508215857 -14.52179274798194 0
      vertex 15.53554451639286 -14.468895462828465 3
      vertex 15.387706508215857 -14.52179274798194 3
    endloop
  endfacet
  facet normal 0.2429801799032583 -0.9700312531945454 0
    outer loop
      vertex 15.53554451639286 -14.468895462828465 0
      vertex 15.687855484774195 -14.430743551354832 3
      vertex 15.53554451639286 -14.468895462828465 3
    endloop
  endfacet
  facet normal 0.14673047445536444 -0.9891765099647807 0
    outer loop
      vertex 15.687855484774195 -14.430743551354832 0
      vertex 15.843172575472703 -14.407704437324485 3
      vertex 15.687855484774195 -14.430743551354832 3
    endloop
  endfacet
  facet normal 0.049067674327415406 0.9987954562051725 0
    outer loop
      vertex 15.843172575472703 -17.592295562675517 0
      vertex 15.843172575472703 -17.592295562675517 3
      vertex 16 -17.6 0
    endloop
  endfacet
  facet normal -0.049067674327415406 0.9987954562051725 0
    outer loop
      vertex 16 -17.6 0
      vertex 16 -17.6 3
      vertex 16.156827424527297 -17.592295562675517 0
    endloop
  endfacet
  facet normal -0.1467304744553628 0.9891765099647809 0
    outer loop
      vertex 16.156827424527297 -17.592295562675517 0
      vertex 16.156827424527297 -17.592295562675517 3
      vertex 16.312144515225807 -17.56925644864517 0
    endloop
  endfacet
  facet normal -0.24298017990328225 0.9700312531945394 0
    outer loop
      vertex 16.312144515225807 -17.56925644864517 0
      vertex 16.312144515225807 -17.56925644864517 3
      vertex 16.46445548360714 -17.531104537171533 0
    endloop
  endfacet
  facet normal -0.33688985339221134 0.9415440651830239 0
    outer loop
      vertex 16.46445548360714 -17.531104537171533 0
      vertex 16.46445548360714 -17.531104537171533 3
      vertex 16.612293491784143 -17.47820725201806 0
    endloop
  endfacet
  facet normal -0.427555093430281 0.9039892931234439 0
    outer loop
      vertex 16.612293491784143 -17.47820725201806 0
      vertex 16.612293491784143 -17.47820725201806 3
      vertex 16.754234778921596 -17.41107402295737 0
    endloop
  endfacet
  facet normal -0.5141027441932297 0.8577286100002673 0
    outer loop
      vertex 16.754234778921596 -17.41107402295737 0
      vertex 16.754234778921596 -17.41107402295737 3
      vertex 16.888912372831363 -17.33035137968407 0
    endloop
  endfacet
  facet normal -0.5956993044924275 0.8032075314806493 0
    outer loop
      vertex 16.888912372831363 -17.33035137968407 0
      vertex 16.888912372831363 -17.33035137968407 3
      vertex 17.015029254661833 -17.23681672538038 0
    endloop
  endfacet
  facet normal -0.6715589548470102 0.7409511253549665 0
    outer loop
      vertex 17.015029254661833 -17.23681672538038 0
      vertex 17.015029254661833 -17.23681672538038 3
      vertex 17.131370849898477 -17.131370849898477 0
    endloop
  endfacet
  facet normal 0.14673047445536444 -0.9891765099647807 0
    outer loop
      vertex 15.843172575472703 -14.407704437324485 0
      vertex 15.843172575472703 -14.407704437324485 3
      vertex 15.687855484774195 -14.430743551354832 0
    endloop
  endfacet
  facet normal 0.049067674327415406 -0.9987954562051725 0
    outer loop
      vertex 16 -14.4 0
      vertex 16 -14.4 3
      vertex 15.843172575472703 -14.407704437324485 0
    endloop
  endfacet
  facet normal -0.049067674327415406 -0.9987954562051725 0
    outer loop
      vertex 16.156827424527297 -14.407704437324485 0
      vertex 16.156827424527297 -14.407704437324485 3
      vertex 16 -14.4 0
    endloop
  endfacet
  facet normal -0.1467304744553628 -0.9891765099647809 0
    outer loop
      vertex 16.312144515225807 -14.430743551354832 0
      vertex 16.312144515225807 -14.430743551354832 3
      vertex 16.156827424527297 -14.407704437324485 0
    endloop
  endfacet
  facet normal -0.5141027441932213 -0.8577286100002722 0
    outer loop
      vertex 16.888912372831363 -14.669648620315927 0
      vertex 16.888912372831363 -14.669648620315927 3
      vertex 16.754234778921596 -14.588925977042631 0
    endloop
  endfacet
  facet normal -0.5956993044924348 -0.8032075314806438 0
    outer loop
      vertex 17.015029254661833 -14.763183274619621 0
      vertex 17.015029254661833 -14.763183274619621 3
      vertex 16.888912372831363 -14.669648620315927 0
    endloop
  endfacet
  facet normal -0.24298017990326093 -0.9700312531945446 0
    outer loop
      vertex 16.46445548360714 -14.468895462828465 3
      vertex 16.312144515225807 -14.430743551354832 0
      vertex 16.46445548360714 -14.468895462828465 0
    endloop
  endfacet
  facet normal -0.33688985339222133 -0.9415440651830204 0
    outer loop
      vertex 16.612293491784143 -14.52179274798194 0
      vertex 16.612293491784143 -14.52179274798194 3
      vertex 16.46445548360714 -14.468895462828465 0
    endloop
  endfacet
  facet normal -0.427555093430281 -0.9039892931234439 0
    outer loop
      vertex 16.754234778921596 -14.588925977042631 0
      vertex 16.754234778921596 -14.588925977042631 3
      vertex 16.612293491784143 -14.52179274798194 0
    endloop
  endfacet
  facet normal -0.7409511253549665 0.6715589548470102 0
    outer loop
      vertex 17.131370849898477 -17.131370849898477 0
      vertex 17.131370849898477 -17.131370849898477 3
      vertex 17.23681672538038 -17.015029254661833 0
    endloop
  endfacet
  facet normal -0.8032075314806493 0.5956993044924275 2.3431069011677003e-19
    outer loop
      vertex 17.33035137968407 -16.888912372831363 0
      vertex 17.23681672538038 -17.015029254661833 0
      vertex 17.23681672538038 -17.015029254661833 3
    endloop
  endfacet
  facet normal -0.8577286100002673 0.5141027441932297 1.7152323579449508e-18
    outer loop
      vertex 17.41107402295737 -16.754234778921596 0
      vertex 17.33035137968407 -16.888912372831363 0
      vertex 17.33035137968407 -16.888912372831363 3
    endloop
  endfacet
  facet normal -0.9039892931234439 0.427555093430281 -9.566290465545382e-19
    outer loop
      vertex 17.47820725201806 -16.612293491784143 0
      vertex 17.41107402295737 -16.754234778921596 0
      vertex 17.41107402295737 -16.754234778921596 3
    endloop
  endfacet
  facet normal -0.9415440651830239 0.33688985339221134 1.1581405086319224e-18
    outer loop
      vertex 17.531104537171533 -16.46445548360714 0
      vertex 17.47820725201806 -16.612293491784143 0
      vertex 17.47820725201806 -16.612293491784143 3
    endloop
  endfacet
  facet normal -0.9700312531945394 0.24298017990328225 1.3053184557354412e-19
    outer loop
      vertex 17.56925644864517 -16.312144515225807 0
      vertex 17.531104537171533 -16.46445548360714 0
      vertex 17.531104537171533 -16.46445548360714 3
    endloop
  endfacet
  facet normal -0.9891765099647809 0.1467304744553628 -7.869789083430044e-20
    outer loop
      vertex 17.592295562675517 -16.156827424527297 0
      vertex 17.56925644864517 -16.312144515225807 0
      vertex 17.56925644864517 -16.312144515225807 3
    endloop
  endfacet
  facet normal -0.9987954562051725 0.049067674327415406 6.804830216254949e-20
    outer loop
      vertex 17.6 -16 0
      vertex 17.592295562675517 -16.156827424527297 0
      vertex 17.592295562675517 -16.156827424527297 3
    endloop
  endfacet
  facet normal -0.9987954562051725 -0.049067674327415406 -6.804830216254949e-20
    outer loop
      vertex 17.592295562675517 -15.843172575472703 0
      vertex 17.6 -16 0
      vertex 17.6 -16 3
    endloop
  endfacet
  facet normal -0.9415440651830239 -0.33688985339221134 -1.1581405086319224e-18
    outer loop
      vertex 17.47820725201806 -15.387706508215857 0
      vertex 17.531104537171533 -15.53554451639286 0
      vertex 17.531104537171533 -15.53554451639286 3
    endloop
  endfacet
  facet normal -0.9891765099647807 -0.14673047445536444 4.176984358778953e-19
    outer loop
      vertex 17.56925644864517 -15.687855484774195 0
      vertex 17.592295562675517 -15.843172575472703 0
      vertex 17.592295562675517 -15.843172575472703 3
    endloop
  endfacet
  facet normal -0.9700312531945401 -0.24298017990327958 -3.7932369466044476e-19
    outer loop
      vertex 17.531104537171533 -15.53554451639286 0
      vertex 17.56925644864517 -15.687855484774195 0
      vertex 17.56925644864517 -15.687855484774195 3
    endloop
  endfacet
  facet normal -0.8032075314806493 -0.5956993044924275 -2.3431069011677003e-19
    outer loop
      vertex 17.23681672538038 -14.984970745338167 0
      vertex 17.33035137968407 -15.111087627168637 0
      vertex 17.33035137968407 -15.111087627168637 3
    endloop
  endfacet
  facet normal -0.8577286100002673 -0.5141027441932297 -1.7152323579449508e-18
    outer loop
      vertex 17.33035137968407 -15.111087627168637 0
      vertex 17.41107402295737 -15.245765221078404 0
      vertex 17.41107402295737 -15.245765221078404 3
    endloop
  endfacet
  facet normal -0.6715589548470164 -0.7409511253549609 1.0138624668012718e-19
    outer loop
      vertex 17.015029254661833 -14.763183274619621 0
      vertex 17.131370849898477 -14.868629150101524 0
      vertex 17.131370849898477 -14.868629150101524 3
    endloop
  endfacet
  facet normal -0.7409511253549614 -0.6715589548470159 5.078432897269414e-19
    outer loop
      vertex 17.131370849898477 -14.868629150101524 0
      vertex 17.23681672538038 -14.984970745338167 0
      vertex 17.23681672538038 -14.984970745338167 3
    endloop
  endfacet
  facet normal -0.9039892931234439 -0.427555093430281 9.566290465545382e-19
    outer loop
      vertex 17.41107402295737 -15.245765221078404 0
      vertex 17.47820725201806 -15.387706508215857 0
      vertex 17.47820725201806 -15.387706508215857 3
    endloop
  endfacet
  facet normal 0.14673047445536444 0.9891765099647807 0
    outer loop
      vertex 15.843172575472703 -17.592295562675517 0
      vertex 15.687855484774195 -17.56925644864517 3
      vertex 15.843172575472703 -17.592295562675517 3
    endloop
  endfacet
  facet normal 0.049067674327415406 0.9987954562051725 0
    outer loop
      vertex 16 -17.6 0
      vertex 15.843172575472703 -17.592295562675517 3
      vertex 16 -17.6 3
    endloop
  endfacet
  facet normal -0.049067674327415406 0.9987954562051725 0
    outer loop
      vertex 16.156827424527297 -17.592295562675517 0
      vertex 16 -17.6 3
      vertex 16.156827424527297 -17.592295562675517 3
    endloop
  endfacet
  facet normal -0.1467304744553628 0.9891765099647809 0
    outer loop
      vertex 16.312144515225807 -17.56925644864517 0
      vertex 16.156827424527297 -17.592295562675517 3
      vertex 16.312144515225807 -17.56925644864517 3
    endloop
  endfacet
  facet normal -0.24298017990328225 0.9700312531945394 0
    outer loop
      vertex 16.46445548360714 -17.531104537171533 0
      vertex 16.312144515225807 -17.56925644864517 3
      vertex 16.46445548360714 -17.531104537171533 3
    endloop
  endfacet
  facet normal -0.33688985339221134 0.9415440651830239 0
    outer loop
      vertex 16.612293491784143 -17.47820725201806 0
      vertex 16.46445548360714 -17.531104537171533 3
      vertex 16.612293491784143 -17.47820725201806 3
    endloop
  endfacet
  facet normal -0.427555093430281 0.9039892931234439 0
    outer loop
      vertex 16.754234778921596 -17.41107402295737 0
      vertex 16.612293491784143 -17.47820725201806 3
      vertex 16.754234778921596 -17.41107402295737 3
    endloop
  endfacet
  facet normal -0.5141027441932297 0.8577286100002673 1.7152323579449508e-18
    outer loop
      vertex 16.754234778921596 -17.41107402295737 3
      vertex 16.888912372831363 -17.33035137968407 3
      vertex 16.888912372831363 -17.33035137968407 0
    endloop
  endfacet
  facet normal -0.5956993044924275 0.8032075314806493 0
    outer loop
      vertex 17.015029254661833 -17.23681672538038 0
      vertex 16.888912372831363 -17.33035137968407 3
      vertex 17.015029254661833 -17.23681672538038 3
    endloop
  endfacet
  facet normal 0.049067674327415406 -0.9987954562051725 0
    outer loop
      vertex 15.843172575472703 -14.407704437324485 0
      vertex 16 -14.4 3
      vertex 15.843172575472703 -14.407704437324485 3
    endloop
  endfacet
  facet normal -0.049067674327415406 -0.9987954562051725 0
    outer loop
      vertex 16 -14.4 0
      vertex 16.156827424527297 -14.407704437324485 3
      vertex 16 -14.4 3
    endloop
  endfacet
  facet normal -0.1467304744553628 -0.9891765099647809 0
    outer loop
      vertex 16.156827424527297 -14.407704437324485 0
      vertex 16.312144515225807 -14.430743551354832 3
      vertex 16.156827424527297 -14.407704437324485 3
    endloop
  endfacet
  facet normal -0.24298017990326093 -0.9700312531945446 0
    outer loop
      vertex 16.312144515225807 -14.430743551354832 0
      vertex 16.46445548360714 -14.468895462828465 3
      vertex 16.312144515225807 -14.430743551354832 3
    endloop
  endfacet
  facet normal -0.5141027441932213 -0.8577286100002722 0
    outer loop
      vertex 16.754234778921596 -14.588925977042631 0
      vertex 16.888912372831363 -14.669648620315927 3
      vertex 16.754234778921596 -14.588925977042631 3
    endloop
  endfacet
  facet normal -0.5956993044924348 -0.8032075314806438 0
    outer loop
      vertex 16.888912372831363 -14.669648620315927 0
      vertex 17.015029254661833 -14.763183274619621 3
      vertex 16.888912372831363 -14.669648620315927 3
    endloop
  endfacet
  facet normal -0.6715589548470164 -0.7409511253549609 0
    outer loop
      vertex 17.015029254661833 -14.763183274619621 0
      vertex 17.131370849898477 -14.868629150101524 3
      vertex 17.015029254661833 -14.763183274619621 3
    endloop
  endfacet
  facet normal -0.33688985339222133 -0.9415440651830204 0
    outer loop
      vertex 16.46445548360714 -14.468895462828465 0
      vertex 16.612293491784143 -14.52179274798194 3
      vertex 16.46445548360714 -14.468895462828465 3
    endloop
  endfacet
  facet normal -0.427555093430281 -0.9039892931234439 0
    outer loop
      vertex 16.612293491784143 -14.52179274798194 0
      vertex 16.754234778921596 -14.588925977042631 3
      vertex 16.612293491784143 -14.52179274798194 3
    endloop
  endfacet
  facet normal -0.6715589548470102 0.7409511253549665 0
    outer loop
      vertex 17.131370849898477 -17.131370849898477 0
      vertex 17.015029254661833 -17.23681672538038 3
      vertex 17.131370849898477 -17.131370849898477 3
    endloop
  endfacet
  facet normal -0.7409511253549665 0.6715589548470102 0
    outer loop
      vertex 17.23681672538038 -17.015029254661833 0
      vertex 17.131370849898477 -17.131370849898477 3
      vertex 17.23681672538038 -17.015029254661833 3
    endloop
  endfacet
  facet normal -0.8032075314806493 0.5956993044924275 0
    outer loop
      vertex 17.33035137968407 -16.888912372831363 0
      vertex 17.23681672538038 -17.015029254661833 3
      vertex 17.33035137968407 -16.888912372831363 3
    endloop
  endfacet
  facet normal -0.8577286100002673 0.5141027441932297 0
    outer loop
      vertex 17.41107402295737 -16.754234778921596 0
      vertex 17.33035137968407 -16.888912372831363 3
      vertex 17.41107402295737 -16.754234778921596 3
    endloop
  endfacet
  facet normal -0.9039892931234439 0.427555093430281 0
    outer loop
      vertex 17.47820725201806 -16.612293491784143 0
      vertex 17.41107402295737 -16.754234778921596 3
      vertex 17.47820725201806 -16.612293491784143 3
    endloop
  endfacet
  facet normal -0.9415440651830239 0.33688985339221134 0
    outer loop
      vertex 17.531104537171533 -16.46445548360714 0
      vertex 17.47820725201806 -16.612293491784143 3
      vertex 17.531104537171533 -16.46445548360714 3
    endloop
  endfacet
  facet normal -0.9700312531945394 0.24298017990328225 0
    outer loop
      vertex 17.56925644864517 -16.312144515225807 0
      vertex 17.531104537171533 -16.46445548360714 3
      vertex 17.56925644864517 -16.312144515225807 3
    endloop
  endfacet
  facet normal -0.9891765099647809 0.1467304744553628 0
    outer loop
      vertex 17.592295562675517 -16.156827424527297 0
      vertex 17.56925644864517 -16.312144515225807 3
      vertex 17.592295562675517 -16.156827424527297 3
    endloop
  endfacet
  facet normal -0.9987954562051725 0.049067674327415406 0
    outer loop
      vertex 17.6 -16 0
      vertex 17.592295562675517 -16.156827424527297 3
      vertex 17.6 -16 3
    endloop
  endfacet
  facet normal -0.9700312531945401 -0.24298017990327958 0
    outer loop
      vertex 17.531104537171533 -15.53554451639286 0
      vertex 17.56925644864517 -15.687855484774195 3
      vertex 17.531104537171533 -15.53554451639286 3
    endloop
  endfacet
  facet normal -0.9987954562051725 -0.049067674327415406 0
    outer loop
      vertex 17.592295562675517 -15.843172575472703 0
      vertex 17.6 -16 3
      vertex 17.592295562675517 -15.843172575472703 3
    endloop
  endfacet
  facet normal -0.9891765099647807 -0.14673047445536444 0
    outer loop
      vertex 17.56925644864517 -15.687855484774195 0
      vertex 17.592295562675517 -15.843172575472703 3
      vertex 17.56925644864517 -15.687855484774195 3
    endloop
  endfacet
  facet normal -0.8577286100002673 -0.5141027441932297 0
    outer loop
      vertex 17.33035137968407 -15.111087627168637 0
      vertex 17.41107402295737 -15.245765221078404 3
      vertex 17.33035137968407 -15.111087627168637 3
    endloop
  endfacet
  facet normal -0.7409511253549614 -0.6715589548470159 0
    outer loop
      vertex 17.131370849898477 -14.868629150101524 0
      vertex 17.23681672538038 -14.984970745338167 3
      vertex 17.131370849898477 -14.868629150101524 3
    endloop
  endfacet
  facet normal -0.8032075314806493 -0.5956993044924275 0
    outer loop
      vertex 17.23681672538038 -14.984970745338167 0
      vertex 17.33035137968407 -15.111087627168637 3
      vertex 17.23681672538038 -14.984970745338167 3
    endloop
  endfacet
  facet normal -0.9039892931234439 -0.427555093430281 0
    outer loop
      vertex 17.41107402295737 -15.245765221078404 0
      vertex 17.47820725201806 -15.387706508215857 3
      vertex 17.41107402295737 -15.245765221078404 3
    endloop
  endfacet
  facet normal -0.9415440651830239 -0.33688985339221134 0
    outer loop
      vertex 17.47820725201806 -15.387706508215857 0
      vertex 17.531104537171533 -15.53554451639286 3
      vertex 17.47820725201806 -15.387706508215857 3
    endloop
  endfacet
  facet normal 0.9891765099647807 0.14673047445536444 4.176984358778953e-19
    outer loop
      vertex 14.430743551354832 15.687855484774195 0
      vertex 14.407704437324485 15.843172575472703 0
      vertex 14.407704437324485 15.843172575472703 3
    endloop
  endfacet
  facet normal 0.9987954562051725 0.049067674327415406 -6.804830216254949e-20
    outer loop
      vertex 14.407704437324485 15.843172575472703 0
      vertex 14.4 16 0
      vertex 14.4 16 3
    endloop
  endfacet
  facet normal 0.9987954562051725 -0.049067674327415406 6.804830216254949e-20
    outer loop
      vertex 14.4 16 0
      vertex 14.407704437324485 16.156827424527297 0
      vertex 14.407704437324485 16.156827424527297 3
    endloop
  endfacet
  facet normal 0.9891765099647809 -0.1467304744553628 -7.869789083430044e-20
    outer loop
      vertex 14.407704437324485 16.156827424527297 0
      vertex 14.430743551354832 16.312144515225807 0
      vertex 14.430743551354832 16.312144515225807 3
    endloop
  endfacet
  facet normal 0.9039892931234439 0.427555093430281 9.566290465545382e-19
    outer loop
      vertex 14.588925977042631 15.245765221078404 0
      vertex 14.52179274798194 15.387706508215857 0
      vertex 14.52179274798194 15.387706508215857 3
    endloop
  endfacet
  facet normal 0.8577286100002722 0.5141027441932213 1.635473385868045e-18
    outer loop
      vertex 14.669648620315927 15.111087627168637 0
      vertex 14.588925977042631 15.245765221078404 0
      vertex 14.588925977042631 15.245765221078404 3
    endloop
  endfacet
  facet normal 0.8032075314806438 0.5956993044924348 -7.634633811799585e-19
    outer loop
      vertex 14.763183274619621 14.984970745338167 0
      vertex 14.669648620315927 15.111087627168637 0
      vertex 14.669648620315927 15.111087627168637 3
    endloop
  endfacet
  facet normal 0.7409511253549558 0.6715589548470221 1.512505396304521e-20
    outer loop
      vertex 14.868629150101524 14.868629150101524 0
      vertex 14.763183274619621 14.984970745338167 0
      vertex 14.763183274619621 14.984970745338167 3
    endloop
  endfacet
  facet normal 0.6715589548470221 0.7409511253549558 0
    outer loop
      vertex 14.868629150101524 14.868629150101524 0
      vertex 14.868629150101524 14.868629150101524 3
      vertex 14.984970745338167 14.763183274619621 0
    endloop
  endfacet
  facet normal 0.5956993044924348 0.8032075314806438 0
    outer loop
      vertex 14.984970745338167 14.763183274619621 0
      vertex 14.984970745338167 14.763183274619621 3
      vertex 15.111087627168637 14.669648620315927 0
    endloop
  endfacet
  facet normal 0.427555093430281 0.9039892931234439 0
    outer loop
      vertex 15.245765221078404 14.588925977042631 0
      vertex 15.245765221078404 14.588925977042631 3
      vertex 15.387706508215857 14.52179274798194 0
    endloop
  endfacet
  facet normal 0.33688985339222133 0.9415440651830204 0
    outer loop
      vertex 15.387706508215857 14.52179274798194 0
      vertex 15.387706508215857 14.52179274798194 3
      vertex 15.53554451639286 14.468895462828465 0
    endloop
  endfacet
  facet normal 0.2429801799032583 0.9700312531945454 0
    outer loop
      vertex 15.53554451639286 14.468895462828465 0
      vertex 15.53554451639286 14.468895462828465 3
      vertex 15.687855484774195 14.430743551354832 0
    endloop
  endfacet
  facet normal 0.14673047445536444 0.9891765099647807 0
    outer loop
      vertex 15.687855484774195 14.430743551354832 0
      vertex 15.687855484774195 14.430743551354832 3
      vertex 15.843172575472703 14.407704437324485 0
    endloop
  endfacet
  facet normal 0.5141027441932213 0.8577286100002722 0
    outer loop
      vertex 15.111087627168637 14.669648620315927 3
      vertex 15.245765221078404 14.588925977042631 0
      vertex 15.111087627168637 14.669648620315927 0
    endloop
  endfacet
  facet normal 0.9415440651830204 0.33688985339222133 1.102579453093305e-18
    outer loop
      vertex 14.52179274798194 15.387706508215857 0
      vertex 14.468895462828465 15.53554451639286 0
      vertex 14.468895462828465 15.53554451639286 3
    endloop
  endfacet
  facet normal 0.9700312531945454 0.2429801799032583 -6.265666322709446e-19
    outer loop
      vertex 14.468895462828465 15.53554451639286 0
      vertex 14.430743551354832 15.687855484774195 0
      vertex 14.430743551354832 15.687855484774195 3
    endloop
  endfacet
  facet normal 0.9700312531945446 -0.24298017990326093 3.7777478319744283e-19
    outer loop
      vertex 14.430743551354832 16.312144515225807 0
      vertex 14.468895462828465 16.46445548360714 0
      vertex 14.468895462828465 16.46445548360714 3
    endloop
  endfacet
  facet normal 0.9415440651830204 -0.33688985339222133 -1.102579453093305e-18
    outer loop
      vertex 14.468895462828465 16.46445548360714 0
      vertex 14.52179274798194 16.612293491784143 0
      vertex 14.52179274798194 16.612293491784143 3
    endloop
  endfacet
  facet normal 0.9039892931234439 -0.427555093430281 -9.566290465545382e-19
    outer loop
      vertex 14.52179274798194 16.612293491784143 0
      vertex 14.588925977042631 16.754234778921596 0
      vertex 14.588925977042631 16.754234778921596 3
    endloop
  endfacet
  facet normal 0.8577286100002722 -0.5141027441932213 -1.635473385868045e-18
    outer loop
      vertex 14.588925977042631 16.754234778921596 0
      vertex 14.669648620315927 16.888912372831363 0
      vertex 14.669648620315927 16.888912372831363 3
    endloop
  endfacet
  facet normal 0.8032075314806438 -0.5956993044924348 7.634633811799585e-19
    outer loop
      vertex 14.669648620315927 16.888912372831363 0
      vertex 14.763183274619621 17.015029254661833 0
      vertex 14.763183274619621 17.015029254661833 3
    endloop
  endfacet
  facet normal 0.7409511253549609 -0.6715589548470164 -1.0138624668012718e-19
    outer loop
      vertex 14.763183274619621 17.015029254661833 0
      vertex 14.868629150101524 17.131370849898477 0
      vertex 14.868629150101524 17.131370849898477 3
    endloop
  endfacet
  facet normal 0.6715589548470159 -0.7409511253549614 0
    outer loop
      vertex 14.984970745338167 17.23681672538038 0
      vertex 14.984970745338167 17.23681672538038 3
      vertex 14.868629150101524 17.131370849898477 0
    endloop
  endfacet
  facet normal 0.5956993044924275 -0.8032075314806493 0
    outer loop
      vertex 15.111087627168637 17.33035137968407 0
      vertex 15.111087627168637 17.33035137968407 3
      vertex 14.984970745338167 17.23681672538038 0
    endloop
  endfacet
  facet normal 0.5141027441932297 -0.8577286100002673 0
    outer loop
      vertex 15.245765221078404 17.41107402295737 0
      vertex 15.245765221078404 17.41107402295737 3
      vertex 15.111087627168637 17.33035137968407 0
    endloop
  endfacet
  facet normal 0.427555093430281 -0.9039892931234439 0
    outer loop
      vertex 15.387706508215857 17.47820725201806 0
      vertex 15.387706508215857 17.47820725201806 3
      vertex 15.245765221078404 17.41107402295737 0
    endloop
  endfacet
  facet normal 0.33688985339221134 -0.9415440651830239 0
    outer loop
      vertex 15.53554451639286 17.531104537171533 3
      vertex 15.387706508215857 17.47820725201806 0
      vertex 15.53554451639286 17.531104537171533 0
    endloop
  endfacet
  facet normal 0.24298017990327958 -0.9700312531945401 0
    outer loop
      vertex 15.687855484774195 17.56925644864517 0
      vertex 15.687855484774195 17.56925644864517 3
      vertex 15.53554451639286 17.531104537171533 0
    endloop
  endfacet
  facet normal 0.9891765099647807 0.14673047445536444 0
    outer loop
      vertex 14.430743551354832 15.687855484774195 0
      vertex 14.407704437324485 15.843172575472703 3
      vertex 14.430743551354832 15.687855484774195 3
    endloop
  endfacet
  facet normal 0.9987954562051725 0.049067674327415406 -6.804830216254949e-20
    outer loop
      vertex 14.4 16 3
      vertex 14.407704437324485 15.843172575472703 3
      vertex 14.407704437324485 15.843172575472703 0
    endloop
  endfacet
  facet normal 0.9987954562051725 -0.049067674327415406 0
    outer loop
      vertex 14.4 16 0
      vertex 14.407704437324485 16.156827424527297 3
      vertex 14.4 16 3
    endloop
  endfacet
  facet normal 0.9891765099647809 -0.1467304744553628 0
    outer loop
      vertex 14.407704437324485 16.156827424527297 0
      vertex 14.430743551354832 16.312144515225807 3
      vertex 14.407704437324485 16.156827424527297 3
    endloop
  endfacet
  facet normal 0.8032075314806438 0.5956993044924348 0
    outer loop
      vertex 14.763183274619621 14.984970745338167 0
      vertex 14.669648620315927 15.111087627168637 3
      vertex 14.763183274619621 14.984970745338167 3
    endloop
  endfacet
  facet normal 0.9415440651830204 0.33688985339222133 0
    outer loop
      vertex 14.52179274798194 15.387706508215857 0
      vertex 14.468895462828465 15.53554451639286 3
      vertex 14.52179274798194 15.387706508215857 3
    endloop
  endfacet
  facet normal 0.9039892931234439 0.427555093430281 9.566290465545382e-19
    outer loop
      vertex 14.52179274798194 15.387706508215857 3
      vertex 14.588925977042631 15.245765221078404 3
      vertex 14.588925977042631 15.245765221078404 0
    endloop
  endfacet
  facet normal 0.8577286100002722 0.5141027441932213 1.635473385868045e-18
    outer loop
      vertex 14.588925977042631 15.245765221078404 3
      vertex 14.669648620315927 15.111087627168637 3
      vertex 14.669648620315927 15.111087627168637 0
    endloop
  endfacet
  facet normal 0.7409511253549558 0.6715589548470221 1.512505396304521e-20
    outer loop
      vertex 14.763183274619621 14.984970745338167 3
      vertex 14.868629150101524 14.868629150101524 3
      vertex 14.868629150101524 14.868629150101524 0
    endloop
  endfacet
  facet normal 0.6715589548470221 0.7409511253549558 0
    outer loop
      vertex 14.984970745338167 14.763183274619621 0
      vertex 14.868629150101524 14.868629150101524 3
      vertex 14.984970745338167 14.763183274619621 3
    endloop
  endfacet
  facet normal 0.5956993044924348 0.8032075314806438 0
    outer loop
      vertex 15.111087627168637 14.669648620315927 0
      vertex 14.984970745338167 14.763183274619621 3
      vertex 15.111087627168637 14.669648620315927 3
    endloop
  endfacet
  facet normal 0.427555093430281 0.9039892931234439 0
    outer loop
      vertex 15.387706508215857 14.52179274798194 0
      vertex 15.245765221078404 14.588925977042631 3
      vertex 15.387706508215857 14.52179274798194 3
    endloop
  endfacet
  facet normal 0.33688985339222133 0.9415440651830204 0
    outer loop
      vertex 15.53554451639286 14.468895462828465 0
      vertex 15.387706508215857 14.52179274798194 3
      vertex 15.53554451639286 14.468895462828465 3
    endloop
  endfacet
  facet normal 0.2429801799032583 0.9700312531945454 0
    outer loop
      vertex 15.687855484774195 14.430743551354832 0
      vertex 15.53554451639286 14.468895462828465 3
      vertex 15.687855484774195 14.430743551354832 3
    endloop
  endfacet
  facet normal 0.5141027441932213 0.8577286100002722 0
    outer loop
      vertex 15.245765221078404 14.588925977042631 0
      vertex 15.111087627168637 14.669648620315927 3
      vertex 15.245765221078404 14.588925977042631 3
    endloop
  endfacet
  facet normal 0.9700312531945454 0.2429801799032583 -6.265666322709446e-19
    outer loop
      vertex 14.430743551354832 15.687855484774195 3
      vertex 14.468895462828465 15.53554451639286 3
      vertex 14.468895462828465 15.53554451639286 0
    endloop
  endfacet
  facet normal 0.9700312531945446 -0.24298017990326093 0
    outer loop
      vertex 14.430743551354832 16.312144515225807 0
      vertex 14.468895462828465 16.46445548360714 3
      vertex 14.430743551354832 16.312144515225807 3
    endloop
  endfacet
  facet normal 0.9415440651830204 -0.33688985339222133 0
    outer loop
      vertex 14.468895462828465 16.46445548360714 0
      vertex 14.52179274798194 16.612293491784143 3
      vertex 14.468895462828465 16.46445548360714 3
    endloop
  endfacet
  facet normal 0.9039892931234439 -0.427555093430281 0
    outer loop
      vertex 14.52179274798194 16.612293491784143 0
      vertex 14.588925977042631 16.754234778921596 3
      vertex 14.52179274798194 16.612293491784143 3
    endloop
  endfacet
  facet normal 0.8577286100002722 -0.5141027441932213 0
    outer loop
      vertex 14.588925977042631 16.754234778921596 0
      vertex 14.669648620315927 16.888912372831363 3
      vertex 14.588925977042631 16.754234778921596 3
    endloop
  endfacet
  facet normal 0.8032075314806438 -0.5956993044924348 7.634633811799585e-19
    outer loop
      vertex 14.763183274619621 17.015029254661833 3
      vertex 14.669648620315927 16.888912372831363 3
      vertex 14.669648620315927 16.888912372831363 0
    endloop
  endfacet
  facet normal 0.7409511253549609 -0.6715589548470164 0
    outer loop
      vertex 14.763183274619621 17.015029254661833 0
      vertex 14.868629150101524 17.131370849898477 3
      vertex 14.763183274619621 17.015029254661833 3
    endloop
  endfacet
  facet normal 0.6715589548470159 -0.7409511253549614 0
    outer loop
      vertex 14.868629150101524 17.131370849898477 0
      vertex 14.984970745338167 17.23681672538038 3
      vertex 14.868629150101524 17.131370849898477 3
    endloop
  endfacet
  facet normal 0.5956993044924275 -0.8032075314806493 0
    outer loop
      vertex 14.984970745338167 17.23681672538038 0
      vertex 15.111087627168637 17.33035137968407 3
      vertex 14.984970745338167 17.23681672538038 3
    endloop
  endfacet
  facet normal 0.5141027441932297 -0.8577286100002673 1.7152323579449508e-18
    outer loop
      vertex 15.245765221078404 17.41107402295737 3
      vertex 15.111087627168637 17.33035137968407 3
      vertex 15.111087627168637 17.33035137968407 0
    endloop
  endfacet
  facet normal 0.427555093430281 -0.9039892931234439 0
    outer loop
      vertex 15.245765221078404 17.41107402295737 0
      vertex 15.387706508215857 17.47820725201806 3
      vertex 15.245765221078404 17.41107402295737 3
    endloop
  endfacet
  facet normal 0.33688985339221134 -0.9415440651830239 0
    outer loop
      vertex 15.387706508215857 17.47820725201806 0
      vertex 15.53554451639286 17.531104537171533 3
      vertex 15.387706508215857 17.47820725201806 3
    endloop
  endfacet
  facet normal 0.24298017990327958 -0.9700312531945401 0
    outer loop
      vertex 15.53554451639286 17.531104537171533 0
      vertex 15.687855484774195 17.56925644864517 3
      vertex 15.53554451639286 17.531104537171533 3
    endloop
  endfacet
  facet normal 0.14673047445536444 -0.9891765099647807 -4.176984358778953e-19
    outer loop
      vertex 15.843172575472703 17.592295562675517 3
      vertex 15.687855484774195 17.56925644864517 3
      vertex 15.687855484774195 17.56925644864517 0
    endloop
  endfacet
  facet normal 0.049067674327415406 0.9987954562051725 0
    outer loop
      vertex 15.843172575472703 14.407704437324485 0
      vertex 15.843172575472703 14.407704437324485 3
      vertex 16 14.4 0
    endloop
  endfacet
  facet normal -0.049067674327415406 0.9987954562051725 0
    outer loop
      vertex 16 14.4 0
      vertex 16 14.4 3
      vertex 16.156827424527297 14.407704437324485 0
    endloop
  endfacet
  facet normal -0.1467304744553628 0.9891765099647809 0
    outer loop
      vertex 16.156827424527297 14.407704437324485 0
      vertex 16.156827424527297 14.407704437324485 3
      vertex 16.312144515225807 14.430743551354832 0
    endloop
  endfacet
  facet normal -0.24298017990326093 0.9700312531945446 0
    outer loop
      vertex 16.312144515225807 14.430743551354832 0
      vertex 16.312144515225807 14.430743551354832 3
      vertex 16.46445548360714 14.468895462828465 0
    endloop
  endfacet
  facet normal -0.33688985339222133 0.9415440651830204 0
    outer loop
      vertex 16.46445548360714 14.468895462828465 0
      vertex 16.46445548360714 14.468895462828465 3
      vertex 16.612293491784143 14.52179274798194 0
    endloop
  endfacet
  facet normal -0.427555093430281 0.9039892931234439 0
    outer loop
      vertex 16.612293491784143 14.52179274798194 0
      vertex 16.612293491784143 14.52179274798194 3
      vertex 16.754234778921596 14.588925977042631 0
    endloop
  endfacet
  facet normal -0.5141027441932213 0.8577286100002722 0
    outer loop
      vertex 16.754234778921596 14.588925977042631 0
      vertex 16.754234778921596 14.588925977042631 3
      vertex 16.888912372831363 14.669648620315927 0
    endloop
  endfacet
  facet normal -0.5956993044924348 0.8032075314806438 0
    outer loop
      vertex 16.888912372831363 14.669648620315927 0
      vertex 16.888912372831363 14.669648620315927 3
      vertex 17.015029254661833 14.763183274619621 0
    endloop
  endfacet
  facet normal -0.6715589548470164 0.7409511253549609 0
    outer loop
      vertex 17.015029254661833 14.763183274619621 0
      vertex 17.015029254661833 14.763183274619621 3
      vertex 17.131370849898477 14.868629150101524 0
    endloop
  endfacet
  facet normal -0.7409511253549614 0.6715589548470159 0
    outer loop
      vertex 17.131370849898477 14.868629150101524 0
      vertex 17.131370849898477 14.868629150101524 3
      vertex 17.23681672538038 14.984970745338167 0
    endloop
  endfacet
  facet normal -0.8032075314806493 0.5956993044924275 2.3431069011677003e-19
    outer loop
      vertex 17.33035137968407 15.111087627168637 0
      vertex 17.23681672538038 14.984970745338167 0
      vertex 17.23681672538038 14.984970745338167 3
    endloop
  endfacet
  facet normal -0.8577286100002673 0.5141027441932297 1.7152323579449508e-18
    outer loop
      vertex 17.41107402295737 15.245765221078404 0
      vertex 17.33035137968407 15.111087627168637 0
      vertex 17.33035137968407 15.111087627168637 3
    endloop
  endfacet
  facet normal -0.9039892931234439 0.427555093430281 -9.566290465545382e-19
    outer loop
      vertex 17.47820725201806 15.387706508215857 0
      vertex 17.41107402295737 15.245765221078404 0
      vertex 17.41107402295737 15.245765221078404 3
    endloop
  endfacet
  facet normal -0.9415440651830239 0.33688985339221134 1.1581405086319224e-18
    outer loop
      vertex 17.531104537171533 15.53554451639286 0
      vertex 17.47820725201806 15.387706508215857 0
      vertex 17.47820725201806 15.387706508215857 3
    endloop
  endfacet
  facet normal -0.9700312531945401 0.24298017990327958 3.7932369466044476e-19
    outer loop
      vertex 17.56925644864517 15.687855484774195 0
      vertex 17.531104537171533 15.53554451639286 0
      vertex 17.531104537171533 15.53554451639286 3
    endloop
  endfacet
  facet normal -0.9891765099647807 0.14673047445536444 -4.176984358778953e-19
    outer loop
      vertex 17.592295562675517 15.843172575472703 0
      vertex 17.56925644864517 15.687855484774195 0
      vertex 17.56925644864517 15.687855484774195 3
    endloop
  endfacet
  facet normal -0.9987954562051725 0.049067674327415406 6.804830216254949e-20
    outer loop
      vertex 17.6 16 0
      vertex 17.592295562675517 15.843172575472703 0
      vertex 17.592295562675517 15.843172575472703 3
    endloop
  endfacet
  facet normal -0.9987954562051725 -0.049067674327415406 -6.804830216254949e-20
    outer loop
      vertex 17.592295562675517 16.156827424527297 0
      vertex 17.6 16 0
      vertex 17.6 16 3
    endloop
  endfacet
  facet normal -0.9891765099647809 -0.1467304744553628 7.869789083430044e-20
    outer loop
      vertex 17.56925644864517 16.312144515225807 0
      vertex 17.592295562675517 16.156827424527297 0
      vertex 17.592295562675517 16.156827424527297 3
    endloop
  endfacet
  facet normal -0.6715589548470102 -0.7409511253549665 0
    outer loop
      vertex 17.131370849898477 17.131370849898477 0
      vertex 17.131370849898477 17.131370849898477 3
      vertex 17.015029254661833 17.23681672538038 0
    endloop
  endfacet
  facet normal -0.7409511253549665 -0.6715589548470102 5.941044824507186e-19
    outer loop
      vertex 17.131370849898477 17.131370849898477 0
      vertex 17.23681672538038 17.015029254661833 0
      vertex 17.23681672538038 17.015029254661833 3
    endloop
  endfacet
  facet normal -0.8032075314806493 -0.5956993044924275 -2.3431069011677003e-19
    outer loop
      vertex 17.23681672538038 17.015029254661833 0
      vertex 17.33035137968407 16.888912372831363 0
      vertex 17.33035137968407 16.888912372831363 3
    endloop
  endfacet
  facet normal -0.8577286100002673 -0.5141027441932297 -1.7152323579449508e-18
    outer loop
      vertex 17.33035137968407 16.888912372831363 0
      vertex 17.41107402295737 16.754234778921596 0
      vertex 17.41107402295737 16.754234778921596 3
    endloop
  endfacet
  facet normal -0.9415440651830239 -0.33688985339221134 -1.1581405086319224e-18
    outer loop
      vertex 17.47820725201806 16.612293491784143 0
      vertex 17.531104537171533 16.46445548360714 0
      vertex 17.531104537171533 16.46445548360714 3
    endloop
  endfacet
  facet normal -0.9039892931234439 -0.427555093430281 9.566290465545382e-19
    outer loop
      vertex 17.41107402295737 16.754234778921596 0
      vertex 17.47820725201806 16.612293491784143 0
      vertex 17.47820725201806 16.612293491784143 3
    endloop
  endfacet
  facet normal -0.9700312531945394 -0.24298017990328225 -1.3053184557354412e-19
    outer loop
      vertex 17.531104537171533 16.46445548360714 0
      vertex 17.56925644864517 16.312144515225807 0
      vertex 17.56925644864517 16.312144515225807 3
    endloop
  endfacet
  facet normal 0.14673047445536444 -0.9891765099647807 0
    outer loop
      vertex 15.843172575472703 17.592295562675517 0
      vertex 15.843172575472703 17.592295562675517 3
      vertex 15.687855484774195 17.56925644864517 0
    endloop
  endfacet
  facet normal 0.049067674327415406 -0.9987954562051725 0
    outer loop
      vertex 16 17.6 0
      vertex 16 17.6 3
      vertex 15.843172575472703 17.592295562675517 0
    endloop
  endfacet
  facet normal -0.049067674327415406 -0.9987954562051725 0
    outer loop
      vertex 16.156827424527297 17.592295562675517 0
      vertex 16.156827424527297 17.592295562675517 3
      vertex 16 17.6 0
    endloop
  endfacet
  facet normal -0.1467304744553628 -0.9891765099647809 0
    outer loop
      vertex 16.312144515225807 17.56925644864517 0
      vertex 16.312144515225807 17.56925644864517 3
      vertex 16.156827424527297 17.592295562675517 0
    endloop
  endfacet
  facet normal -0.24298017990328225 -0.9700312531945394 0
    outer loop
      vertex 16.46445548360714 17.531104537171533 0
      vertex 16.46445548360714 17.531104537171533 3
      vertex 16.312144515225807 17.56925644864517 0
    endloop
  endfacet
  facet normal -0.33688985339221134 -0.9415440651830239 0
    outer loop
      vertex 16.612293491784143 17.47820725201806 0
      vertex 16.612293491784143 17.47820725201806 3
      vertex 16.46445548360714 17.531104537171533 0
    endloop
  endfacet
  facet normal -0.427555093430281 -0.9039892931234439 0
    outer loop
      vertex 16.754234778921596 17.41107402295737 0
      vertex 16.754234778921596 17.41107402295737 3
      vertex 16.612293491784143 17.47820725201806 0
    endloop
  endfacet
  facet normal -0.5141027441932297 -0.8577286100002673 0
    outer loop
      vertex 16.888912372831363 17.33035137968407 0
      vertex 16.888912372831363 17.33035137968407 3
      vertex 16.754234778921596 17.41107402295737 0
    endloop
  endfacet
  facet normal -0.5956993044924275 -0.8032075314806493 0
    outer loop
      vertex 17.015029254661833 17.23681672538038 0
      vertex 17.015029254661833 17.23681672538038 3
      vertex 16.888912372831363 17.33035137968407 0
    endloop
  endfacet
  facet normal 0.14673047445536444 0.9891765099647807 0
    outer loop
      vertex 15.843172575472703 14.407704437324485 0
      vertex 15.687855484774195 14.430743551354832 3
      vertex 15.843172575472703 14.407704437324485 3
    endloop
  endfacet
  facet normal 0.049067674327415406 0.9987954562051725 0
    outer loop
      vertex 16 14.4 0
      vertex 15.843172575472703 14.407704437324485 3
      vertex 16 14.4 3
    endloop
  endfacet
  facet normal -0.049067674327415406 0.9987954562051725 0
    outer loop
      vertex 16.156827424527297 14.407704437324485 0
      vertex 16 14.4 3
      vertex 16.156827424527297 14.407704437324485 3
    endloop
  endfacet
  facet normal -0.1467304744553628 0.9891765099647809 0
    outer loop
      vertex 16.312144515225807 14.430743551354832 0
      vertex 16.156827424527297 14.407704437324485 3
      vertex 16.312144515225807 14.430743551354832 3
    endloop
  endfacet
  facet normal -0.24298017990326093 0.9700312531945446 0
    outer loop
      vertex 16.46445548360714 14.468895462828465 0
      vertex 16.312144515225807 14.430743551354832 3
      vertex 16.46445548360714 14.468895462828465 3
    endloop
  endfacet
  facet normal -0.33688985339222133 0.9415440651830204 0
    outer loop
      vertex 16.612293491784143 14.52179274798194 0
      vertex 16.46445548360714 14.468895462828465 3
      vertex 16.612293491784143 14.52179274798194 3
    endloop
  endfacet
  facet normal -0.427555093430281 0.9039892931234439 0
    outer loop
      vertex 16.754234778921596 14.588925977042631 0
      vertex 16.612293491784143 14.52179274798194 3
      vertex 16.754234778921596 14.588925977042631 3
    endloop
  endfacet
  facet normal -0.5141027441932213 0.8577286100002722 0
    outer loop
      vertex 16.888912372831363 14.669648620315927 0
      vertex 16.754234778921596 14.588925977042631 3
      vertex 16.888912372831363 14.669648620315927 3
    endloop
  endfacet
  facet normal -0.5956993044924348 0.8032075314806438 0
    outer loop
      vertex 17.015029254661833 14.763183274619621 0
      vertex 16.888912372831363 14.669648620315927 3
      vertex 17.015029254661833 14.763183274619621 3
    endloop
  endfacet
  facet normal -0.6715589548470164 0.7409511253549609 0
    outer loop
      vertex 17.131370849898477 14.868629150101524 0
      vertex 17.015029254661833 14.763183274619621 3
      vertex 17.131370849898477 14.868629150101524 3
    endloop
  endfacet
  facet normal -0.7409511253549614 0.6715589548470159 0
    outer loop
      vertex 17.23681672538038 14.984970745338167 0
      vertex 17.131370849898477 14.868629150101524 3
      vertex 17.23681672538038 14.984970745338167 3
    endloop
  endfacet
  facet normal -0.8032075314806493 0.5956993044924275 0
    outer loop
      vertex 17.33035137968407 15.111087627168637 0
      vertex 17.23681672538038 14.984970745338167 3
      vertex 17.33035137968407 15.111087627168637 3
    endloop
  endfacet
  facet normal -0.8577286100002673 0.5141027441932297 0
    outer loop
      vertex 17.41107402295737 15.245765221078404 0
      vertex 17.33035137968407 15.111087627168637 3
      vertex 17.41107402295737 15.245765221078404 3
    endloop
  endfacet
  facet normal -0.9039892931234439 0.427555093430281 0
    outer loop
      vertex 17.47820725201806 15.387706508215857 0
      vertex 17.41107402295737 15.245765221078404 3
      vertex 17.47820725201806 15.387706508215857 3
    endloop
  endfacet
  facet normal -0.9415440651830239 0.33688985339221134 0
    outer loop
      vertex 17.531104537171533 15.53554451639286 0
      vertex 17.47820725201806 15.387706508215857 3
      vertex 17.531104537171533 15.53554451639286 3
    endloop
  endfacet
  facet normal -0.9700312531945401 0.24298017990327958 0
    outer loop
      vertex 17.56925644864517 15.687855484774195 0
      vertex 17.531104537171533 15.53554451639286 3
      vertex 17.56925644864517 15.687855484774195 3
    endloop
  endfacet
  facet normal -0.9891765099647807 0.14673047445536444 0
    outer loop
      vertex 17.592295562675517 15.843172575472703 0
      vertex 17.56925644864517 15.687855484774195 3
      vertex 17.592295562675517 15.843172575472703 3
    endloop
  endfacet
  facet normal -0.9987954562051725 0.049067674327415406 0
    outer loop
      vertex 17.6 16 0
      vertex 17.592295562675517 15.843172575472703 3
      vertex 17.6 16 3
    endloop
  endfacet
  facet normal -0.9987954562051725 -0.049067674327415406 0
    outer loop
      vertex 17.592295562675517 16.156827424527297 0
      vertex 17.6 16 3
      vertex 17.592295562675517 16.156827424527297 3
    endloop
  endfacet
  facet normal -0.9891765099647809 -0.1467304744553628 0
    outer loop
      vertex 17.56925644864517 16.312144515225807 0
      vertex 17.592295562675517 16.156827424527297 3
      vertex 17.56925644864517 16.312144515225807 3
    endloop
  endfacet
  facet normal -0.7409511253549665 -0.6715589548470102 0
    outer loop
      vertex 17.131370849898477 17.131370849898477 0
      vertex 17.23681672538038 17.015029254661833 3
      vertex 17.131370849898477 17.131370849898477 3
    endloop
  endfacet
  facet normal -0.8577286100002673 -0.5141027441932297 0
    outer loop
      vertex 17.33035137968407 16.888912372831363 0
      vertex 17.41107402295737 16.754234778921596 3
      vertex 17.33035137968407 16.888912372831363 3
    endloop
  endfacet
  facet normal -0.8032075314806493 -0.5956993044924275 0
    outer loop
      vertex 17.23681672538038 17.015029254661833 0
      vertex 17.33035137968407 16.888912372831363 3
      vertex 17.23681672538038 17.015029254661833 3
    endloop
  endfacet
  facet normal -0.9700312531945394 -0.24298017990328225 0
    outer loop
      vertex 17.531104537171533 16.46445548360714 0
      vertex 17.56925644864517 16.312144515225807 3
      vertex 17.531104537171533 16.46445548360714 3
    endloop
  endfacet
  facet normal -0.9039892931234439 -0.427555093430281 0
    outer loop
      vertex 17.41107402295737 16.754234778921596 0
      vertex 17.47820725201806 16.612293491784143 3
      vertex 17.41107402295737 16.754234778921596 3
    endloop
  endfacet
  facet normal -0.9415440651830239 -0.33688985339221134 0
    outer loop
      vertex 17.47820725201806 16.612293491784143 0
      vertex 17.531104537171533 16.46445548360714 3
      vertex 17.47820725201806 16.612293491784143 3
    endloop
  endfacet
  facet normal 0.049067674327415406 -0.9987954562051725 6.804830216254949e-20
    outer loop
      vertex 16 17.6 3
      vertex 15.843172575472703 17.592295562675517 3
      vertex 15.843172575472703 17.592295562675517 0
    endloop
  endfacet
  facet normal -0.049067674327415406 -0.9987954562051725 0
    outer loop
      vertex 16 17.6 0
      vertex 16.156827424527297 17.592295562675517 3
      vertex 16 17.6 3
    endloop
  endfacet
  facet normal -0.1467304744553628 -0.9891765099647809 0
    outer loop
      vertex 16.156827424527297 17.592295562675517 0
      vertex 16.312144515225807 17.56925644864517 3
      vertex 16.156827424527297 17.592295562675517 3
    endloop
  endfacet
  facet normal -0.24298017990328225 -0.9700312531945394 0
    outer loop
      vertex 16.312144515225807 17.56925644864517 0
      vertex 16.46445548360714 17.531104537171533 3
      vertex 16.312144515225807 17.56925644864517 3
    endloop
  endfacet
  facet normal -0.33688985339221134 -0.9415440651830239 0
    outer loop
      vertex 16.46445548360714 17.531104537171533 0
      vertex 16.612293491784143 17.47820725201806 3
      vertex 16.46445548360714 17.531104537171533 3
    endloop
  endfacet
  facet normal -0.427555093430281 -0.9039892931234439 0
    outer loop
      vertex 16.612293491784143 17.47820725201806 0
      vertex 16.754234778921596 17.41107402295737 3
      vertex 16.612293491784143 17.47820725201806 3
    endloop
  endfacet
  facet normal -0.5141027441932297 -0.8577286100002673 0
    outer loop
      vertex 16.754234778921596 17.41107402295737 0
      vertex 16.888912372831363 17.33035137968407 3
      vertex 16.754234778921596 17.41107402295737 3
    endloop
  endfacet
  facet normal -0.5956993044924275 -0.8032075314806493 0
    outer loop
      vertex 16.888912372831363 17.33035137968407 0
      vertex 17.015029254661833 17.23681672538038 3
      vertex 16.888912372831363 17.33035137968407 3
    endloop
  endfacet
  facet normal -0.6715589548470102 -0.7409511253549665 0
    outer loop
      vertex 17.015029254661833 17.23681672538038 0
      vertex 17.131370849898477 17.131370849898477 3
      vertex 17.015029254661833 17.23681672538038 3
    endloop
  endfacet
  facet normal 0 0 1
    outer loop
      vertex 10.421136191556446 8.785400645782259 3
      vertex 10.421136191556446 9.214599354217741 3
      vertex 10.405296800660583 8.892181145637483 3
    endloop
  endfacet
  facet normal 0 0 1
    outer loop
      vertex 10.405296800660583 8.892181145637483 3
      vertex 10.405296800660583 9.107818854362517 3
      vertex 10.4 9 3
    endloop
  endfacet
  facet normal 0 0 1
    outer loop
      vertex 10.44736563069457 8.680686855020092 3
      vertex 10.483732514237584 8.5790482243984 3
      vertex 10.483732514237584 9.4209517756016 3
    endloop
  endfacet
  facet normal 0 0 1
    outer loop
      vertex 10.44736563069457 8.680686855020092 3
      vertex 10.44736563069457 9.319313144979908 3
      vertex 10.421136191556446 8.785400645782259 3
    endloop
  endfacet
  facet normal 0 0 1
    outer loop
      vertex 10.405296800660583 8.892181145637483 3
      vertex 10.421136191556446 9.214599354217741 3
      vertex 10.405296800660583 9.107818854362517 3
    endloop
  endfacet
  facet normal 0 0 1
    outer loop
      vertex 10.421136191556446 8.785400645782259 3
      vertex 10.44736563069457 9.319313144979908 3
      vertex 10.421136191556446 9.214599354217741 3
    endloop
  endfacet
  facet normal 0 0 1
    outer loop
      vertex 10.44736563069457 8.680686855020092 3
      vertex 10.483732514237584 9.4209517756016 3
      vertex 10.44736563069457 9.319313144979908 3
    endloop
  endfacet
  facet normal 0 0 1
    outer loop
      vertex 10.483732514237584 8.5790482243984 3
      vertex 10.52988660921681 9.518536410508597 3
      vertex 10.483732514237584 9.4209517756016 3
    endloop
  endfacet
  facet normal 0 0 1
    outer loop
      vertex 10.5853834264672 8.388872743678437 3
      vertex 10.64968850130099 8.30216738741999 3
      vertex 10.64968850130099 9.69783261258001 3
    endloop
  endfacet
  facet normal 0 0 1
    outer loop
      vertex 10.483732514237584 8.5790482243984 3
      vertex 10.52988660921681 8.481463589491403 3
      vertex 10.52988660921681 9.518536410508597 3
    endloop
  endfacet
  facet normal 0 0 1
    outer loop
      vertex 10.5853834264672 8.388872743678437 3
      vertex 10.5853834264672 9.611127256321563 3
      vertex 10.52988660921681 8.481463589491403 3
    endloop
  endfacet
  facet normal 0 0 1
    outer loop
      vertex 10.722182540694797 8.222182540694797 3
      vertex 10.722182540694797 9.777817459305203 3
      vertex 10.64968850130099 8.30216738741999 3
    endloop
  endfacet
  facet normal 0 0 1
    outer loop
      vertex 10.722182540694797 8.222182540694797 3
      vertex 10.80216738741999 8.14968850130099 3
      vertex 10.80216738741999 9.85031149869901 3
    endloop
  endfacet
  facet normal 0 0 1
    outer loop
      vertex 10.52988660921681 8.481463589491403 3
      vertex 10.5853834264672 9.611127256321563 3
      vertex 10.52988660921681 9.518536410508597 3
    endloop
  endfacet
  facet normal 0 0 1
    outer loop
      vertex 10.5853834264672 8.388872743678437 3
      vertex 10.64968850130099 9.69783261258001 3
      vertex 10.5853834264672 9.611127256321563 3
    endloop
  endfacet
  facet normal 0 0 1
    outer loop
      vertex 10.64968850130099 8.30216738741999 3
      vertex 10.722182540694797 9.777817459305203 3
      vertex 10.64968850130099 9.69783261258001 3
    endloop
  endfacet
  facet normal 0 0 1
    outer loop
      vertex 10.722182540694797 8.222182540694797 3
      vertex 10.80216738741999 9.85031149869901 3
      vertex 10.722182540694797 9.777817459305203 3
    endloop
  endfacet
  facet normal 0 0 1
    outer loop
      vertex 10.80216738741999 8.14968850130099 3
      vertex 10.888872743678437 8.0853834264672 3
      vertex 10.888872743678437 9.9146165735328 3
    endloop
  endfacet
  facet normal 0 0 1
    outer loop
      vertex 10.888872743678437 8.0853834264672 3
      vertex 10.981463589491403 8.02988660921681 3
      vertex 10.981463589491403 9.97011339078319 3
    endloop
  endfacet
  facet normal 0 0 1
    outer loop
      vertex 10.981463589491403 8.02988660921681 3
      vertex 11.0790482243984 7.983732514237585 3
      vertex 11.0790482243984 10.016267485762416 3
    endloop
  endfacet
  facet normal 0 0 1
    outer loop
      vertex 11.0790482243984 7.983732514237585 3
      vertex 11.180686855020092 7.94736563069457 3
      vertex 11.180686855020092 10.05263436930543 3
    endloop
  endfacet
  facet normal 0 0 1
    outer loop
      vertex 10.80216738741999 8.14968850130099 3
      vertex 10.888872743678437 9.9146165735328 3
      vertex 10.80216738741999 9.85031149869901 3
    endloop
  endfacet
  facet normal 0 0 1
    outer loop
      vertex 10.888872743678437 8.0853834264672 3
      vertex 10.981463589491403 9.97011339078319 3
      vertex 10.888872743678437 9.9146165735328 3
    endloop
  endfacet
  facet normal 0 0 1
    outer loop
      vertex 10.981463589491403 8.02988660921681 3
      vertex 11.0790482243984 10.016267485762416 3
      vertex 10.981463589491403 9.97011339078319 3
    endloop
  endfacet
  facet normal 0 0 1
    outer loop
      vertex 11.0790482243984 7.983732514237585 3
      vertex 11.180686855020092 10.05263436930543 3
      vertex 11.0790482243984 10.016267485762416 3
    endloop
  endfacet
  facet normal 0 0 1
    outer loop
      vertex 11.180686855020092 7.94736563069457 3
      vertex 11.285400645782259 7.921136191556446 3
      vertex 11.285400645782259 10.078863808443554 3
    endloop
  endfacet
  facet normal 0 0 1
    outer loop
      vertex 11.285400645782259 7.921136191556446 3
      vertex 11.392181145637483 7.905296800660583 3
      vertex 11.392181145637483 10.094703199339417 3
    endloop
  endfacet
  facet normal 0 0 1
    outer loop
      vertex 11.392181145637483 7.905296800660583 3
      vertex 11.5 7.9 3
      vertex 11.5 10.1 3
    endloop
  endfacet
  facet normal 0 0 1
    outer loop
      vertex 11.180686855020092 7.94736563069457 3
      vertex 11.285400645782259 10.078863808443554 3
      vertex 11.180686855020092 10.05263436930543 3
    endloop
  endfacet
  facet normal 0 0 1
    outer loop
      vertex 11.285400645782259 7.921136191556446 3
      vertex 11.392181145637483 10.094703199339417 3
      vertex 11.285400645782259 10.078863808443554 3
    endloop
  endfacet
  facet normal 0 0 1
    outer loop
      vertex 11.392181145637483 7.905296800660583 3
      vertex 11.5 10.1 3
      vertex 11.392181145637483 10.094703199339417 3
    endloop
  endfacet
  facet normal 0 0 1
    outer loop
      vertex 11.5 7.9 3
      vertex 11.607818854362517 7.905296800660583 3
      vertex 11.607818854362517 10.094703199339417 3
    endloop
  endfacet
  facet normal 0 0 1
    outer loop
      vertex 11.607818854362517 7.905296800660583 3
      vertex 11.714599354217741 7.921136191556446 3
      vertex 11.714599354217741 10.078863808443554 3
    endloop
  endfacet
  facet normal 0 0 1
    outer loop
      vertex 11.714599354217741 7.921136191556446 3
      vertex 11.819313144979908 7.94736563069457 3
      vertex 11.819313144979908 10.05263436930543 3
    endloop
  endfacet
  facet normal 0 0 1
    outer loop
      vertex 11.5 7.9 3
      vertex 11.607818854362517 10.094703199339417 3
      vertex 11.5 10.1 3
    endloop
  endfacet
  facet normal 0 0 1
    outer loop
      vertex 11.607818854362517 7.905296800660583 3
      vertex 11.714599354217741 10.078863808443554 3
      vertex 11.607818854362517 10.094703199339417 3
    endloop
  endfacet
  facet normal 0 0 1
    outer loop
      vertex 11.714599354217741 7.921136191556446 3
      vertex 11.819313144979908 10.05263436930543 3
      vertex 11.714599354217741 10.078863808443554 3
    endloop
  endfacet
  facet normal 0 0 1
    outer loop
      vertex 11.819313144979908 7.94736563069457 3
      vertex 11.9209517756016 7.983732514237585 3
      vertex 11.9209517756016 10.016267485762416 3
    endloop
  endfacet
  facet normal 0 0 1
    outer loop
      vertex 11.9209517756016 7.983732514237585 3
      vertex 12.018536410508597 8.02988660921681 3
      vertex 12.018536410508597 9.97011339078319 3
    endloop
  endfacet
  facet normal 0 0 1
    outer loop
      vertex 12.018536410508597 8.02988660921681 3
      vertex 12.111127256321563 8.0853834264672 3
      vertex 12.111127256321563 9.9146165735328 3
    endloop
  endfacet
  facet normal 0 0 1
    outer loop
      vertex 11.819313144979908 7.94736563069457 3
      vertex 11.9209517756016 10.016267485762416 3
      vertex 11.819313144979908 10.05263436930543 3
    endloop
  endfacet
  facet normal 0 0 1
    outer loop
      vertex 11.9209517756016 7.983732514237585 3
      vertex 12.018536410508597 9.97011339078319 3
      vertex 11.9209517756016 10.016267485762416 3
    endloop
  endfacet
  facet normal 0 0 1
    outer loop
      vertex 12.018536410508597 8.02988660921681 3
      vertex 12.111127256321563 9.9146165735328 3
      vertex 12.018536410508597 9.97011339078319 3
    endloop
  endfacet
  facet normal 0 0 1
    outer loop
      vertex 12.111127256321563 8.0853834264672 3
      vertex 12.19783261258001 9.85031149869901 3
      vertex 12.111127256321563 9.9146165735328 3
    endloop
  endfacet
  facet normal 0 0 1
    outer loop
      vertex 12.111127256321563 8.0853834264672 3
      vertex 12.19783261258001 8.14968850130099 3
      vertex 12.19783261258001 9.85031149869901 3
    endloop
  endfacet
  facet normal 0 0 1
    outer loop
      vertex 12.19783261258001 8.14968850130099 3
      vertex 12.277817459305203 8.222182540694797 3
      vertex 12.277817459305203 9.777817459305203 3
    endloop
  endfacet
  facet normal 0 0 1
    outer loop
      vertex 12.277817459305203 8.222182540694797 3
      vertex 12.35031149869901 8.30216738741999 3
      vertex 12.35031149869901 9.69783261258001 3
    endloop
  endfacet
  facet normal 0 0 1
    outer loop
      vertex 12.35031149869901 8.30216738741999 3
      vertex 12.4146165735328 8.388872743678437 3
      vertex 12.4146165735328 9.611127256321563 3
    endloop
  endfacet
  facet normal 0 0 1
    outer loop
      vertex 12.4146165735328 8.388872743678437 3
      vertex 12.47011339078319 8.481463589491403 3
      vertex 12.47011339078319 9.518536410508597 3
    endloop
  endfacet
  facet normal 0 0 1
    outer loop
      vertex 12.277817459305203 8.222182540694797 3
      vertex 12.35031149869901 9.69783261258001 3
      vertex 12.277817459305203 9.777817459305203 3
    endloop
  endfacet
  facet normal 0 0 1
    outer loop
      vertex 12.19783261258001 8.14968850130099 3
      vertex 12.277817459305203 9.777817459305203 3
      vertex 12.19783261258001 9.85031149869901 3
    endloop
  endfacet
  facet normal 0 0 1
    outer loop
      vertex 12.35031149869901 8.30216738741999 3
      vertex 12.4146165735328 9.611127256321563 3
      vertex 12.35031149869901 9.69783261258001 3
    endloop
  endfacet
  facet normal 0 0 1
    outer loop
      vertex 12.4146165735328 8.388872743678437 3
      vertex 12.47011339078319 9.518536410508597 3
      vertex 12.4146165735328 9.611127256321563 3
    endloop
  endfacet
  facet normal 0 0 1
    outer loop
      vertex 12.47011339078319 8.481463589491403 3
      vertex 12.516267485762416 8.5790482243984 3
      vertex 12.516267485762416 9.4209517756016 3
    endloop
  endfacet
  facet normal 0 0 1
    outer loop
      vertex 12.516267485762416 8.5790482243984 3
      vertex 12.55263436930543 8.680686855020092 3
      vertex 12.55263436930543 9.319313144979908 3
    endloop
  endfacet
  facet normal 0 0 1
    outer loop
      vertex 12.55263436930543 8.680686855020092 3
      vertex 12.578863808443554 8.785400645782259 3
      vertex 12.578863808443554 9.214599354217741 3
    endloop
  endfacet
  facet normal 0 0 1
    outer loop
      vertex 12.578863808443554 8.785400645782259 3
      vertex 12.594703199339417 8.892181145637483 3
      vertex 12.594703199339417 9.107818854362517 3
    endloop
  endfacet
  facet normal 0 0 1
    outer loop
      vertex 12.594703199339417 8.892181145637483 3
      vertex 12.6 9 3
      vertex 12.594703199339417 9.107818854362517 3
    endloop
  endfacet
  facet normal 0 0 1
    outer loop
      vertex 12.516267485762416 8.5790482243984 3
      vertex 12.55263436930543 9.319313144979908 3
      vertex 12.516267485762416 9.4209517756016 3
    endloop
  endfacet
  facet normal 0 0 1
    outer loop
      vertex 12.47011339078319 8.481463589491403 3
      vertex 12.516267485762416 9.4209517756016 3
      vertex 12.47011339078319 9.518536410508597 3
    endloop
  endfacet
  facet normal 0 0 1
    outer loop
      vertex 12.578863808443554 8.785400645782259 3
      vertex 12.594703199339417 9.107818854362517 3
      vertex 12.578863808443554 9.214599354217741 3
    endloop
  endfacet
  facet normal 0 0 1
    outer loop
      vertex 12.55263436930543 8.680686855020092 3
      vertex 12.578863808443554 9.214599354217741 3
      vertex 12.55263436930543 9.319313144979908 3
    endloop
  endfacet
  facet normal 0.903989293123438 0.4275550934302933 0
    outer loop
      vertex 10.483732514237584 8.5790482243984 3
      vertex 10.483732514237584 8.5790482243984 9
      vertex 10.52988660921681 8.481463589491403 3
    endloop
  endfacet
  facet normal 0.9415440651830228 0.33688985339221417 0
    outer loop
      vertex 10.44736563069457 8.680686855020092 3
      vertex 10.44736563069457 8.680686855020092 9
      vertex 10.483732514237584 8.5790482243984 3
    endloop
  endfacet
  facet normal 0.9700312531945433 0.24298017990326626 -1.2962249855757533e-19
    outer loop
      vertex 10.44736563069457 8.680686855020092 3
      vertex 10.421136191556446 8.785400645782259 3
      vertex 10.421136191556446 8.785400645782259 9
    endloop
  endfacet
  facet normal 0.9891765099647811 0.14673047445536055 4.659364057048446e-20
    outer loop
      vertex 10.421136191556446 8.785400645782259 3
      vertex 10.405296800660583 8.892181145637483 3
      vertex 10.405296800660583 8.892181145637483 9
    endloop
  endfacet
  facet normal 0.9987954562051727 0.0490676743274112 5.717609967348203e-20
    outer loop
      vertex 10.405296800660583 8.892181145637483 3
      vertex 10.4 9 3
      vertex 10.4 9 9
    endloop
  endfacet
  facet normal 0.9987954562051727 -0.0490676743274112 -5.717609967348203e-20
    outer loop
      vertex 10.4 9 3
      vertex 10.405296800660583 9.107818854362517 3
      vertex 10.405296800660583 9.107818854362517 9
    endloop
  endfacet
  facet normal 0.9891765099647811 -0.14673047445536055 -4.659364057048446e-20
    outer loop
      vertex 10.405296800660583 9.107818854362517 3
      vertex 10.421136191556446 9.214599354217741 3
      vertex 10.421136191556446 9.214599354217741 9
    endloop
  endfacet
  facet normal 0.9700312531945433 -0.24298017990326626 1.2962249855757533e-19
    outer loop
      vertex 10.421136191556446 9.214599354217741 3
      vertex 10.44736563069457 9.319313144979908 3
      vertex 10.44736563069457 9.319313144979908 9
    endloop
  endfacet
  facet normal 0.9415440651830228 -0.33688985339221417 -6.050685507994252e-20
    outer loop
      vertex 10.44736563069457 9.319313144979908 3
      vertex 10.483732514237584 9.4209517756016 3
      vertex 10.483732514237584 9.4209517756016 9
    endloop
  endfacet
  facet normal 0.9415440651830228 0.33688985339221417 0
    outer loop
      vertex 10.483732514237584 8.5790482243984 3
      vertex 10.44736563069457 8.680686855020092 9
      vertex 10.483732514237584 8.5790482243984 9
    endloop
  endfacet
  facet normal 0.9700312531945433 0.24298017990326626 0
    outer loop
      vertex 10.44736563069457 8.680686855020092 3
      vertex 10.421136191556446 8.785400645782259 9
      vertex 10.44736563069457 8.680686855020092 9
    endloop
  endfacet
  facet normal 0.9891765099647811 0.14673047445536055 0
    outer loop
      vertex 10.421136191556446 8.785400645782259 3
      vertex 10.405296800660583 8.892181145637483 9
      vertex 10.421136191556446 8.785400645782259 9
    endloop
  endfacet
  facet normal 0.9987954562051727 0.0490676743274112 0
    outer loop
      vertex 10.405296800660583 8.892181145637483 3
      vertex 10.4 9 9
      vertex 10.405296800660583 8.892181145637483 9
    endloop
  endfacet
  facet normal 0.9987954562051727 -0.0490676743274112 0
    outer loop
      vertex 10.4 9 3
      vertex 10.405296800660583 9.107818854362517 9
      vertex 10.4 9 9
    endloop
  endfacet
  facet normal 0.9891765099647811 -0.14673047445536055 0
    outer loop
      vertex 10.405296800660583 9.107818854362517 3
      vertex 10.421136191556446 9.214599354217741 9
      vertex 10.405296800660583 9.107818854362517 9
    endloop
  endfacet
  facet normal 0.9700312531945433 -0.24298017990326626 0
    outer loop
      vertex 10.421136191556446 9.214599354217741 3
      vertex 10.44736563069457 9.319313144979908 9
      vertex 10.421136191556446 9.214599354217741 9
    endloop
  endfacet
  facet normal 0.9415440651830228 -0.33688985339221417 0
    outer loop
      vertex 10.44736563069457 9.319313144979908 3
      vertex 10.483732514237584 9.4209517756016 9
      vertex 10.44736563069457 9.319313144979908 9
    endloop
  endfacet
  facet normal 0.903989293123438 -0.4275550934302933 0
    outer loop
      vertex 10.483732514237584 9.4209517756016 3
      vertex 10.52988660921681 9.518536410508597 9
      vertex 10.483732514237584 9.4209517756016 9
    endloop
  endfacet
  facet normal 0.8032075314806394 0.5956993044924407 0
    outer loop
      vertex 10.5853834264672 8.388872743678437 3
      vertex 10.5853834264672 8.388872743678437 9
      vertex 10.64968850130099 8.30216738741999 3
    endloop
  endfacet
  facet normal 0.857728610000278 0.5141027441932118 6.617584493128081e-19
    outer loop
      vertex 10.5853834264672 8.388872743678437 3
      vertex 10.52988660921681 8.481463589491403 3
      vertex 10.52988660921681 8.481463589491403 9
    endloop
  endfacet
  facet normal 0.7409511253549625 0.6715589548470147 -6.094695586707055e-20
    outer loop
      vertex 10.722182540694797 8.222182540694797 3
      vertex 10.64968850130099 8.30216738741999 3
      vertex 10.64968850130099 8.30216738741999 9
    endloop
  endfacet
  facet normal 0.6715589548470147 0.7409511253549625 0
    outer loop
      vertex 10.722182540694797 8.222182540694797 3
      vertex 10.722182540694797 8.222182540694797 9
      vertex 10.80216738741999 8.14968850130099 3
    endloop
  endfacet
  facet normal 0.5956993044924407 0.8032075314806394 0
    outer loop
      vertex 10.80216738741999 8.14968850130099 3
      vertex 10.80216738741999 8.14968850130099 9
      vertex 10.888872743678437 8.0853834264672 3
    endloop
  endfacet
  facet normal 0.5141027441932118 0.857728610000278 0
    outer loop
      vertex 10.888872743678437 8.0853834264672 3
      vertex 10.888872743678437 8.0853834264672 9
      vertex 10.981463589491403 8.02988660921681 3
    endloop
  endfacet
  facet normal 0.4275550934302866 0.9039892931234412 0
    outer loop
      vertex 10.981463589491403 8.02988660921681 3
      vertex 10.981463589491403 8.02988660921681 9
      vertex 11.0790482243984 7.983732514237585 3
    endloop
  endfacet
  facet normal 0.33688985339222144 0.9415440651830203 0
    outer loop
      vertex 11.0790482243984 7.983732514237585 3
      vertex 11.0790482243984 7.983732514237585 9
      vertex 11.180686855020092 7.94736563069457 3
    endloop
  endfacet
  facet normal 0.24298017990326626 0.9700312531945433 0
    outer loop
      vertex 11.180686855020092 7.94736563069457 3
      vertex 11.180686855020092 7.94736563069457 9
      vertex 11.285400645782259 7.921136191556446 3
    endloop
  endfacet
  facet normal 0.14673047445536055 0.9891765099647811 0
    outer loop
      vertex 11.285400645782259 7.921136191556446 3
      vertex 11.285400645782259 7.921136191556446 9
      vertex 11.392181145637483 7.905296800660583 3
    endloop
  endfacet
  facet normal 0.0490676743274112 0.9987954562051727 0
    outer loop
      vertex 11.392181145637483 7.905296800660583 3
      vertex 11.392181145637483 7.905296800660583 9
      vertex 11.5 7.9 3
    endloop
  endfacet
  facet normal -0.0490676743274112 0.9987954562051727 0
    outer loop
      vertex 11.5 7.9 3
      vertex 11.5 7.9 9
      vertex 11.607818854362517 7.905296800660583 3
    endloop
  endfacet
  facet normal -0.14673047445536055 0.9891765099647811 0
    outer loop
      vertex 11.607818854362517 7.905296800660583 3
      vertex 11.607818854362517 7.905296800660583 9
      vertex 11.714599354217741 7.921136191556446 3
    endloop
  endfacet
  facet normal -0.24298017990326626 0.9700312531945433 0
    outer loop
      vertex 11.714599354217741 7.921136191556446 3
      vertex 11.714599354217741 7.921136191556446 9
      vertex 11.819313144979908 7.94736563069457 3
    endloop
  endfacet
  facet normal 0.903989293123438 -0.4275550934302933 3.551705035244757e-19
    outer loop
      vertex 10.483732514237584 9.4209517756016 3
      vertex 10.52988660921681 9.518536410508597 3
      vertex 10.52988660921681 9.518536410508597 9
    endloop
  endfacet
  facet normal 0.857728610000278 -0.5141027441932118 -6.617584493128081e-19
    outer loop
      vertex 10.52988660921681 9.518536410508597 3
      vertex 10.5853834264672 9.611127256321563 3
      vertex 10.5853834264672 9.611127256321563 9
    endloop
  endfacet
  facet normal 0.8032075314806394 -0.5956993044924407 3.3721249029392884e-19
    outer loop
      vertex 10.5853834264672 9.611127256321563 3
      vertex 10.64968850130099 9.69783261258001 3
      vertex 10.64968850130099 9.69783261258001 9
    endloop
  endfacet
  facet normal 0.7409511253549625 -0.6715589548470147 6.094695586707055e-20
    outer loop
      vertex 10.64968850130099 9.69783261258001 3
      vertex 10.722182540694797 9.777817459305203 3
      vertex 10.722182540694797 9.777817459305203 9
    endloop
  endfacet
  facet normal 0.6715589548470147 -0.7409511253549625 6.094695586707055e-20
    outer loop
      vertex 10.722182540694797 9.777817459305203 3
      vertex 10.80216738741999 9.85031149869901 3
      vertex 10.80216738741999 9.85031149869901 9
    endloop
  endfacet
  facet normal 0.5956993044924407 -0.8032075314806394 3.3721249029392884e-19
    outer loop
      vertex 10.80216738741999 9.85031149869901 3
      vertex 10.888872743678437 9.9146165735328 3
      vertex 10.888872743678437 9.9146165735328 9
    endloop
  endfacet
  facet normal 0.5141027441932118 -0.857728610000278 -6.617584493128081e-19
    outer loop
      vertex 10.888872743678437 9.9146165735328 3
      vertex 10.981463589491403 9.97011339078319 3
      vertex 10.981463589491403 9.97011339078319 9
    endloop
  endfacet
  facet normal 0.4275550934302933 -0.903989293123438 3.551705035244757e-19
    outer loop
      vertex 10.981463589491403 9.97011339078319 3
      vertex 11.0790482243984 10.016267485762416 3
      vertex 11.0790482243984 10.016267485762416 9
    endloop
  endfacet
  facet normal 0.33688985339221417 -0.9415440651830228 -6.050685507994252e-20
    outer loop
      vertex 11.0790482243984 10.016267485762416 3
      vertex 11.180686855020092 10.05263436930543 3
      vertex 11.180686855020092 10.05263436930543 9
    endloop
  endfacet
  facet normal 0.24298017990326626 -0.9700312531945433 1.2962249855757533e-19
    outer loop
      vertex 11.180686855020092 10.05263436930543 3
      vertex 11.285400645782259 10.078863808443554 3
      vertex 11.285400645782259 10.078863808443554 9
    endloop
  endfacet
  facet normal 0.14673047445536055 -0.9891765099647811 -4.659364057048446e-20
    outer loop
      vertex 11.285400645782259 10.078863808443554 3
      vertex 11.392181145637483 10.094703199339417 3
      vertex 11.392181145637483 10.094703199339417 9
    endloop
  endfacet
  facet normal 0.0490676743274112 -0.9987954562051727 -5.717609967348203e-20
    outer loop
      vertex 11.392181145637483 10.094703199339417 3
      vertex 11.5 10.1 3
      vertex 11.5 10.1 9
    endloop
  endfacet
  facet normal -0.0490676743274112 -0.9987954562051727 5.717609967348203e-20
    outer loop
      vertex 11.5 10.1 3
      vertex 11.607818854362517 10.094703199339417 3
      vertex 11.607818854362517 10.094703199339417 9
    endloop
  endfacet
  facet normal -0.14673047445536055 -0.9891765099647811 4.659364057048446e-20
    outer loop
      vertex 11.607818854362517 10.094703199339417 3
      vertex 11.714599354217741 10.078863808443554 3
      vertex 11.714599354217741 10.078863808443554 9
    endloop
  endfacet
  facet normal -0.24298017990326626 -0.9700312531945433 -1.2962249855757533e-19
    outer loop
      vertex 11.714599354217741 10.078863808443554 3
      vertex 11.819313144979908 10.05263436930543 3
      vertex 11.819313144979908 10.05263436930543 9
    endloop
  endfacet
  facet normal -0.33688985339222144 0.9415440651830203 0
    outer loop
      vertex 11.819313144979908 7.94736563069457 3
      vertex 11.819313144979908 7.94736563069457 9
      vertex 11.9209517756016 7.983732514237585 3
    endloop
  endfacet
  facet normal -0.4275550934302866 0.9039892931234412 0
    outer loop
      vertex 11.9209517756016 7.983732514237585 3
      vertex 11.9209517756016 7.983732514237585 9
      vertex 12.018536410508597 8.02988660921681 3
    endloop
  endfacet
  facet normal -0.5141027441932118 0.857728610000278 0
    outer loop
      vertex 12.018536410508597 8.02988660921681 3
      vertex 12.018536410508597 8.02988660921681 9
      vertex 12.111127256321563 8.0853834264672 3
    endloop
  endfacet
  facet normal -0.5956993044924407 0.8032075314806394 0
    outer loop
      vertex 12.111127256321563 8.0853834264672 3
      vertex 12.111127256321563 8.0853834264672 9
      vertex 12.19783261258001 8.14968850130099 3
    endloop
  endfacet
  facet normal -0.6715589548470147 0.7409511253549625 0
    outer loop
      vertex 12.19783261258001 8.14968850130099 3
      vertex 12.19783261258001 8.14968850130099 9
      vertex 12.277817459305203 8.222182540694797 3
    endloop
  endfacet
  facet normal -0.7409511253549625 0.6715589548470147 0
    outer loop
      vertex 12.277817459305203 8.222182540694797 3
      vertex 12.277817459305203 8.222182540694797 9
      vertex 12.35031149869901 8.30216738741999 3
    endloop
  endfacet
  facet normal -0.8032075314806394 0.5956993044924407 0
    outer loop
      vertex 12.35031149869901 8.30216738741999 3
      vertex 12.35031149869901 8.30216738741999 9
      vertex 12.4146165735328 8.388872743678437 3
    endloop
  endfacet
  facet normal -0.857728610000278 0.5141027441932118 0
    outer loop
      vertex 12.4146165735328 8.388872743678437 3
      vertex 12.4146165735328 8.388872743678437 9
      vertex 12.47011339078319 8.481463589491403 3
    endloop
  endfacet
  facet normal -0.903989293123438 0.4275550934302933 0
    outer loop
      vertex 12.47011339078319 8.481463589491403 3
      vertex 12.47011339078319 8.481463589491403 9
      vertex 12.516267485762416 8.5790482243984 3
    endloop
  endfacet
  facet normal -0.33688985339221417 -0.9415440651830228 6.050685507994252e-20
    outer loop
      vertex 11.819313144979908 10.05263436930543 3
      vertex 11.9209517756016 10.016267485762416 3
      vertex 11.9209517756016 10.016267485762416 9
    endloop
  endfacet
  facet normal -0.4275550934302933 -0.903989293123438 -3.551705035244757e-19
    outer loop
      vertex 11.9209517756016 10.016267485762416 3
      vertex 12.018536410508597 9.97011339078319 3
      vertex 12.018536410508597 9.97011339078319 9
    endloop
  endfacet
  facet normal -0.5141027441932118 -0.857728610000278 6.617584493128081e-19
    outer loop
      vertex 12.018536410508597 9.97011339078319 3
      vertex 12.111127256321563 9.9146165735328 3
      vertex 12.111127256321563 9.9146165735328 9
    endloop
  endfacet
  facet normal -0.5956993044924407 -0.8032075314806394 -3.3721249029392884e-19
    outer loop
      vertex 12.111127256321563 9.9146165735328 3
      vertex 12.19783261258001 9.85031149869901 3
      vertex 12.19783261258001 9.85031149869901 9
    endloop
  endfacet
  facet normal -0.6715589548470147 -0.7409511253549625 0
    outer loop
      vertex 12.277817459305203 9.777817459305203 3
      vertex 12.277817459305203 9.777817459305203 9
      vertex 12.19783261258001 9.85031149869901 3
    endloop
  endfacet
  facet normal -0.857728610000278 -0.5141027441932118 0
    outer loop
      vertex 12.47011339078319 9.518536410508597 3
      vertex 12.47011339078319 9.518536410508597 9
      vertex 12.4146165735328 9.611127256321563 3
    endloop
  endfacet
  facet normal -0.8032075314806394 -0.5956993044924407 -3.3721249029392884e-19
    outer loop
      vertex 12.35031149869901 9.69783261258001 3
      vertex 12.4146165735328 9.611127256321563 3
      vertex 12.4146165735328 9.611127256321563 9
    endloop
  endfacet
  facet normal -0.7409511253549625 -0.6715589548470147 -6.094695586707055e-20
    outer loop
      vertex 12.277817459305203 9.777817459305203 3
      vertex 12.35031149869901 9.69783261258001 3
      vertex 12.35031149869901 9.69783261258001 9
    endloop
  endfacet
  facet normal -0.9415440651830228 0.33688985339221417 0
    outer loop
      vertex 12.516267485762416 8.5790482243984 3
      vertex 12.516267485762416 8.5790482243984 9
      vertex 12.55263436930543 8.680686855020092 3
    endloop
  endfacet
  facet normal -0.9700312531945433 0.24298017990326626 0
    outer loop
      vertex 12.55263436930543 8.680686855020092 3
      vertex 12.55263436930543 8.680686855020092 9
      vertex 12.578863808443554 8.785400645782259 3
    endloop
  endfacet
  facet normal -0.9891765099647811 0.14673047445536055 0
    outer loop
      vertex 12.578863808443554 8.785400645782259 3
      vertex 12.578863808443554 8.785400645782259 9
      vertex 12.594703199339417 8.892181145637483 3
    endloop
  endfacet
  facet normal -0.9987954562051727 0.0490676743274112 0
    outer loop
      vertex 12.594703199339417 8.892181145637483 3
      vertex 12.594703199339417 8.892181145637483 9
      vertex 12.6 9 3
    endloop
  endfacet
  facet normal -0.9987954562051727 -0.0490676743274112 0
    outer loop
      vertex 12.6 9 3
      vertex 12.6 9 9
      vertex 12.594703199339417 9.107818854362517 3
    endloop
  endfacet
  facet normal -0.9891765099647811 -0.14673047445536055 4.659364057048446e-20
    outer loop
      vertex 12.578863808443554 9.214599354217741 3
      vertex 12.594703199339417 9.107818854362517 3
      vertex 12.594703199339417 9.107818854362517 9
    endloop
  endfacet
  facet normal -0.9415440651830228 -0.33688985339221417 0
    outer loop
      vertex 12.55263436930543 9.319313144979908 3
      vertex 12.55263436930543 9.319313144979908 9
      vertex 12.516267485762416 9.4209517756016 3
    endloop
  endfacet
  facet normal -0.9700312531945433 -0.24298017990326626 0
    outer loop
      vertex 12.578863808443554 9.214599354217741 3
      vertex 12.578863808443554 9.214599354217741 9
      vertex 12.55263436930543 9.319313144979908 3
    endloop
  endfacet
  facet normal -0.903989293123438 -0.4275550934302933 -3.551705035244757e-19
    outer loop
      vertex 12.47011339078319 9.518536410508597 3
      vertex 12.516267485762416 9.4209517756016 3
      vertex 12.516267485762416 9.4209517756016 9
    endloop
  endfacet
  facet normal 0.8032075314806394 0.5956993044924407 0
    outer loop
      vertex 10.64968850130099 8.30216738741999 3
      vertex 10.5853834264672 8.388872743678437 9
      vertex 10.64968850130099 8.30216738741999 9
    endloop
  endfacet
  facet normal 0.857728610000278 0.5141027441932118 0
    outer loop
      vertex 10.5853834264672 8.388872743678437 3
      vertex 10.52988660921681 8.481463589491403 9
      vertex 10.5853834264672 8.388872743678437 9
    endloop
  endfacet
  facet normal 0.903989293123438 0.4275550934302933 0
    outer loop
      vertex 10.52988660921681 8.481463589491403 3
      vertex 10.483732514237584 8.5790482243984 9
      vertex 10.52988660921681 8.481463589491403 9
    endloop
  endfacet
  facet normal 0.7409511253549625 0.6715589548470147 0
    outer loop
      vertex 10.722182540694797 8.222182540694797 3
      vertex 10.64968850130099 8.30216738741999 9
      vertex 10.722182540694797 8.222182540694797 9
    endloop
  endfacet
  facet normal 0.6715589548470147 0.7409511253549625 0
    outer loop
      vertex 10.80216738741999 8.14968850130099 3
      vertex 10.722182540694797 8.222182540694797 9
      vertex 10.80216738741999 8.14968850130099 9
    endloop
  endfacet
  facet normal 0.5956993044924407 0.8032075314806394 0
    outer loop
      vertex 10.888872743678437 8.0853834264672 3
      vertex 10.80216738741999 8.14968850130099 9
      vertex 10.888872743678437 8.0853834264672 9
    endloop
  endfacet
  facet normal 0.5141027441932118 0.857728610000278 0
    outer loop
      vertex 10.981463589491403 8.02988660921681 3
      vertex 10.888872743678437 8.0853834264672 9
      vertex 10.981463589491403 8.02988660921681 9
    endloop
  endfacet
  facet normal 0.4275550934302866 0.9039892931234412 0
    outer loop
      vertex 11.0790482243984 7.983732514237585 3
      vertex 10.981463589491403 8.02988660921681 9
      vertex 11.0790482243984 7.983732514237585 9
    endloop
  endfacet
  facet normal 0.33688985339222144 0.9415440651830203 0
    outer loop
      vertex 11.180686855020092 7.94736563069457 3
      vertex 11.0790482243984 7.983732514237585 9
      vertex 11.180686855020092 7.94736563069457 9
    endloop
  endfacet
  facet normal 0.24298017990326626 0.9700312531945433 0
    outer loop
      vertex 11.285400645782259 7.921136191556446 3
      vertex 11.180686855020092 7.94736563069457 9
      vertex 11.285400645782259 7.921136191556446 9
    endloop
  endfacet
  facet normal 0.14673047445536055 0.9891765099647811 0
    outer loop
      vertex 11.392181145637483 7.905296800660583 3
      vertex 11.285400645782259 7.921136191556446 9
      vertex 11.392181145637483 7.905296800660583 9
    endloop
  endfacet
  facet normal 0.0490676743274112 0.9987954562051727 0
    outer loop
      vertex 11.5 7.9 3
      vertex 11.392181145637483 7.905296800660583 9
      vertex 11.5 7.9 9
    endloop
  endfacet
  facet normal -0.0490676743274112 0.9987954562051727 0
    outer loop
      vertex 11.607818854362517 7.905296800660583 3
      vertex 11.5 7.9 9
      vertex 11.607818854362517 7.905296800660583 9
    endloop
  endfacet
  facet normal -0.14673047445536055 0.9891765099647811 0
    outer loop
      vertex 11.714599354217741 7.921136191556446 3
      vertex 11.607818854362517 7.905296800660583 9
      vertex 11.714599354217741 7.921136191556446 9
    endloop
  endfacet
  facet normal -0.24298017990326626 0.9700312531945433 0
    outer loop
      vertex 11.819313144979908 7.94736563069457 3
      vertex 11.714599354217741 7.921136191556446 9
      vertex 11.819313144979908 7.94736563069457 9
    endloop
  endfacet
  facet normal 0.857728610000278 -0.5141027441932118 0
    outer loop
      vertex 10.52988660921681 9.518536410508597 3
      vertex 10.5853834264672 9.611127256321563 9
      vertex 10.52988660921681 9.518536410508597 9
    endloop
  endfacet
  facet normal 0.8032075314806394 -0.5956993044924407 0
    outer loop
      vertex 10.5853834264672 9.611127256321563 3
      vertex 10.64968850130099 9.69783261258001 9
      vertex 10.5853834264672 9.611127256321563 9
    endloop
  endfacet
  facet normal 0.7409511253549625 -0.6715589548470147 0
    outer loop
      vertex 10.64968850130099 9.69783261258001 3
      vertex 10.722182540694797 9.777817459305203 9
      vertex 10.64968850130099 9.69783261258001 9
    endloop
  endfacet
  facet normal 0.6715589548470147 -0.7409511253549625 0
    outer loop
      vertex 10.722182540694797 9.777817459305203 3
      vertex 10.80216738741999 9.85031149869901 9
      vertex 10.722182540694797 9.777817459305203 9
    endloop
  endfacet
  facet normal 0.5956993044924407 -0.8032075314806394 0
    outer loop
      vertex 10.80216738741999 9.85031149869901 3
      vertex 10.888872743678437 9.9146165735328 9
      vertex 10.80216738741999 9.85031149869901 9
    endloop
  endfacet
  facet normal 0.5141027441932118 -0.857728610000278 0
    outer loop
      vertex 10.888872743678437 9.9146165735328 3
      vertex 10.981463589491403 9.97011339078319 9
      vertex 10.888872743678437 9.9146165735328 9
    endloop
  endfacet
  facet normal 0.4275550934302933 -0.903989293123438 0
    outer loop
      vertex 10.981463589491403 9.97011339078319 3
      vertex 11.0790482243984 10.016267485762416 9
      vertex 10.981463589491403 9.97011339078319 9
    endloop
  endfacet
  facet normal 0.33688985339221417 -0.9415440651830228 0
    outer loop
      vertex 11.0790482243984 10.016267485762416 3
      vertex 11.180686855020092 10.05263436930543 9
      vertex 11.0790482243984 10.016267485762416 9
    endloop
  endfacet
  facet normal 0.24298017990326626 -0.9700312531945433 0
    outer loop
      vertex 11.180686855020092 10.05263436930543 3
      vertex 11.285400645782259 10.078863808443554 9
      vertex 11.180686855020092 10.05263436930543 9
    endloop
  endfacet
  facet normal 0.14673047445536055 -0.9891765099647811 0
    outer loop
      vertex 11.285400645782259 10.078863808443554 3
      vertex 11.392181145637483 10.094703199339417 9
      vertex 11.285400645782259 10.078863808443554 9
    endloop
  endfacet
  facet normal 0.0490676743274112 -0.9987954562051727 0
    outer loop
      vertex 11.392181145637483 10.094703199339417 3
      vertex 11.5 10.1 9
      vertex 11.392181145637483 10.094703199339417 9
    endloop
  endfacet
  facet normal -0.14673047445536055 -0.9891765099647811 0
    outer loop
      vertex 11.607818854362517 10.094703199339417 3
      vertex 11.714599354217741 10.078863808443554 9
      vertex 11.607818854362517 10.094703199339417 9
    endloop
  endfacet
  facet normal -0.0490676743274112 -0.9987954562051727 0
    outer loop
      vertex 11.5 10.1 3
      vertex 11.607818854362517 10.094703199339417 9
      vertex 11.5 10.1 9
    endloop
  endfacet
  facet normal -0.24298017990326626 -0.9700312531945433 0
    outer loop
      vertex 11.714599354217741 10.078863808443554 3
      vertex 11.819313144979908 10.05263436930543 9
      vertex 11.714599354217741 10.078863808443554 9
    endloop
  endfacet
  facet normal -0.33688985339222144 0.9415440651830203 0
    outer loop
      vertex 11.9209517756016 7.983732514237585 3
      vertex 11.819313144979908 7.94736563069457 9
      vertex 11.9209517756016 7.983732514237585 9
    endloop
  endfacet
  facet normal -0.4275550934302866 0.9039892931234412 0
    outer loop
      vertex 12.018536410508597 8.02988660921681 3
      vertex 11.9209517756016 7.983732514237585 9
      vertex 12.018536410508597 8.02988660921681 9
    endloop
  endfacet
  facet normal -0.5141027441932118 0.857728610000278 0
    outer loop
      vertex 12.111127256321563 8.0853834264672 3
      vertex 12.018536410508597 8.02988660921681 9
      vertex 12.111127256321563 8.0853834264672 9
    endloop
  endfacet
  facet normal -0.5956993044924407 0.8032075314806394 0
    outer loop
      vertex 12.19783261258001 8.14968850130099 3
      vertex 12.111127256321563 8.0853834264672 9
      vertex 12.19783261258001 8.14968850130099 9
    endloop
  endfacet
  facet normal -0.6715589548470147 0.7409511253549625 0
    outer loop
      vertex 12.277817459305203 8.222182540694797 3
      vertex 12.19783261258001 8.14968850130099 9
      vertex 12.277817459305203 8.222182540694797 9
    endloop
  endfacet
  facet normal -0.7409511253549625 0.6715589548470147 0
    outer loop
      vertex 12.35031149869901 8.30216738741999 3
      vertex 12.277817459305203 8.222182540694797 9
      vertex 12.35031149869901 8.30216738741999 9
    endloop
  endfacet
  facet normal -0.8032075314806394 0.5956993044924407 0
    outer loop
      vertex 12.4146165735328 8.388872743678437 3
      vertex 12.35031149869901 8.30216738741999 9
      vertex 12.4146165735328 8.388872743678437 9
    endloop
  endfacet
  facet normal -0.857728610000278 0.5141027441932118 0
    outer loop
      vertex 12.47011339078319 8.481463589491403 3
      vertex 12.4146165735328 8.388872743678437 9
      vertex 12.47011339078319 8.481463589491403 9
    endloop
  endfacet
  facet normal -0.903989293123438 0.4275550934302933 0
    outer loop
      vertex 12.516267485762416 8.5790482243984 3
      vertex 12.47011339078319 8.481463589491403 9
      vertex 12.516267485762416 8.5790482243984 9
    endloop
  endfacet
  facet normal -0.33688985339221417 -0.9415440651830228 0
    outer loop
      vertex 11.819313144979908 10.05263436930543 3
      vertex 11.9209517756016 10.016267485762416 9
      vertex 11.819313144979908 10.05263436930543 9
    endloop
  endfacet
  facet normal -0.4275550934302933 -0.903989293123438 0
    outer loop
      vertex 11.9209517756016 10.016267485762416 3
      vertex 12.018536410508597 9.97011339078319 9
      vertex 11.9209517756016 10.016267485762416 9
    endloop
  endfacet
  facet normal -0.5141027441932118 -0.857728610000278 0
    outer loop
      vertex 12.018536410508597 9.97011339078319 3
      vertex 12.111127256321563 9.9146165735328 9
      vertex 12.018536410508597 9.97011339078319 9
    endloop
  endfacet
  facet normal -0.5956993044924407 -0.8032075314806394 0
    outer loop
      vertex 12.111127256321563 9.9146165735328 3
      vertex 12.19783261258001 9.85031149869901 9
      vertex 12.111127256321563 9.9146165735328 9
    endloop
  endfacet
  facet normal -0.7409511253549625 -0.6715589548470147 0
    outer loop
      vertex 12.277817459305203 9.777817459305203 3
      vertex 12.35031149869901 9.69783261258001 9
      vertex 12.277817459305203 9.777817459305203 9
    endloop
  endfacet
  facet normal -0.6715589548470147 -0.7409511253549625 0
    outer loop
      vertex 12.19783261258001 9.85031149869901 3
      vertex 12.277817459305203 9.777817459305203 9
      vertex 12.19783261258001 9.85031149869901 9
    endloop
  endfacet
  facet normal -0.857728610000278 -0.5141027441932118 0
    outer loop
      vertex 12.4146165735328 9.611127256321563 3
      vertex 12.47011339078319 9.518536410508597 9
      vertex 12.4146165735328 9.611127256321563 9
    endloop
  endfacet
  facet normal -0.8032075314806394 -0.5956993044924407 0
    outer loop
      vertex 12.35031149869901 9.69783261258001 3
      vertex 12.4146165735328 9.611127256321563 9
      vertex 12.35031149869901 9.69783261258001 9
    endloop
  endfacet
  facet normal -0.9415440651830228 0.33688985339221417 0
    outer loop
      vertex 12.55263436930543 8.680686855020092 3
      vertex 12.516267485762416 8.5790482243984 9
      vertex 12.55263436930543 8.680686855020092 9
    endloop
  endfacet
  facet normal -0.9700312531945433 0.24298017990326626 0
    outer loop
      vertex 12.578863808443554 8.785400645782259 3
      vertex 12.55263436930543 8.680686855020092 9
      vertex 12.578863808443554 8.785400645782259 9
    endloop
  endfacet
  facet normal -0.9891765099647811 0.14673047445536055 0
    outer loop
      vertex 12.594703199339417 8.892181145637483 3
      vertex 12.578863808443554 8.785400645782259 9
      vertex 12.594703199339417 8.892181145637483 9
    endloop
  endfacet
  facet normal -0.9987954562051727 0.0490676743274112 0
    outer loop
      vertex 12.6 9 3
      vertex 12.594703199339417 8.892181145637483 9
      vertex 12.6 9 9
    endloop
  endfacet
  facet normal -0.9987954562051727 -0.0490676743274112 0
    outer loop
      vertex 12.594703199339417 9.107818854362517 3
      vertex 12.6 9 9
      vertex 12.594703199339417 9.107818854362517 9
    endloop
  endfacet
  facet normal -0.9891765099647811 -0.14673047445536055 0
    outer loop
      vertex 12.578863808443554 9.214599354217741 3
      vertex 12.594703199339417 9.107818854362517 9
      vertex 12.578863808443554 9.214599354217741 9
    endloop
  endfacet
  facet normal -0.9415440651830228 -0.33688985339221417 0
    outer loop
      vertex 12.516267485762416 9.4209517756016 3
      vertex 12.55263436930543 9.319313144979908 9
      vertex 12.516267485762416 9.4209517756016 9
    endloop
  endfacet
  facet normal -0.9700312531945433 -0.24298017990326626 0
    outer loop
      vertex 12.55263436930543 9.319313144979908 3
      vertex 12.578863808443554 9.214599354217741 9
      vertex 12.55263436930543 9.319313144979908 9
    endloop
  endfacet
  facet normal -0.903989293123438 -0.4275550934302933 0
    outer loop
      vertex 12.47011339078319 9.518536410508597 3
      vertex 12.516267485762416 9.4209517756016 9
      vertex 12.47011339078319 9.518536410508597 9
    endloop
  endfacet
  facet normal 0 0 1
    outer loop
      vertex -12.594703199339417 8.892181145637483 3
      vertex -12.594703199339417 9.107818854362517 3
      vertex -12.6 9 3
    endloop
  endfacet
  facet normal 0 0 1
    outer loop
      vertex -12.594703199339417 8.892181145637483 3
      vertex -12.578863808443554 8.785400645782259 3
      vertex -12.578863808443554 9.214599354217741 3
    endloop
  endfacet
  facet normal 0 0 1
    outer loop
      vertex -12.55263436930543 8.680686855020092 3
      vertex -12.55263436930543 9.319313144979908 3
      vertex -12.578863808443554 8.785400645782259 3
    endloop
  endfacet
  facet normal 0 0 1
    outer loop
      vertex -12.516267485762416 8.5790482243984 3
      vertex -12.516267485762416 9.4209517756016 3
      vertex -12.55263436930543 8.680686855020092 3
    endloop
  endfacet
  facet normal 0 0 1
    outer loop
      vertex -12.516267485762416 8.5790482243984 3
      vertex -12.47011339078319 8.481463589491403 3
      vertex -12.47011339078319 9.518536410508597 3
    endloop
  endfacet
  facet normal 0 0 1
    outer loop
      vertex -12.594703199339417 8.892181145637483 3
      vertex -12.578863808443554 9.214599354217741 3
      vertex -12.594703199339417 9.107818854362517 3
    endloop
  endfacet
  facet normal 0 0 1
    outer loop
      vertex -12.578863808443554 8.785400645782259 3
      vertex -12.55263436930543 9.319313144979908 3
      vertex -12.578863808443554 9.214599354217741 3
    endloop
  endfacet
  facet normal 0 0 1
    outer loop
      vertex -12.55263436930543 8.680686855020092 3
      vertex -12.516267485762416 9.4209517756016 3
      vertex -12.55263436930543 9.319313144979908 3
    endloop
  endfacet
  facet normal 0 0 1
    outer loop
      vertex -12.516267485762416 8.5790482243984 3
      vertex -12.47011339078319 9.518536410508597 3
      vertex -12.516267485762416 9.4209517756016 3
    endloop
  endfacet
  facet normal 0 0 1
    outer loop
      vertex -12.4146165735328 8.388872743678437 3
      vertex -12.35031149869901 8.30216738741999 3
      vertex -12.35031149869901 9.69783261258001 3
    endloop
  endfacet
  facet normal 0 0 1
    outer loop
      vertex -12.4146165735328 8.388872743678437 3
      vertex -12.4146165735328 9.611127256321563 3
      vertex -12.47011339078319 8.481463589491403 3
    endloop
  endfacet
  facet normal 0 0 1
    outer loop
      vertex -12.277817459305203 8.222182540694797 3
      vertex -12.277817459305203 9.777817459305203 3
      vertex -12.35031149869901 8.30216738741999 3
    endloop
  endfacet
  facet normal 0 0 1
    outer loop
      vertex -12.277817459305203 8.222182540694797 3
      vertex -12.19783261258001 8.14968850130099 3
      vertex -12.19783261258001 9.85031149869901 3
    endloop
  endfacet
  facet normal 0 0 1
    outer loop
      vertex -12.47011339078319 8.481463589491403 3
      vertex -12.4146165735328 9.611127256321563 3
      vertex -12.47011339078319 9.518536410508597 3
    endloop
  endfacet
  facet normal 0 0 1
    outer loop
      vertex -12.4146165735328 8.388872743678437 3
      vertex -12.35031149869901 9.69783261258001 3
      vertex -12.4146165735328 9.611127256321563 3
    endloop
  endfacet
  facet normal 0 0 1
    outer loop
      vertex -12.35031149869901 8.30216738741999 3
      vertex -12.277817459305203 9.777817459305203 3
      vertex -12.35031149869901 9.69783261258001 3
    endloop
  endfacet
  facet normal 0 0 1
    outer loop
      vertex -12.277817459305203 8.222182540694797 3
      vertex -12.19783261258001 9.85031149869901 3
      vertex -12.277817459305203 9.777817459305203 3
    endloop
  endfacet
  facet normal 0 0 1
    outer loop
      vertex -12.19783261258001 8.14968850130099 3
      vertex -12.111127256321563 9.9146165735328 3
      vertex -12.19783261258001 9.85031149869901 3
    endloop
  endfacet
  facet normal 0 0 1
    outer loop
      vertex -12.111127256321563 8.0853834264672 3
      vertex -12.111127256321563 9.9146165735328 3
      vertex -12.19783261258001 8.14968850130099 3
    endloop
  endfacet
  facet normal 0 0 1
    outer loop
      vertex -12.111127256321563 8.0853834264672 3
      vertex -12.018536410508597 8.02988660921681 3
      vertex -12.018536410508597 9.97011339078319 3
    endloop
  endfacet
  facet normal 0 0 1
    outer loop
      vertex -11.9209517756016 7.983732514237585 3
      vertex -11.9209517756016 10.016267485762416 3
      vertex -12.018536410508597 8.02988660921681 3
    endloop
  endfacet
  facet normal 0 0 1
    outer loop
      vertex -11.9209517756016 7.983732514237585 3
      vertex -11.819313144979908 7.94736563069457 3
      vertex -11.819313144979908 10.05263436930543 3
    endloop
  endfacet
  facet normal 0 0 1
    outer loop
      vertex -12.111127256321563 8.0853834264672 3
      vertex -12.018536410508597 9.97011339078319 3
      vertex -12.111127256321563 9.9146165735328 3
    endloop
  endfacet
  facet normal 0 0 1
    outer loop
      vertex -12.018536410508597 8.02988660921681 3
      vertex -11.9209517756016 10.016267485762416 3
      vertex -12.018536410508597 9.97011339078319 3
    endloop
  endfacet
  facet normal 0 0 1
    outer loop
      vertex -11.9209517756016 7.983732514237585 3
      vertex -11.819313144979908 10.05263436930543 3
      vertex -11.9209517756016 10.016267485762416 3
    endloop
  endfacet
  facet normal 0 0 1
    outer loop
      vertex -11.819313144979908 7.94736563069457 3
      vertex -11.714599354217741 7.921136191556446 3
      vertex -11.714599354217741 10.078863808443554 3
    endloop
  endfacet
  facet normal 0 0 1
    outer loop
      vertex -11.714599354217741 7.921136191556446 3
      vertex -11.607818854362517 7.905296800660583 3
      vertex -11.607818854362517 10.094703199339417 3
    endloop
  endfacet
  facet normal 0 0 1
    outer loop
      vertex -11.607818854362517 7.905296800660583 3
      vertex -11.5 7.9 3
      vertex -11.5 10.1 3
    endloop
  endfacet
  facet normal 0 0 1
    outer loop
      vertex -11.819313144979908 7.94736563069457 3
      vertex -11.714599354217741 10.078863808443554 3
      vertex -11.819313144979908 10.05263436930543 3
    endloop
  endfacet
  facet normal 0 0 1
    outer loop
      vertex -11.714599354217741 7.921136191556446 3
      vertex -11.607818854362517 10.094703199339417 3
      vertex -11.714599354217741 10.078863808443554 3
    endloop
  endfacet
  facet normal 0 0 1
    outer loop
      vertex -11.607818854362517 7.905296800660583 3
      vertex -11.5 10.1 3
      vertex -11.607818854362517 10.094703199339417 3
    endloop
  endfacet
  facet normal 0 0 1
    outer loop
      vertex -11.5 7.9 3
      vertex -11.392181145637483 7.905296800660583 3
      vertex -11.392181145637483 10.094703199339417 3
    endloop
  endfacet
  facet normal 0 0 1
    outer loop
      vertex -11.392181145637483 7.905296800660583 3
      vertex -11.285400645782259 7.921136191556446 3
      vertex -11.285400645782259 10.078863808443554 3
    endloop
  endfacet
  facet normal 0 0 1
    outer loop
      vertex -11.285400645782259 7.921136191556446 3
      vertex -11.180686855020092 7.94736563069457 3
      vertex -11.180686855020092 10.05263436930543 3
    endloop
  endfacet
  facet normal 0 0 1
    outer loop
      vertex -11.5 7.9 3
      vertex -11.392181145637483 10.094703199339417 3
      vertex -11.5 10.1 3
    endloop
  endfacet
  facet normal 0 0 1
    outer loop
      vertex -11.392181145637483 7.905296800660583 3
      vertex -11.285400645782259 10.078863808443554 3
      vertex -11.392181145637483 10.094703199339417 3
    endloop
  endfacet
  facet normal 0 0 1
    outer loop
      vertex -11.285400645782259 7.921136191556446 3
      vertex -11.180686855020092 10.05263436930543 3
      vertex -11.285400645782259 10.078863808443554 3
    endloop
  endfacet
  facet normal 0 0 1
    outer loop
      vertex -11.180686855020092 7.94736563069457 3
      vertex -11.0790482243984 7.983732514237585 3
      vertex -11.0790482243984 10.016267485762416 3
    endloop
  endfacet
  facet normal 0 0 1
    outer loop
      vertex -11.0790482243984 7.983732514237585 3
      vertex -10.981463589491403 8.02988660921681 3
      vertex -10.981463589491403 9.97011339078319 3
    endloop
  endfacet
  facet normal 0 0 1
    outer loop
      vertex -10.981463589491403 8.02988660921681 3
      vertex -10.888872743678437 8.0853834264672 3
      vertex -10.888872743678437 9.9146165735328 3
    endloop
  endfacet
  facet normal 0 0 1
    outer loop
      vertex -10.888872743678437 8.0853834264672 3
      vertex -10.80216738741999 8.14968850130099 3
      vertex -10.80216738741999 9.85031149869901 3
    endloop
  endfacet
  facet normal 0 0 1
    outer loop
      vertex -11.180686855020092 7.94736563069457 3
      vertex -11.0790482243984 10.016267485762416 3
      vertex -11.180686855020092 10.05263436930543 3
    endloop
  endfacet
  facet normal 0 0 1
    outer loop
      vertex -11.0790482243984 7.983732514237585 3
      vertex -10.981463589491403 9.97011339078319 3
      vertex -11.0790482243984 10.016267485762416 3
    endloop
  endfacet
  facet normal 0 0 1
    outer loop
      vertex -10.981463589491403 8.02988660921681 3
      vertex -10.888872743678437 9.9146165735328 3
      vertex -10.981463589491403 9.97011339078319 3
    endloop
  endfacet
  facet normal 0 0 1
    outer loop
      vertex -10.888872743678437 8.0853834264672 3
      vertex -10.80216738741999 9.85031149869901 3
      vertex -10.888872743678437 9.9146165735328 3
    endloop
  endfacet
  facet normal 0 0 1
    outer loop
      vertex -10.80216738741999 8.14968850130099 3
      vertex -10.722182540694797 8.222182540694797 3
      vertex -10.722182540694797 9.777817459305203 3
    endloop
  endfacet
  facet normal 0 0 1
    outer loop
      vertex -10.722182540694797 8.222182540694797 3
      vertex -10.64968850130099 8.30216738741999 3
      vertex -10.64968850130099 9.69783261258001 3
    endloop
  endfacet
  facet normal 0 0 1
    outer loop
      vertex -10.64968850130099 8.30216738741999 3
      vertex -10.5853834264672 8.388872743678437 3
      vertex -10.5853834264672 9.611127256321563 3
    endloop
  endfacet
  facet normal 0 0 1
    outer loop
      vertex -10.5853834264672 8.388872743678437 3
      vertex -10.52988660921681 8.481463589491403 3
      vertex -10.52988660921681 9.518536410508597 3
    endloop
  endfacet
  facet normal 0 0 1
    outer loop
      vertex -10.722182540694797 8.222182540694797 3
      vertex -10.64968850130099 9.69783261258001 3
      vertex -10.722182540694797 9.777817459305203 3
    endloop
  endfacet
  facet normal 0 0 1
    outer loop
      vertex -10.80216738741999 8.14968850130099 3
      vertex -10.722182540694797 9.777817459305203 3
      vertex -10.80216738741999 9.85031149869901 3
    endloop
  endfacet
  facet normal 0 0 1
    outer loop
      vertex -10.64968850130099 8.30216738741999 3
      vertex -10.5853834264672 9.611127256321563 3
      vertex -10.64968850130099 9.69783261258001 3
    endloop
  endfacet
  facet normal 0 0 1
    outer loop
      vertex -10.5853834264672 8.388872743678437 3
      vertex -10.52988660921681 9.518536410508597 3
      vertex -10.5853834264672 9.611127256321563 3
    endloop
  endfacet
  facet normal 0 0 1
    outer loop
      vertex -10.52988660921681 8.481463589491403 3
      vertex -10.483732514237584 9.4209517756016 3
      vertex -10.52988660921681 9.518536410508597 3
    endloop
  endfacet
  facet normal 0 0 1
    outer loop
      vertex -10.52988660921681 8.481463589491403 3
      vertex -10.483732514237584 8.5790482243984 3
      vertex -10.483732514237584 9.4209517756016 3
    endloop
  endfacet
  facet normal 0 0 1
    outer loop
      vertex -10.483732514237584 8.5790482243984 3
      vertex -10.44736563069457 8.680686855020092 3
      vertex -10.44736563069457 9.319313144979908 3
    endloop
  endfacet
  facet normal 0 0 1
    outer loop
      vertex -10.44736563069457 8.680686855020092 3
      vertex -10.421136191556446 8.785400645782259 3
      vertex -10.421136191556446 9.214599354217741 3
    endloop
  endfacet
  facet normal 0 0 1
    outer loop
      vertex -10.421136191556446 8.785400645782259 3
      vertex -10.405296800660583 8.892181145637483 3
      vertex -10.405296800660583 9.107818854362517 3
    endloop
  endfacet
  facet normal 0 0 1
    outer loop
      vertex -10.405296800660583 8.892181145637483 3
      vertex -10.4 9 3
      vertex -10.405296800660583 9.107818854362517 3
    endloop
  endfacet
  facet normal 0 0 1
    outer loop
      vertex -10.483732514237584 8.5790482243984 3
      vertex -10.44736563069457 9.319313144979908 3
      vertex -10.483732514237584 9.4209517756016 3
    endloop
  endfacet
  facet normal 0 0 1
    outer loop
      vertex -10.44736563069457 8.680686855020092 3
      vertex -10.421136191556446 9.214599354217741 3
      vertex -10.44736563069457 9.319313144979908 3
    endloop
  endfacet
  facet normal 0 0 1
    outer loop
      vertex -10.421136191556446 8.785400645782259 3
      vertex -10.405296800660583 9.107818854362517 3
      vertex -10.421136191556446 9.214599354217741 3
    endloop
  endfacet
  facet normal 0.903989293123438 0.4275550934302933 0
    outer loop
      vertex -12.516267485762416 8.5790482243984 3
      vertex -12.516267485762416 8.5790482243984 9
      vertex -12.47011339078319 8.481463589491403 3
    endloop
  endfacet
  facet normal 0.5956993044924407 0.8032075314806394 -3.3721249029392884e-19
    outer loop
      vertex -12.111127256321563 8.0853834264672 3
      vertex -12.19783261258001 8.14968850130099 3
      vertex -12.19783261258001 8.14968850130099 9
    endloop
  endfacet
  facet normal 0.8032075314806394 0.5956993044924407 0
    outer loop
      vertex -12.4146165735328 8.388872743678437 3
      vertex -12.4146165735328 8.388872743678437 9
      vertex -12.35031149869901 8.30216738741999 3
    endloop
  endfacet
  facet normal 0.7409511253549625 0.6715589548470147 -6.094695586707055e-20
    outer loop
      vertex -12.277817459305203 8.222182540694797 3
      vertex -12.35031149869901 8.30216738741999 3
      vertex -12.35031149869901 8.30216738741999 9
    endloop
  endfacet
  facet normal 0.857728610000278 0.5141027441932118 6.617584493128081e-19
    outer loop
      vertex -12.4146165735328 8.388872743678437 3
      vertex -12.47011339078319 8.481463589491403 3
      vertex -12.47011339078319 8.481463589491403 9
    endloop
  endfacet
  facet normal 0.6715589548470147 0.7409511253549625 0
    outer loop
      vertex -12.277817459305203 8.222182540694797 3
      vertex -12.277817459305203 8.222182540694797 9
      vertex -12.19783261258001 8.14968850130099 3
    endloop
  endfacet
  facet normal 0.5141027441932118 0.857728610000278 0
    outer loop
      vertex -12.111127256321563 8.0853834264672 3
      vertex -12.111127256321563 8.0853834264672 9
      vertex -12.018536410508597 8.02988660921681 3
    endloop
  endfacet
  facet normal 0.4275550934302866 0.9039892931234412 -4.533759041661512e-19
    outer loop
      vertex -11.9209517756016 7.983732514237585 3
      vertex -12.018536410508597 8.02988660921681 3
      vertex -12.018536410508597 8.02988660921681 9
    endloop
  endfacet
  facet normal 0.33688985339222144 0.9415440651830203 0
    outer loop
      vertex -11.9209517756016 7.983732514237585 3
      vertex -11.9209517756016 7.983732514237585 9
      vertex -11.819313144979908 7.94736563069457 3
    endloop
  endfacet
  facet normal 0.9700312531945433 0.24298017990326626 -1.2962249855757533e-19
    outer loop
      vertex -12.55263436930543 8.680686855020092 3
      vertex -12.578863808443554 8.785400645782259 3
      vertex -12.578863808443554 8.785400645782259 9
    endloop
  endfacet
  facet normal 0.9415440651830228 0.33688985339221417 6.050685507994252e-20
    outer loop
      vertex -12.516267485762416 8.5790482243984 3
      vertex -12.55263436930543 8.680686855020092 3
      vertex -12.55263436930543 8.680686855020092 9
    endloop
  endfacet
  facet normal 0.9891765099647811 0.14673047445536055 0
    outer loop
      vertex -12.594703199339417 8.892181145637483 3
      vertex -12.594703199339417 8.892181145637483 9
      vertex -12.578863808443554 8.785400645782259 3
    endloop
  endfacet
  facet normal 0.9987954562051727 0.0490676743274112 5.717609967348203e-20
    outer loop
      vertex -12.594703199339417 8.892181145637483 3
      vertex -12.6 9 3
      vertex -12.6 9 9
    endloop
  endfacet
  facet normal 0.9987954562051727 -0.0490676743274112 -5.717609967348203e-20
    outer loop
      vertex -12.6 9 3
      vertex -12.594703199339417 9.107818854362517 3
      vertex -12.594703199339417 9.107818854362517 9
    endloop
  endfacet
  facet normal 0.9891765099647811 -0.14673047445536055 -4.659364057048446e-20
    outer loop
      vertex -12.594703199339417 9.107818854362517 3
      vertex -12.578863808443554 9.214599354217741 3
      vertex -12.578863808443554 9.214599354217741 9
    endloop
  endfacet
  facet normal 0.9700312531945433 -0.24298017990326626 1.2962249855757533e-19
    outer loop
      vertex -12.578863808443554 9.214599354217741 3
      vertex -12.55263436930543 9.319313144979908 3
      vertex -12.55263436930543 9.319313144979908 9
    endloop
  endfacet
  facet normal 0.9415440651830228 -0.33688985339221417 -6.050685507994252e-20
    outer loop
      vertex -12.55263436930543 9.319313144979908 3
      vertex -12.516267485762416 9.4209517756016 3
      vertex -12.516267485762416 9.4209517756016 9
    endloop
  endfacet
  facet normal 0.903989293123438 -0.4275550934302933 3.551705035244757e-19
    outer loop
      vertex -12.516267485762416 9.4209517756016 3
      vertex -12.47011339078319 9.518536410508597 3
      vertex -12.47011339078319 9.518536410508597 9
    endloop
  endfacet
  facet normal 0.857728610000278 -0.5141027441932118 -6.617584493128081e-19
    outer loop
      vertex -12.47011339078319 9.518536410508597 3
      vertex -12.4146165735328 9.611127256321563 3
      vertex -12.4146165735328 9.611127256321563 9
    endloop
  endfacet
  facet normal 0.8032075314806394 -0.5956993044924407 3.3721249029392884e-19
    outer loop
      vertex -12.4146165735328 9.611127256321563 3
      vertex -12.35031149869901 9.69783261258001 3
      vertex -12.35031149869901 9.69783261258001 9
    endloop
  endfacet
  facet normal 0.7409511253549625 -0.6715589548470147 6.094695586707055e-20
    outer loop
      vertex -12.35031149869901 9.69783261258001 3
      vertex -12.277817459305203 9.777817459305203 3
      vertex -12.277817459305203 9.777817459305203 9
    endloop
  endfacet
  facet normal 0.6715589548470147 -0.7409511253549625 6.094695586707055e-20
    outer loop
      vertex -12.277817459305203 9.777817459305203 3
      vertex -12.19783261258001 9.85031149869901 3
      vertex -12.19783261258001 9.85031149869901 9
    endloop
  endfacet
  facet normal 0.5956993044924407 -0.8032075314806394 3.3721249029392884e-19
    outer loop
      vertex -12.19783261258001 9.85031149869901 3
      vertex -12.111127256321563 9.9146165735328 3
      vertex -12.111127256321563 9.9146165735328 9
    endloop
  endfacet
  facet normal 0.5141027441932118 -0.857728610000278 -6.617584493128081e-19
    outer loop
      vertex -12.111127256321563 9.9146165735328 3
      vertex -12.018536410508597 9.97011339078319 3
      vertex -12.018536410508597 9.97011339078319 9
    endloop
  endfacet
  facet normal 0.4275550934302933 -0.903989293123438 3.551705035244757e-19
    outer loop
      vertex -12.018536410508597 9.97011339078319 3
      vertex -11.9209517756016 10.016267485762416 3
      vertex -11.9209517756016 10.016267485762416 9
    endloop
  endfacet
  facet normal 0.33688985339221417 -0.9415440651830228 -6.050685507994252e-20
    outer loop
      vertex -11.9209517756016 10.016267485762416 3
      vertex -11.819313144979908 10.05263436930543 3
      vertex -11.819313144979908 10.05263436930543 9
    endloop
  endfacet
  facet normal 0.24298017990326626 0.9700312531945433 0
    outer loop
      vertex -11.819313144979908 7.94736563069457 3
      vertex -11.819313144979908 7.94736563069457 9
      vertex -11.714599354217741 7.921136191556446 3
    endloop
  endfacet
  facet normal 0.14673047445536055 0.9891765099647811 0
    outer loop
      vertex -11.714599354217741 7.921136191556446 3
      vertex -11.714599354217741 7.921136191556446 9
      vertex -11.607818854362517 7.905296800660583 3
    endloop
  endfacet
  facet normal 0.0490676743274112 0.9987954562051727 0
    outer loop
      vertex -11.607818854362517 7.905296800660583 3
      vertex -11.607818854362517 7.905296800660583 9
      vertex -11.5 7.9 3
    endloop
  endfacet
  facet normal -0.0490676743274112 0.9987954562051727 0
    outer loop
      vertex -11.5 7.9 3
      vertex -11.5 7.9 9
      vertex -11.392181145637483 7.905296800660583 3
    endloop
  endfacet
  facet normal -0.14673047445536055 0.9891765099647811 0
    outer loop
      vertex -11.392181145637483 7.905296800660583 3
      vertex -11.392181145637483 7.905296800660583 9
      vertex -11.285400645782259 7.921136191556446 3
    endloop
  endfacet
  facet normal -0.24298017990326626 0.9700312531945433 0
    outer loop
      vertex -11.285400645782259 7.921136191556446 3
      vertex -11.285400645782259 7.921136191556446 9
      vertex -11.180686855020092 7.94736563069457 3
    endloop
  endfacet
  facet normal -0.33688985339222144 0.9415440651830203 0
    outer loop
      vertex -11.180686855020092 7.94736563069457 3
      vertex -11.180686855020092 7.94736563069457 9
      vertex -11.0790482243984 7.983732514237585 3
    endloop
  endfacet
  facet normal -0.4275550934302866 0.9039892931234412 0
    outer loop
      vertex -11.0790482243984 7.983732514237585 3
      vertex -11.0790482243984 7.983732514237585 9
      vertex -10.981463589491403 8.02988660921681 3
    endloop
  endfacet
  facet normal -0.5141027441932118 0.857728610000278 0
    outer loop
      vertex -10.981463589491403 8.02988660921681 3
      vertex -10.981463589491403 8.02988660921681 9
      vertex -10.888872743678437 8.0853834264672 3
    endloop
  endfacet
  facet normal -0.5956993044924407 0.8032075314806394 0
    outer loop
      vertex -10.888872743678437 8.0853834264672 3
      vertex -10.888872743678437 8.0853834264672 9
      vertex -10.80216738741999 8.14968850130099 3
    endloop
  endfacet
  facet normal -0.6715589548470147 0.7409511253549625 0
    outer loop
      vertex -10.80216738741999 8.14968850130099 3
      vertex -10.80216738741999 8.14968850130099 9
      vertex -10.722182540694797 8.222182540694797 3
    endloop
  endfacet
  facet normal -0.7409511253549625 0.6715589548470147 0
    outer loop
      vertex -10.722182540694797 8.222182540694797 3
      vertex -10.722182540694797 8.222182540694797 9
      vertex -10.64968850130099 8.30216738741999 3
    endloop
  endfacet
  facet normal -0.8032075314806394 0.5956993044924407 0
    outer loop
      vertex -10.64968850130099 8.30216738741999 3
      vertex -10.64968850130099 8.30216738741999 9
      vertex -10.5853834264672 8.388872743678437 3
    endloop
  endfacet
  facet normal -0.857728610000278 0.5141027441932118 0
    outer loop
      vertex -10.5853834264672 8.388872743678437 3
      vertex -10.5853834264672 8.388872743678437 9
      vertex -10.52988660921681 8.481463589491403 3
    endloop
  endfacet
  facet normal -0.903989293123438 0.4275550934302933 0
    outer loop
      vertex -10.52988660921681 8.481463589491403 3
      vertex -10.52988660921681 8.481463589491403 9
      vertex -10.483732514237584 8.5790482243984 3
    endloop
  endfacet
  facet normal 0.24298017990326626 -0.9700312531945433 1.2962249855757533e-19
    outer loop
      vertex -11.819313144979908 10.05263436930543 3
      vertex -11.714599354217741 10.078863808443554 3
      vertex -11.714599354217741 10.078863808443554 9
    endloop
  endfacet
  facet normal 0.14673047445536055 -0.9891765099647811 -4.659364057048446e-20
    outer loop
      vertex -11.714599354217741 10.078863808443554 3
      vertex -11.607818854362517 10.094703199339417 3
      vertex -11.607818854362517 10.094703199339417 9
    endloop
  endfacet
  facet normal 0.0490676743274112 -0.9987954562051727 -5.717609967348203e-20
    outer loop
      vertex -11.607818854362517 10.094703199339417 3
      vertex -11.5 10.1 3
      vertex -11.5 10.1 9
    endloop
  endfacet
  facet normal -0.0490676743274112 -0.9987954562051727 5.717609967348203e-20
    outer loop
      vertex -11.5 10.1 3
      vertex -11.392181145637483 10.094703199339417 3
      vertex -11.392181145637483 10.094703199339417 9
    endloop
  endfacet
  facet normal -0.14673047445536055 -0.9891765099647811 4.659364057048446e-20
    outer loop
      vertex -11.392181145637483 10.094703199339417 3
      vertex -11.285400645782259 10.078863808443554 3
      vertex -11.285400645782259 10.078863808443554 9
    endloop
  endfacet
  facet normal -0.24298017990326626 -0.9700312531945433 -1.2962249855757533e-19
    outer loop
      vertex -11.285400645782259 10.078863808443554 3
      vertex -11.180686855020092 10.05263436930543 3
      vertex -11.180686855020092 10.05263436930543 9
    endloop
  endfacet
  facet normal -0.5956993044924407 -0.8032075314806394 -3.3721249029392884e-19
    outer loop
      vertex -10.888872743678437 9.9146165735328 3
      vertex -10.80216738741999 9.85031149869901 3
      vertex -10.80216738741999 9.85031149869901 9
    endloop
  endfacet
  facet normal -0.33688985339221417 -0.9415440651830228 6.050685507994252e-20
    outer loop
      vertex -11.180686855020092 10.05263436930543 3
      vertex -11.0790482243984 10.016267485762416 3
      vertex -11.0790482243984 10.016267485762416 9
    endloop
  endfacet
  facet normal -0.4275550934302933 -0.903989293123438 -3.551705035244757e-19
    outer loop
      vertex -11.0790482243984 10.016267485762416 3
      vertex -10.981463589491403 9.97011339078319 3
      vertex -10.981463589491403 9.97011339078319 9
    endloop
  endfacet
  facet normal -0.5141027441932118 -0.857728610000278 6.617584493128081e-19
    outer loop
      vertex -10.981463589491403 9.97011339078319 3
      vertex -10.888872743678437 9.9146165735328 3
      vertex -10.888872743678437 9.9146165735328 9
    endloop
  endfacet
  facet normal -0.6715589548470147 -0.7409511253549625 -6.094695586707055e-20
    outer loop
      vertex -10.80216738741999 9.85031149869901 3
      vertex -10.722182540694797 9.777817459305203 3
      vertex -10.722182540694797 9.777817459305203 9
    endloop
  endfacet
  facet normal -0.7409511253549625 -0.6715589548470147 -6.094695586707055e-20
    outer loop
      vertex -10.722182540694797 9.777817459305203 3
      vertex -10.64968850130099 9.69783261258001 3
      vertex -10.64968850130099 9.69783261258001 9
    endloop
  endfacet
  facet normal -0.8032075314806394 -0.5956993044924407 -3.3721249029392884e-19
    outer loop
      vertex -10.64968850130099 9.69783261258001 3
      vertex -10.5853834264672 9.611127256321563 3
      vertex -10.5853834264672 9.611127256321563 9
    endloop
  endfacet
  facet normal -0.857728610000278 -0.5141027441932118 0
    outer loop
      vertex -10.52988660921681 9.518536410508597 3
      vertex -10.52988660921681 9.518536410508597 9
      vertex -10.5853834264672 9.611127256321563 3
    endloop
  endfacet
  facet normal 0.903989293123438 0.4275550934302933 0
    outer loop
      vertex -12.47011339078319 8.481463589491403 3
      vertex -12.516267485762416 8.5790482243984 9
      vertex -12.47011339078319 8.481463589491403 9
    endloop
  endfacet
  facet normal 0.8032075314806394 0.5956993044924407 0
    outer loop
      vertex -12.35031149869901 8.30216738741999 3
      vertex -12.4146165735328 8.388872743678437 9
      vertex -12.35031149869901 8.30216738741999 9
    endloop
  endfacet
  facet normal 0.857728610000278 0.5141027441932118 0
    outer loop
      vertex -12.4146165735328 8.388872743678437 3
      vertex -12.47011339078319 8.481463589491403 9
      vertex -12.4146165735328 8.388872743678437 9
    endloop
  endfacet
  facet normal 0.7409511253549625 0.6715589548470147 0
    outer loop
      vertex -12.277817459305203 8.222182540694797 3
      vertex -12.35031149869901 8.30216738741999 9
      vertex -12.277817459305203 8.222182540694797 9
    endloop
  endfacet
  facet normal 0.6715589548470147 0.7409511253549625 0
    outer loop
      vertex -12.19783261258001 8.14968850130099 3
      vertex -12.277817459305203 8.222182540694797 9
      vertex -12.19783261258001 8.14968850130099 9
    endloop
  endfacet
  facet normal 0.5956993044924407 0.8032075314806394 0
    outer loop
      vertex -12.111127256321563 8.0853834264672 3
      vertex -12.19783261258001 8.14968850130099 9
      vertex -12.111127256321563 8.0853834264672 9
    endloop
  endfacet
  facet normal 0.5141027441932118 0.857728610000278 0
    outer loop
      vertex -12.018536410508597 8.02988660921681 3
      vertex -12.111127256321563 8.0853834264672 9
      vertex -12.018536410508597 8.02988660921681 9
    endloop
  endfacet
  facet normal 0.4275550934302866 0.9039892931234412 0
    outer loop
      vertex -11.9209517756016 7.983732514237585 3
      vertex -12.018536410508597 8.02988660921681 9
      vertex -11.9209517756016 7.983732514237585 9
    endloop
  endfacet
  facet normal 0.33688985339222144 0.9415440651830203 0
    outer loop
      vertex -11.819313144979908 7.94736563069457 3
      vertex -11.9209517756016 7.983732514237585 9
      vertex -11.819313144979908 7.94736563069457 9
    endloop
  endfacet
  facet normal 0.9700312531945433 0.24298017990326626 0
    outer loop
      vertex -12.55263436930543 8.680686855020092 3
      vertex -12.578863808443554 8.785400645782259 9
      vertex -12.55263436930543 8.680686855020092 9
    endloop
  endfacet
  facet normal 0.9415440651830228 0.33688985339221417 0
    outer loop
      vertex -12.516267485762416 8.5790482243984 3
      vertex -12.55263436930543 8.680686855020092 9
      vertex -12.516267485762416 8.5790482243984 9
    endloop
  endfacet
  facet normal 0.9891765099647811 0.14673047445536055 0
    outer loop
      vertex -12.578863808443554 8.785400645782259 3
      vertex -12.594703199339417 8.892181145637483 9
      vertex -12.578863808443554 8.785400645782259 9
    endloop
  endfacet
  facet normal 0.9987954562051727 0.0490676743274112 0
    outer loop
      vertex -12.594703199339417 8.892181145637483 3
      vertex -12.6 9 9
      vertex -12.594703199339417 8.892181145637483 9
    endloop
  endfacet
  facet normal 0.9987954562051727 -0.0490676743274112 0
    outer loop
      vertex -12.6 9 3
      vertex -12.594703199339417 9.107818854362517 9
      vertex -12.6 9 9
    endloop
  endfacet
  facet normal 0.9891765099647811 -0.14673047445536055 0
    outer loop
      vertex -12.594703199339417 9.107818854362517 3
      vertex -12.578863808443554 9.214599354217741 9
      vertex -12.594703199339417 9.107818854362517 9
    endloop
  endfacet
  facet normal 0.9700312531945433 -0.24298017990326626 0
    outer loop
      vertex -12.578863808443554 9.214599354217741 3
      vertex -12.55263436930543 9.319313144979908 9
      vertex -12.578863808443554 9.214599354217741 9
    endloop
  endfacet
  facet normal 0.9415440651830228 -0.33688985339221417 0
    outer loop
      vertex -12.55263436930543 9.319313144979908 3
      vertex -12.516267485762416 9.4209517756016 9
      vertex -12.55263436930543 9.319313144979908 9
    endloop
  endfacet
  facet normal 0.903989293123438 -0.4275550934302933 0
    outer loop
      vertex -12.516267485762416 9.4209517756016 3
      vertex -12.47011339078319 9.518536410508597 9
      vertex -12.516267485762416 9.4209517756016 9
    endloop
  endfacet
  facet normal 0.857728610000278 -0.5141027441932118 0
    outer loop
      vertex -12.47011339078319 9.518536410508597 3
      vertex -12.4146165735328 9.611127256321563 9
      vertex -12.47011339078319 9.518536410508597 9
    endloop
  endfacet
  facet normal 0.8032075314806394 -0.5956993044924407 0
    outer loop
      vertex -12.4146165735328 9.611127256321563 3
      vertex -12.35031149869901 9.69783261258001 9
      vertex -12.4146165735328 9.611127256321563 9
    endloop
  endfacet
  facet normal 0.7409511253549625 -0.6715589548470147 0
    outer loop
      vertex -12.35031149869901 9.69783261258001 3
      vertex -12.277817459305203 9.777817459305203 9
      vertex -12.35031149869901 9.69783261258001 9
    endloop
  endfacet
  facet normal 0.6715589548470147 -0.7409511253549625 0
    outer loop
      vertex -12.277817459305203 9.777817459305203 3
      vertex -12.19783261258001 9.85031149869901 9
      vertex -12.277817459305203 9.777817459305203 9
    endloop
  endfacet
  facet normal 0.5956993044924407 -0.8032075314806394 0
    outer loop
      vertex -12.19783261258001 9.85031149869901 3
      vertex -12.111127256321563 9.9146165735328 9
      vertex -12.19783261258001 9.85031149869901 9
    endloop
  endfacet
  facet normal 0.5141027441932118 -0.857728610000278 0
    outer loop
      vertex -12.111127256321563 9.9146165735328 3
      vertex -12.018536410508597 9.97011339078319 9
      vertex -12.111127256321563 9.9146165735328 9
    endloop
  endfacet
  facet normal 0.4275550934302933 -0.903989293123438 0
    outer loop
      vertex -12.018536410508597 9.97011339078319 3
      vertex -11.9209517756016 10.016267485762416 9
      vertex -12.018536410508597 9.97011339078319 9
    endloop
  endfacet
  facet normal 0.33688985339221417 -0.9415440651830228 0
    outer loop
      vertex -11.9209517756016 10.016267485762416 3
      vertex -11.819313144979908 10.05263436930543 9
      vertex -11.9209517756016 10.016267485762416 9
    endloop
  endfacet
  facet normal 0.24298017990326626 0.9700312531945433 0
    outer loop
      vertex -11.714599354217741 7.921136191556446 3
      vertex -11.819313144979908 7.94736563069457 9
      vertex -11.714599354217741 7.921136191556446 9
    endloop
  endfacet
  facet normal 0.14673047445536055 0.9891765099647811 0
    outer loop
      vertex -11.607818854362517 7.905296800660583 3
      vertex -11.714599354217741 7.921136191556446 9
      vertex -11.607818854362517 7.905296800660583 9
    endloop
  endfacet
  facet normal 0.0490676743274112 0.9987954562051727 0
    outer loop
      vertex -11.5 7.9 3
      vertex -11.607818854362517 7.905296800660583 9
      vertex -11.5 7.9 9
    endloop
  endfacet
  facet normal -0.0490676743274112 0.9987954562051727 0
    outer loop
      vertex -11.392181145637483 7.905296800660583 3
      vertex -11.5 7.9 9
      vertex -11.392181145637483 7.905296800660583 9
    endloop
  endfacet
  facet normal -0.14673047445536055 0.9891765099647811 0
    outer loop
      vertex -11.285400645782259 7.921136191556446 3
      vertex -11.392181145637483 7.905296800660583 9
      vertex -11.285400645782259 7.921136191556446 9
    endloop
  endfacet
  facet normal -0.24298017990326626 0.9700312531945433 0
    outer loop
      vertex -11.180686855020092 7.94736563069457 3
      vertex -11.285400645782259 7.921136191556446 9
      vertex -11.180686855020092 7.94736563069457 9
    endloop
  endfacet
  facet normal -0.33688985339222144 0.9415440651830203 0
    outer loop
      vertex -11.0790482243984 7.983732514237585 3
      vertex -11.180686855020092 7.94736563069457 9
      vertex -11.0790482243984 7.983732514237585 9
    endloop
  endfacet
  facet normal -0.4275550934302866 0.9039892931234412 0
    outer loop
      vertex -10.981463589491403 8.02988660921681 3
      vertex -11.0790482243984 7.983732514237585 9
      vertex -10.981463589491403 8.02988660921681 9
    endloop
  endfacet
  facet normal -0.5141027441932118 0.857728610000278 0
    outer loop
      vertex -10.888872743678437 8.0853834264672 3
      vertex -10.981463589491403 8.02988660921681 9
      vertex -10.888872743678437 8.0853834264672 9
    endloop
  endfacet
  facet normal -0.5956993044924407 0.8032075314806394 0
    outer loop
      vertex -10.80216738741999 8.14968850130099 3
      vertex -10.888872743678437 8.0853834264672 9
      vertex -10.80216738741999 8.14968850130099 9
    endloop
  endfacet
  facet normal -0.6715589548470147 0.7409511253549625 0
    outer loop
      vertex -10.722182540694797 8.222182540694797 3
      vertex -10.80216738741999 8.14968850130099 9
      vertex -10.722182540694797 8.222182540694797 9
    endloop
  endfacet
  facet normal -0.7409511253549625 0.6715589548470147 0
    outer loop
      vertex -10.64968850130099 8.30216738741999 3
      vertex -10.722182540694797 8.222182540694797 9
      vertex -10.64968850130099 8.30216738741999 9
    endloop
  endfacet
  facet normal -0.8032075314806394 0.5956993044924407 0
    outer loop
      vertex -10.5853834264672 8.388872743678437 3
      vertex -10.64968850130099 8.30216738741999 9
      vertex -10.5853834264672 8.388872743678437 9
    endloop
  endfacet
  facet normal -0.857728610000278 0.5141027441932118 0
    outer loop
      vertex -10.52988660921681 8.481463589491403 3
      vertex -10.5853834264672 8.388872743678437 9
      vertex -10.52988660921681 8.481463589491403 9
    endloop
  endfacet
  facet normal 0.24298017990326626 -0.9700312531945433 0
    outer loop
      vertex -11.819313144979908 10.05263436930543 3
      vertex -11.714599354217741 10.078863808443554 9
      vertex -11.819313144979908 10.05263436930543 9
    endloop
  endfacet
  facet normal 0.14673047445536055 -0.9891765099647811 0
    outer loop
      vertex -11.714599354217741 10.078863808443554 3
      vertex -11.607818854362517 10.094703199339417 9
      vertex -11.714599354217741 10.078863808443554 9
    endloop
  endfacet
  facet normal 0.0490676743274112 -0.9987954562051727 0
    outer loop
      vertex -11.607818854362517 10.094703199339417 3
      vertex -11.5 10.1 9
      vertex -11.607818854362517 10.094703199339417 9
    endloop
  endfacet
  facet normal -0.14673047445536055 -0.9891765099647811 0
    outer loop
      vertex -11.392181145637483 10.094703199339417 3
      vertex -11.285400645782259 10.078863808443554 9
      vertex -11.392181145637483 10.094703199339417 9
    endloop
  endfacet
  facet normal -0.0490676743274112 -0.9987954562051727 0
    outer loop
      vertex -11.5 10.1 3
      vertex -11.392181145637483 10.094703199339417 9
      vertex -11.5 10.1 9
    endloop
  endfacet
  facet normal -0.24298017990326626 -0.9700312531945433 0
    outer loop
      vertex -11.285400645782259 10.078863808443554 3
      vertex -11.180686855020092 10.05263436930543 9
      vertex -11.285400645782259 10.078863808443554 9
    endloop
  endfacet
  facet normal -0.33688985339221417 -0.9415440651830228 0
    outer loop
      vertex -11.180686855020092 10.05263436930543 3
      vertex -11.0790482243984 10.016267485762416 9
      vertex -11.180686855020092 10.05263436930543 9
    endloop
  endfacet
  facet normal -0.4275550934302933 -0.903989293123438 0
    outer loop
      vertex -11.0790482243984 10.016267485762416 3
      vertex -10.981463589491403 9.97011339078319 9
      vertex -11.0790482243984 10.016267485762416 9
    endloop
  endfacet
  facet normal -0.5141027441932118 -0.857728610000278 0
    outer loop
      vertex -10.981463589491403 9.97011339078319 3
      vertex -10.888872743678437 9.9146165735328 9
      vertex -10.981463589491403 9.97011339078319 9
    endloop
  endfacet
  facet normal -0.5956993044924407 -0.8032075314806394 0
    outer loop
      vertex -10.888872743678437 9.9146165735328 3
      vertex -10.80216738741999 9.85031149869901 9
      vertex -10.888872743678437 9.9146165735328 9
    endloop
  endfacet
  facet normal -0.6715589548470147 -0.7409511253549625 0
    outer loop
      vertex -10.80216738741999 9.85031149869901 3
      vertex -10.722182540694797 9.777817459305203 9
      vertex -10.80216738741999 9.85031149869901 9
    endloop
  endfacet
  facet normal -0.7409511253549625 -0.6715589548470147 0
    outer loop
      vertex -10.722182540694797 9.777817459305203 3
      vertex -10.64968850130099 9.69783261258001 9
      vertex -10.722182540694797 9.777817459305203 9
    endloop
  endfacet
  facet normal -0.903989293123438 -0.4275550934302933 0
    outer loop
      vertex -10.52988660921681 9.518536410508597 3
      vertex -10.483732514237584 9.4209517756016 9
      vertex -10.52988660921681 9.518536410508597 9
    endloop
  endfacet
  facet normal -0.857728610000278 -0.5141027441932118 0
    outer loop
      vertex -10.5853834264672 9.611127256321563 3
      vertex -10.52988660921681 9.518536410508597 9
      vertex -10.5853834264672 9.611127256321563 9
    endloop
  endfacet
  facet normal -0.8032075314806394 -0.5956993044924407 0
    outer loop
      vertex -10.64968850130099 9.69783261258001 3
      vertex -10.5853834264672 9.611127256321563 9
      vertex -10.64968850130099 9.69783261258001 9
    endloop
  endfacet
  facet normal -0.9415440651830228 0.33688985339221417 0
    outer loop
      vertex -10.483732514237584 8.5790482243984 3
      vertex -10.483732514237584 8.5790482243984 9
      vertex -10.44736563069457 8.680686855020092 3
    endloop
  endfacet
  facet normal -0.9700312531945433 0.24298017990326626 0
    outer loop
      vertex -10.44736563069457 8.680686855020092 3
      vertex -10.44736563069457 8.680686855020092 9
      vertex -10.421136191556446 8.785400645782259 3
    endloop
  endfacet
  facet normal -0.9891765099647811 0.14673047445536055 0
    outer loop
      vertex -10.421136191556446 8.785400645782259 3
      vertex -10.421136191556446 8.785400645782259 9
      vertex -10.405296800660583 8.892181145637483 3
    endloop
  endfacet
  facet normal -0.9987954562051727 0.0490676743274112 0
    outer loop
      vertex -10.405296800660583 8.892181145637483 3
      vertex -10.405296800660583 8.892181145637483 9
      vertex -10.4 9 3
    endloop
  endfacet
  facet normal -0.9987954562051727 -0.0490676743274112 0
    outer loop
      vertex -10.4 9 3
      vertex -10.4 9 9
      vertex -10.405296800660583 9.107818854362517 3
    endloop
  endfacet
  facet normal -0.9891765099647811 -0.14673047445536055 0
    outer loop
      vertex -10.405296800660583 9.107818854362517 3
      vertex -10.405296800660583 9.107818854362517 9
      vertex -10.421136191556446 9.214599354217741 3
    endloop
  endfacet
  facet normal -0.9700312531945433 -0.24298017990326626 0
    outer loop
      vertex -10.421136191556446 9.214599354217741 3
      vertex -10.421136191556446 9.214599354217741 9
      vertex -10.44736563069457 9.319313144979908 3
    endloop
  endfacet
  facet normal -0.9415440651830228 -0.33688985339221417 6.050685507994252e-20
    outer loop
      vertex -10.483732514237584 9.4209517756016 3
      vertex -10.44736563069457 9.319313144979908 3
      vertex -10.44736563069457 9.319313144979908 9
    endloop
  endfacet
  facet normal -0.903989293123438 -0.4275550934302933 -3.551705035244757e-19
    outer loop
      vertex -10.52988660921681 9.518536410508597 3
      vertex -10.483732514237584 9.4209517756016 3
      vertex -10.483732514237584 9.4209517756016 9
    endloop
  endfacet
  facet normal -0.903989293123438 0.4275550934302933 0
    outer loop
      vertex -10.483732514237584 8.5790482243984 3
      vertex -10.52988660921681 8.481463589491403 9
      vertex -10.483732514237584 8.5790482243984 9
    endloop
  endfacet
  facet normal -0.9415440651830228 0.33688985339221417 0
    outer loop
      vertex -10.44736563069457 8.680686855020092 3
      vertex -10.483732514237584 8.5790482243984 9
      vertex -10.44736563069457 8.680686855020092 9
    endloop
  endfacet
  facet normal -0.9700312531945433 0.24298017990326626 0
    outer loop
      vertex -10.421136191556446 8.785400645782259 3
      vertex -10.44736563069457 8.680686855020092 9
      vertex -10.421136191556446 8.785400645782259 9
    endloop
  endfacet
  facet normal -0.9891765099647811 0.14673047445536055 0
    outer loop
      vertex -10.405296800660583 8.892181145637483 3
      vertex -10.421136191556446 8.785400645782259 9
      vertex -10.405296800660583 8.892181145637483 9
    endloop
  endfacet
  facet normal -0.9987954562051727 0.0490676743274112 0
    outer loop
      vertex -10.4 9 3
      vertex -10.405296800660583 8.892181145637483 9
      vertex -10.4 9 9
    endloop
  endfacet
  facet normal -0.9987954562051727 -0.0490676743274112 0
    outer loop
      vertex -10.405296800660583 9.107818854362517 3
      vertex -10.4 9 9
      vertex -10.405296800660583 9.107818854362517 9
    endloop
  endfacet
  facet normal -0.9891765099647811 -0.14673047445536055 0
    outer loop
      vertex -10.421136191556446 9.214599354217741 3
      vertex -10.405296800660583 9.107818854362517 9
      vertex -10.421136191556446 9.214599354217741 9
    endloop
  endfacet
  facet normal -0.9700312531945433 -0.24298017990326626 0
    outer loop
      vertex -10.44736563069457 9.319313144979908 3
      vertex -10.421136191556446 9.214599354217741 9
      vertex -10.44736563069457 9.319313144979908 9
    endloop
  endfacet
  facet normal -0.9415440651830228 -0.33688985339221417 0
    outer loop
      vertex -10.483732514237584 9.4209517756016 3
      vertex -10.44736563069457 9.319313144979908 9
      vertex -10.483732514237584 9.4209517756016 9
    endloop
  endfacet
  facet normal 0 0 1
    outer loop
      vertex 10.44736563069457 -21.31931314497991 3
      vertex 10.44736563069457 -20.68068685502009 3
      vertex 10.421136191556446 -21.21459935421774 3
    endloop
  endfacet
  facet normal 0 0 1
    outer loop
      vertex 10.44736563069457 -21.31931314497991 3
      vertex 10.483732514237584 -21.420951775601598 3
      vertex 10.483732514237584 -20.579048224398402 3
    endloop
  endfacet
  facet normal 0 0 1
    outer loop
      vertex 10.421136191556446 -21.21459935421774 3
      vertex 10.421136191556446 -20.78540064578226 3
      vertex 10.405296800660583 -21.107818854362517 3
    endloop
  endfacet
  facet normal 0 0 1
    outer loop
      vertex 10.405296800660583 -21.107818854362517 3
      vertex 10.405296800660583 -20.892181145637483 3
      vertex 10.4 -21 3
    endloop
  endfacet
  facet normal 0 0 1
    outer loop
      vertex 10.405296800660583 -21.107818854362517 3
      vertex 10.421136191556446 -20.78540064578226 3
      vertex 10.405296800660583 -20.892181145637483 3
    endloop
  endfacet
  facet normal 0 0 1
    outer loop
      vertex 10.421136191556446 -21.21459935421774 3
      vertex 10.44736563069457 -20.68068685502009 3
      vertex 10.421136191556446 -20.78540064578226 3
    endloop
  endfacet
  facet normal 0 0 1
    outer loop
      vertex 10.44736563069457 -21.31931314497991 3
      vertex 10.483732514237584 -20.579048224398402 3
      vertex 10.44736563069457 -20.68068685502009 3
    endloop
  endfacet
  facet normal 0 0 1
    outer loop
      vertex 10.483732514237584 -21.420951775601598 3
      vertex 10.52988660921681 -20.4814635894914 3
      vertex 10.483732514237584 -20.579048224398402 3
    endloop
  endfacet
  facet normal 0 0 1
    outer loop
      vertex 10.5853834264672 -21.611127256321563 3
      vertex 10.5853834264672 -20.388872743678437 3
      vertex 10.52988660921681 -21.5185364105086 3
    endloop
  endfacet
  facet normal 0 0 1
    outer loop
      vertex 10.52988660921681 -21.5185364105086 3
      vertex 10.52988660921681 -20.4814635894914 3
      vertex 10.483732514237584 -21.420951775601598 3
    endloop
  endfacet
  facet normal 0 0 1
    outer loop
      vertex 10.5853834264672 -21.611127256321563 3
      vertex 10.64968850130099 -21.69783261258001 3
      vertex 10.64968850130099 -20.30216738741999 3
    endloop
  endfacet
  facet normal 0 0 1
    outer loop
      vertex 10.64968850130099 -21.69783261258001 3
      vertex 10.722182540694797 -21.7778174593052 3
      vertex 10.722182540694797 -20.2221825406948 3
    endloop
  endfacet
  facet normal 0 0 1
    outer loop
      vertex 10.722182540694797 -21.7778174593052 3
      vertex 10.80216738741999 -21.85031149869901 3
      vertex 10.80216738741999 -20.14968850130099 3
    endloop
  endfacet
  facet normal 0 0 1
    outer loop
      vertex 10.52988660921681 -21.5185364105086 3
      vertex 10.5853834264672 -20.388872743678437 3
      vertex 10.52988660921681 -20.4814635894914 3
    endloop
  endfacet
  facet normal 0 0 1
    outer loop
      vertex 10.5853834264672 -21.611127256321563 3
      vertex 10.64968850130099 -20.30216738741999 3
      vertex 10.5853834264672 -20.388872743678437 3
    endloop
  endfacet
  facet normal 0 0 1
    outer loop
      vertex 10.64968850130099 -21.69783261258001 3
      vertex 10.722182540694797 -20.2221825406948 3
      vertex 10.64968850130099 -20.30216738741999 3
    endloop
  endfacet
  facet normal 0 0 1
    outer loop
      vertex 10.722182540694797 -21.7778174593052 3
      vertex 10.80216738741999 -20.14968850130099 3
      vertex 10.722182540694797 -20.2221825406948 3
    endloop
  endfacet
  facet normal 0 0 1
    outer loop
      vertex 10.80216738741999 -21.85031149869901 3
      vertex 10.888872743678437 -21.9146165735328 3
      vertex 10.888872743678437 -20.0853834264672 3
    endloop
  endfacet
  facet normal 0 0 1
    outer loop
      vertex 10.981463589491403 -21.97011339078319 3
      vertex 10.981463589491403 -20.02988660921681 3
      vertex 10.888872743678437 -21.9146165735328 3
    endloop
  endfacet
  facet normal 0 0 1
    outer loop
      vertex 10.981463589491403 -21.97011339078319 3
      vertex 11.0790482243984 -22.016267485762416 3
      vertex 11.0790482243984 -19.983732514237584 3
    endloop
  endfacet
  facet normal 0 0 1
    outer loop
      vertex 11.0790482243984 -22.016267485762416 3
      vertex 11.180686855020092 -22.05263436930543 3
      vertex 11.180686855020092 -19.94736563069457 3
    endloop
  endfacet
  facet normal 0 0 1
    outer loop
      vertex 10.80216738741999 -21.85031149869901 3
      vertex 10.888872743678437 -20.0853834264672 3
      vertex 10.80216738741999 -20.14968850130099 3
    endloop
  endfacet
  facet normal 0 0 1
    outer loop
      vertex 10.888872743678437 -21.9146165735328 3
      vertex 10.981463589491403 -20.02988660921681 3
      vertex 10.888872743678437 -20.0853834264672 3
    endloop
  endfacet
  facet normal 0 0 1
    outer loop
      vertex 10.981463589491403 -21.97011339078319 3
      vertex 11.0790482243984 -19.983732514237584 3
      vertex 10.981463589491403 -20.02988660921681 3
    endloop
  endfacet
  facet normal 0 0 1
    outer loop
      vertex 11.0790482243984 -22.016267485762416 3
      vertex 11.180686855020092 -19.94736563069457 3
      vertex 11.0790482243984 -19.983732514237584 3
    endloop
  endfacet
  facet normal 0 0 1
    outer loop
      vertex 11.180686855020092 -22.05263436930543 3
      vertex 11.285400645782259 -22.078863808443554 3
      vertex 11.285400645782259 -19.921136191556446 3
    endloop
  endfacet
  facet normal 0 0 1
    outer loop
      vertex 11.285400645782259 -22.078863808443554 3
      vertex 11.392181145637483 -22.094703199339417 3
      vertex 11.392181145637483 -19.905296800660583 3
    endloop
  endfacet
  facet normal 0 0 1
    outer loop
      vertex 11.392181145637483 -22.094703199339417 3
      vertex 11.5 -22.1 3
      vertex 11.5 -19.9 3
    endloop
  endfacet
  facet normal 0 0 1
    outer loop
      vertex 11.180686855020092 -22.05263436930543 3
      vertex 11.285400645782259 -19.921136191556446 3
      vertex 11.180686855020092 -19.94736563069457 3
    endloop
  endfacet
  facet normal 0 0 1
    outer loop
      vertex 11.285400645782259 -22.078863808443554 3
      vertex 11.392181145637483 -19.905296800660583 3
      vertex 11.285400645782259 -19.921136191556446 3
    endloop
  endfacet
  facet normal 0 0 1
    outer loop
      vertex 11.392181145637483 -22.094703199339417 3
      vertex 11.5 -19.9 3
      vertex 11.392181145637483 -19.905296800660583 3
    endloop
  endfacet
  facet normal 0 0 1
    outer loop
      vertex 11.5 -22.1 3
      vertex 11.607818854362517 -22.094703199339417 3
      vertex 11.607818854362517 -19.905296800660583 3
    endloop
  endfacet
  facet normal 0 0 1
    outer loop
      vertex 11.607818854362517 -22.094703199339417 3
      vertex 11.714599354217741 -22.078863808443554 3
      vertex 11.714599354217741 -19.921136191556446 3
    endloop
  endfacet
  facet normal 0 0 1
    outer loop
      vertex 11.714599354217741 -22.078863808443554 3
      vertex 11.819313144979908 -22.05263436930543 3
      vertex 11.819313144979908 -19.94736563069457 3
    endloop
  endfacet
  facet normal 0 0 1
    outer loop
      vertex 11.5 -22.1 3
      vertex 11.607818854362517 -19.905296800660583 3
      vertex 11.5 -19.9 3
    endloop
  endfacet
  facet normal 0 0 1
    outer loop
      vertex 11.607818854362517 -22.094703199339417 3
      vertex 11.714599354217741 -19.921136191556446 3
      vertex 11.607818854362517 -19.905296800660583 3
    endloop
  endfacet
  facet normal 0 0 1
    outer loop
      vertex 11.714599354217741 -22.078863808443554 3
      vertex 11.819313144979908 -19.94736563069457 3
      vertex 11.714599354217741 -19.921136191556446 3
    endloop
  endfacet
  facet normal 0 0 1
    outer loop
      vertex 11.819313144979908 -22.05263436930543 3
      vertex 11.9209517756016 -22.016267485762416 3
      vertex 11.9209517756016 -19.983732514237584 3
    endloop
  endfacet
  facet normal 0 0 1
    outer loop
      vertex 11.9209517756016 -22.016267485762416 3
      vertex 12.018536410508597 -21.97011339078319 3
      vertex 12.018536410508597 -20.02988660921681 3
    endloop
  endfacet
  facet normal 0 0 1
    outer loop
      vertex 12.018536410508597 -21.97011339078319 3
      vertex 12.111127256321563 -21.9146165735328 3
      vertex 12.111127256321563 -20.0853834264672 3
    endloop
  endfacet
  facet normal 0 0 1
    outer loop
      vertex 11.819313144979908 -22.05263436930543 3
      vertex 11.9209517756016 -19.983732514237584 3
      vertex 11.819313144979908 -19.94736563069457 3
    endloop
  endfacet
  facet normal 0 0 1
    outer loop
      vertex 11.9209517756016 -22.016267485762416 3
      vertex 12.018536410508597 -20.02988660921681 3
      vertex 11.9209517756016 -19.983732514237584 3
    endloop
  endfacet
  facet normal 0 0 1
    outer loop
      vertex 12.018536410508597 -21.97011339078319 3
      vertex 12.111127256321563 -20.0853834264672 3
      vertex 12.018536410508597 -20.02988660921681 3
    endloop
  endfacet
  facet normal 0 0 1
    outer loop
      vertex 12.111127256321563 -21.9146165735328 3
      vertex 12.19783261258001 -20.14968850130099 3
      vertex 12.111127256321563 -20.0853834264672 3
    endloop
  endfacet
  facet normal 0 0 1
    outer loop
      vertex 12.111127256321563 -21.9146165735328 3
      vertex 12.19783261258001 -21.85031149869901 3
      vertex 12.19783261258001 -20.14968850130099 3
    endloop
  endfacet
  facet normal 0 0 1
    outer loop
      vertex 12.19783261258001 -21.85031149869901 3
      vertex 12.277817459305203 -21.7778174593052 3
      vertex 12.277817459305203 -20.2221825406948 3
    endloop
  endfacet
  facet normal 0 0 1
    outer loop
      vertex 12.277817459305203 -21.7778174593052 3
      vertex 12.35031149869901 -21.69783261258001 3
      vertex 12.35031149869901 -20.30216738741999 3
    endloop
  endfacet
  facet normal 0 0 1
    outer loop
      vertex 12.35031149869901 -21.69783261258001 3
      vertex 12.4146165735328 -21.611127256321563 3
      vertex 12.4146165735328 -20.388872743678437 3
    endloop
  endfacet
  facet normal 0 0 1
    outer loop
      vertex 12.4146165735328 -21.611127256321563 3
      vertex 12.47011339078319 -21.5185364105086 3
      vertex 12.47011339078319 -20.4814635894914 3
    endloop
  endfacet
  facet normal 0 0 1
    outer loop
      vertex 12.19783261258001 -21.85031149869901 3
      vertex 12.277817459305203 -20.2221825406948 3
      vertex 12.19783261258001 -20.14968850130099 3
    endloop
  endfacet
  facet normal 0 0 1
    outer loop
      vertex 12.277817459305203 -21.7778174593052 3
      vertex 12.35031149869901 -20.30216738741999 3
      vertex 12.277817459305203 -20.2221825406948 3
    endloop
  endfacet
  facet normal 0 0 1
    outer loop
      vertex 12.35031149869901 -21.69783261258001 3
      vertex 12.4146165735328 -20.388872743678437 3
      vertex 12.35031149869901 -20.30216738741999 3
    endloop
  endfacet
  facet normal 0 0 1
    outer loop
      vertex 12.4146165735328 -21.611127256321563 3
      vertex 12.47011339078319 -20.4814635894914 3
      vertex 12.4146165735328 -20.388872743678437 3
    endloop
  endfacet
  facet normal 0 0 1
    outer loop
      vertex 12.47011339078319 -21.5185364105086 3
      vertex 12.516267485762416 -21.420951775601598 3
      vertex 12.516267485762416 -20.579048224398402 3
    endloop
  endfacet
  facet normal 0 0 1
    outer loop
      vertex 12.516267485762416 -21.420951775601598 3
      vertex 12.55263436930543 -21.31931314497991 3
      vertex 12.55263436930543 -20.68068685502009 3
    endloop
  endfacet
  facet normal 0 0 1
    outer loop
      vertex 12.55263436930543 -21.31931314497991 3
      vertex 12.578863808443554 -21.21459935421774 3
      vertex 12.578863808443554 -20.78540064578226 3
    endloop
  endfacet
  facet normal 0 0 1
    outer loop
      vertex 12.578863808443554 -21.21459935421774 3
      vertex 12.594703199339417 -21.107818854362517 3
      vertex 12.594703199339417 -20.892181145637483 3
    endloop
  endfacet
  facet normal 0 0 1
    outer loop
      vertex 12.47011339078319 -21.5185364105086 3
      vertex 12.516267485762416 -20.579048224398402 3
      vertex 12.47011339078319 -20.4814635894914 3
    endloop
  endfacet
  facet normal 0 0 1
    outer loop
      vertex 12.516267485762416 -21.420951775601598 3
      vertex 12.55263436930543 -20.68068685502009 3
      vertex 12.516267485762416 -20.579048224398402 3
    endloop
  endfacet
  facet normal 0 0 1
    outer loop
      vertex 12.578863808443554 -21.21459935421774 3
      vertex 12.594703199339417 -20.892181145637483 3
      vertex 12.578863808443554 -20.78540064578226 3
    endloop
  endfacet
  facet normal 0 0 1
    outer loop
      vertex 12.594703199339417 -21.107818854362517 3
      vertex 12.6 -21 3
      vertex 12.594703199339417 -20.892181145637483 3
    endloop
  endfacet
  facet normal 0 0 1
    outer loop
      vertex 12.55263436930543 -21.31931314497991 3
      vertex 12.578863808443554 -20.78540064578226 3
      vertex 12.55263436930543 -20.68068685502009 3
    endloop
  endfacet
  facet normal 0.9039892931234441 0.4275550934302806 -4.1834251020423067e-19
    outer loop
      vertex 10.52988660921681 -21.5185364105086 3
      vertex 10.483732514237584 -21.420951775601598 3
      vertex 10.483732514237584 -21.420951775601598 9
    endloop
  endfacet
  facet normal 0.9415440651830209 0.33688985339221933 0
    outer loop
      vertex 10.44736563069457 -21.31931314497991 3
      vertex 10.44736563069457 -21.31931314497991 9
      vertex 10.483732514237584 -21.420951775601598 3
    endloop
  endfacet
  facet normal 0.9891765099647808 0.14673047445536297 -3.499765384520375e-20
    outer loop
      vertex 10.421136191556446 -21.21459935421774 3
      vertex 10.405296800660583 -21.107818854362517 3
      vertex 10.405296800660583 -21.107818854362517 9
    endloop
  endfacet
  facet normal 0.9700312531945443 0.24298017990326237 2.4816471077576713e-19
    outer loop
      vertex 10.44736563069457 -21.31931314497991 3
      vertex 10.421136191556446 -21.21459935421774 3
      vertex 10.421136191556446 -21.21459935421774 9
    endloop
  endfacet
  facet normal 0.9987954562051727 0.0490676743274112 5.717609967348203e-20
    outer loop
      vertex 10.405296800660583 -21.107818854362517 3
      vertex 10.4 -21 3
      vertex 10.4 -21 9
    endloop
  endfacet
  facet normal 0.9987954562051727 -0.0490676743274112 -5.717609967348203e-20
    outer loop
      vertex 10.4 -21 3
      vertex 10.405296800660583 -20.892181145637483 3
      vertex 10.405296800660583 -20.892181145637483 9
    endloop
  endfacet
  facet normal 0.9891765099647808 -0.14673047445536297 3.499765384520375e-20
    outer loop
      vertex 10.405296800660583 -20.892181145637483 3
      vertex 10.421136191556446 -20.78540064578226 3
      vertex 10.421136191556446 -20.78540064578226 9
    endloop
  endfacet
  facet normal 0.9700312531945443 -0.24298017990326237 -2.4816471077576713e-19
    outer loop
      vertex 10.421136191556446 -20.78540064578226 3
      vertex 10.44736563069457 -20.68068685502009 3
      vertex 10.44736563069457 -20.68068685502009 9
    endloop
  endfacet
  facet normal 0.9415440651830209 -0.33688985339221933 -3.289012537195022e-20
    outer loop
      vertex 10.44736563069457 -20.68068685502009 3
      vertex 10.483732514237584 -20.579048224398402 3
      vertex 10.483732514237584 -20.579048224398402 9
    endloop
  endfacet
  facet normal 0.9415440651830209 0.33688985339221933 0
    outer loop
      vertex 10.483732514237584 -21.420951775601598 3
      vertex 10.44736563069457 -21.31931314497991 9
      vertex 10.483732514237584 -21.420951775601598 9
    endloop
  endfacet
  facet normal 0.9700312531945443 0.24298017990326237 0
    outer loop
      vertex 10.44736563069457 -21.31931314497991 3
      vertex 10.421136191556446 -21.21459935421774 9
      vertex 10.44736563069457 -21.31931314497991 9
    endloop
  endfacet
  facet normal 0.9891765099647808 0.14673047445536297 0
    outer loop
      vertex 10.421136191556446 -21.21459935421774 3
      vertex 10.405296800660583 -21.107818854362517 9
      vertex 10.421136191556446 -21.21459935421774 9
    endloop
  endfacet
  facet normal 0.9987954562051727 0.0490676743274112 0
    outer loop
      vertex 10.405296800660583 -21.107818854362517 3
      vertex 10.4 -21 9
      vertex 10.405296800660583 -21.107818854362517 9
    endloop
  endfacet
  facet normal 0.9987954562051727 -0.0490676743274112 0
    outer loop
      vertex 10.4 -21 3
      vertex 10.405296800660583 -20.892181145637483 9
      vertex 10.4 -21 9
    endloop
  endfacet
  facet normal 0.9891765099647808 -0.14673047445536297 0
    outer loop
      vertex 10.405296800660583 -20.892181145637483 3
      vertex 10.421136191556446 -20.78540064578226 9
      vertex 10.405296800660583 -20.892181145637483 9
    endloop
  endfacet
  facet normal 0.9700312531945443 -0.24298017990326237 0
    outer loop
      vertex 10.421136191556446 -20.78540064578226 3
      vertex 10.44736563069457 -20.68068685502009 9
      vertex 10.421136191556446 -20.78540064578226 9
    endloop
  endfacet
  facet normal 0.9415440651830209 -0.33688985339221933 0
    outer loop
      vertex 10.44736563069457 -20.68068685502009 3
      vertex 10.483732514237584 -20.579048224398402 9
      vertex 10.44736563069457 -20.68068685502009 9
    endloop
  endfacet
  facet normal 0.9039892931234441 -0.4275550934302806 0
    outer loop
      vertex 10.483732514237584 -20.579048224398402 3
      vertex 10.52988660921681 -20.4814635894914 9
      vertex 10.483732514237584 -20.579048224398402 9
    endloop
  endfacet
  facet normal 0.8577286100002738 0.5141027441932191 2.0307338573768927e-19
    outer loop
      vertex 10.5853834264672 -21.611127256321563 3
      vertex 10.52988660921681 -21.5185364105086 3
      vertex 10.52988660921681 -21.5185364105086 9
    endloop
  endfacet
  facet normal 0.8032075314806453 0.5956993044924328 0
    outer loop
      vertex 10.5853834264672 -21.611127256321563 3
      vertex 10.5853834264672 -21.611127256321563 9
      vertex 10.64968850130099 -21.69783261258001 3
    endloop
  endfacet
  facet normal 0.7409511253549477 0.671558954847031 0
    outer loop
      vertex 10.64968850130099 -21.69783261258001 3
      vertex 10.64968850130099 -21.69783261258001 9
      vertex 10.722182540694797 -21.7778174593052 3
    endloop
  endfacet
  facet normal 0.6715589548470237 0.7409511253549542 0
    outer loop
      vertex 10.722182540694797 -21.7778174593052 3
      vertex 10.722182540694797 -21.7778174593052 9
      vertex 10.80216738741999 -21.85031149869901 3
    endloop
  endfacet
  facet normal 0.5141027441932118 0.857728610000278 6.617584493128081e-19
    outer loop
      vertex 10.981463589491403 -21.97011339078319 3
      vertex 10.888872743678437 -21.9146165735328 3
      vertex 10.888872743678437 -21.9146165735328 9
    endloop
  endfacet
  facet normal 0.4275550934302933 0.903989293123438 0
    outer loop
      vertex 10.981463589491403 -21.97011339078319 3
      vertex 10.981463589491403 -21.97011339078319 9
      vertex 11.0790482243984 -22.016267485762416 3
    endloop
  endfacet
  facet normal 0.33688985339221417 0.9415440651830228 0
    outer loop
      vertex 11.0790482243984 -22.016267485762416 3
      vertex 11.0790482243984 -22.016267485762416 9
      vertex 11.180686855020092 -22.05263436930543 3
    endloop
  endfacet
  facet normal 0.5956993044924407 0.8032075314806394 0
    outer loop
      vertex 10.80216738741999 -21.85031149869901 3
      vertex 10.80216738741999 -21.85031149869901 9
      vertex 10.888872743678437 -21.9146165735328 3
    endloop
  endfacet
  facet normal 0.24298017990326626 0.9700312531945433 0
    outer loop
      vertex 11.180686855020092 -22.05263436930543 3
      vertex 11.180686855020092 -22.05263436930543 9
      vertex 11.285400645782259 -22.078863808443554 3
    endloop
  endfacet
  facet normal 0.14673047445536055 0.9891765099647811 0
    outer loop
      vertex 11.285400645782259 -22.078863808443554 3
      vertex 11.285400645782259 -22.078863808443554 9
      vertex 11.392181145637483 -22.094703199339417 3
    endloop
  endfacet
  facet normal 0.04906767432742762 0.9987954562051718 0
    outer loop
      vertex 11.392181145637483 -22.094703199339417 3
      vertex 11.392181145637483 -22.094703199339417 9
      vertex 11.5 -22.1 3
    endloop
  endfacet
  facet normal -0.04906767432742762 0.9987954562051718 0
    outer loop
      vertex 11.5 -22.1 3
      vertex 11.5 -22.1 9
      vertex 11.607818854362517 -22.094703199339417 3
    endloop
  endfacet
  facet normal -0.14673047445536055 0.9891765099647811 0
    outer loop
      vertex 11.607818854362517 -22.094703199339417 3
      vertex 11.607818854362517 -22.094703199339417 9
      vertex 11.714599354217741 -22.078863808443554 3
    endloop
  endfacet
  facet normal -0.24298017990326626 0.9700312531945433 0
    outer loop
      vertex 11.714599354217741 -22.078863808443554 3
      vertex 11.714599354217741 -22.078863808443554 9
      vertex 11.819313144979908 -22.05263436930543 3
    endloop
  endfacet
  facet normal -0.33688985339221417 0.9415440651830228 0
    outer loop
      vertex 11.819313144979908 -22.05263436930543 3
      vertex 11.819313144979908 -22.05263436930543 9
      vertex 11.9209517756016 -22.016267485762416 3
    endloop
  endfacet
  facet normal -0.4275550934302933 0.903989293123438 0
    outer loop
      vertex 11.9209517756016 -22.016267485762416 3
      vertex 11.9209517756016 -22.016267485762416 9
      vertex 12.018536410508597 -21.97011339078319 3
    endloop
  endfacet
  facet normal -0.5141027441932118 0.857728610000278 0
    outer loop
      vertex 12.018536410508597 -21.97011339078319 3
      vertex 12.018536410508597 -21.97011339078319 9
      vertex 12.111127256321563 -21.9146165735328 3
    endloop
  endfacet
  facet normal -0.5956993044924407 0.8032075314806394 0
    outer loop
      vertex 12.111127256321563 -21.9146165735328 3
      vertex 12.111127256321563 -21.9146165735328 9
      vertex 12.19783261258001 -21.85031149869901 3
    endloop
  endfacet
  facet normal -0.6715589548470237 0.7409511253549542 0
    outer loop
      vertex 12.19783261258001 -21.85031149869901 3
      vertex 12.19783261258001 -21.85031149869901 9
      vertex 12.277817459305203 -21.7778174593052 3
    endloop
  endfacet
  facet normal -0.7409511253549477 0.671558954847031 0
    outer loop
      vertex 12.277817459305203 -21.7778174593052 3
      vertex 12.277817459305203 -21.7778174593052 9
      vertex 12.35031149869901 -21.69783261258001 3
    endloop
  endfacet
  facet normal -0.8032075314806453 0.5956993044924328 0
    outer loop
      vertex 12.35031149869901 -21.69783261258001 3
      vertex 12.35031149869901 -21.69783261258001 9
      vertex 12.4146165735328 -21.611127256321563 3
    endloop
  endfacet
  facet normal -0.8577286100002738 0.5141027441932191 0
    outer loop
      vertex 12.4146165735328 -21.611127256321563 3
      vertex 12.4146165735328 -21.611127256321563 9
      vertex 12.47011339078319 -21.5185364105086 3
    endloop
  endfacet
  facet normal -0.9039892931234441 0.4275550934302806 0
    outer loop
      vertex 12.47011339078319 -21.5185364105086 3
      vertex 12.47011339078319 -21.5185364105086 9
      vertex 12.516267485762416 -21.420951775601598 3
    endloop
  endfacet
  facet normal -0.9415440651830209 0.33688985339221933 0
    outer loop
      vertex 12.516267485762416 -21.420951775601598 3
      vertex 12.516267485762416 -21.420951775601598 9
      vertex 12.55263436930543 -21.31931314497991 3
    endloop
  endfacet
  facet normal -0.9700312531945443 0.24298017990326237 0
    outer loop
      vertex 12.55263436930543 -21.31931314497991 3
      vertex 12.55263436930543 -21.31931314497991 9
      vertex 12.578863808443554 -21.21459935421774 3
    endloop
  endfacet
  facet normal -0.9891765099647808 0.14673047445536297 0
    outer loop
      vertex 12.578863808443554 -21.21459935421774 3
      vertex 12.578863808443554 -21.21459935421774 9
      vertex 12.594703199339417 -21.107818854362517 3
    endloop
  endfacet
  facet normal -0.9987954562051727 0.0490676743274112 0
    outer loop
      vertex 12.594703199339417 -21.107818854362517 3
      vertex 12.594703199339417 -21.107818854362517 9
      vertex 12.6 -21 3
    endloop
  endfacet
  facet normal -0.9987954562051727 -0.0490676743274112 0
    outer loop
      vertex 12.6 -21 3
      vertex 12.6 -21 9
      vertex 12.594703199339417 -20.892181145637483 3
    endloop
  endfacet
  facet normal -0.9891765099647808 -0.14673047445536297 0
    outer loop
      vertex 12.594703199339417 -20.892181145637483 3
      vertex 12.594703199339417 -20.892181145637483 9
      vertex 12.578863808443554 -20.78540064578226 3
    endloop
  endfacet
  facet normal -0.9415440651830209 -0.33688985339221933 0
    outer loop
      vertex 12.55263436930543 -20.68068685502009 3
      vertex 12.55263436930543 -20.68068685502009 9
      vertex 12.516267485762416 -20.579048224398402 3
    endloop
  endfacet
  facet normal -0.9700312531945443 -0.24298017990326237 0
    outer loop
      vertex 12.578863808443554 -20.78540064578226 3
      vertex 12.578863808443554 -20.78540064578226 9
      vertex 12.55263436930543 -20.68068685502009 3
    endloop
  endfacet
  facet normal 0.9039892931234441 -0.4275550934302806 4.1834251020423067e-19
    outer loop
      vertex 10.483732514237584 -20.579048224398402 3
      vertex 10.52988660921681 -20.4814635894914 3
      vertex 10.52988660921681 -20.4814635894914 9
    endloop
  endfacet
  facet normal 0.8577286100002738 -0.5141027441932191 -2.0307338573768927e-19
    outer loop
      vertex 10.52988660921681 -20.4814635894914 3
      vertex 10.5853834264672 -20.388872743678437 3
      vertex 10.5853834264672 -20.388872743678437 9
    endloop
  endfacet
  facet normal 0.8032075314806453 -0.5956993044924328 -6.882833931806681e-20
    outer loop
      vertex 10.5853834264672 -20.388872743678437 3
      vertex 10.64968850130099 -20.30216738741999 3
      vertex 10.64968850130099 -20.30216738741999 9
    endloop
  endfacet
  facet normal 0.7409511253549477 -0.671558954847031 1.4720814858720155e-19
    outer loop
      vertex 10.64968850130099 -20.30216738741999 3
      vertex 10.722182540694797 -20.2221825406948 3
      vertex 10.722182540694797 -20.2221825406948 9
    endloop
  endfacet
  facet normal 0.6715589548470237 -0.7409511253549542 -1.9487706012077476e-19
    outer loop
      vertex 10.722182540694797 -20.2221825406948 3
      vertex 10.80216738741999 -20.14968850130099 3
      vertex 10.80216738741999 -20.14968850130099 9
    endloop
  endfacet
  facet normal 0.5956993044924407 -0.8032075314806394 3.3721249029392884e-19
    outer loop
      vertex 10.80216738741999 -20.14968850130099 3
      vertex 10.888872743678437 -20.0853834264672 3
      vertex 10.888872743678437 -20.0853834264672 9
    endloop
  endfacet
  facet normal 0.5141027441932118 -0.857728610000278 -6.617584493128081e-19
    outer loop
      vertex 10.888872743678437 -20.0853834264672 3
      vertex 10.981463589491403 -20.02988660921681 3
      vertex 10.981463589491403 -20.02988660921681 9
    endloop
  endfacet
  facet normal 0.4275550934302933 -0.903989293123438 3.551705035244757e-19
    outer loop
      vertex 10.981463589491403 -20.02988660921681 3
      vertex 11.0790482243984 -19.983732514237584 3
      vertex 11.0790482243984 -19.983732514237584 9
    endloop
  endfacet
  facet normal 0.33688985339221417 -0.9415440651830228 -6.050685507994252e-20
    outer loop
      vertex 11.0790482243984 -19.983732514237584 3
      vertex 11.180686855020092 -19.94736563069457 3
      vertex 11.180686855020092 -19.94736563069457 9
    endloop
  endfacet
  facet normal 0.24298017990326626 -0.9700312531945433 1.2962249855757533e-19
    outer loop
      vertex 11.180686855020092 -19.94736563069457 3
      vertex 11.285400645782259 -19.921136191556446 3
      vertex 11.285400645782259 -19.921136191556446 9
    endloop
  endfacet
  facet normal 0.14673047445536055 -0.9891765099647811 -4.659364057048446e-20
    outer loop
      vertex 11.285400645782259 -19.921136191556446 3
      vertex 11.392181145637483 -19.905296800660583 3
      vertex 11.392181145637483 -19.905296800660583 9
    endloop
  endfacet
  facet normal 0.04906767432742762 -0.9987954562051718 2.7209059353669626e-20
    outer loop
      vertex 11.392181145637483 -19.905296800660583 3
      vertex 11.5 -19.9 3
      vertex 11.5 -19.9 9
    endloop
  endfacet
  facet normal -0.04906767432742762 -0.9987954562051718 -2.7209059353669626e-20
    outer loop
      vertex 11.5 -19.9 3
      vertex 11.607818854362517 -19.905296800660583 3
      vertex 11.607818854362517 -19.905296800660583 9
    endloop
  endfacet
  facet normal -0.14673047445536055 -0.9891765099647811 4.659364057048446e-20
    outer loop
      vertex 11.607818854362517 -19.905296800660583 3
      vertex 11.714599354217741 -19.921136191556446 3
      vertex 11.714599354217741 -19.921136191556446 9
    endloop
  endfacet
  facet normal -0.24298017990326626 -0.9700312531945433 0
    outer loop
      vertex 11.819313144979908 -19.94736563069457 3
      vertex 11.819313144979908 -19.94736563069457 9
      vertex 11.714599354217741 -19.921136191556446 3
    endloop
  endfacet
  facet normal -0.33688985339221417 -0.9415440651830228 6.050685507994252e-20
    outer loop
      vertex 11.819313144979908 -19.94736563069457 3
      vertex 11.9209517756016 -19.983732514237584 3
      vertex 11.9209517756016 -19.983732514237584 9
    endloop
  endfacet
  facet normal -0.4275550934302933 -0.903989293123438 -3.551705035244757e-19
    outer loop
      vertex 11.9209517756016 -19.983732514237584 3
      vertex 12.018536410508597 -20.02988660921681 3
      vertex 12.018536410508597 -20.02988660921681 9
    endloop
  endfacet
  facet normal -0.5141027441932118 -0.857728610000278 6.617584493128081e-19
    outer loop
      vertex 12.018536410508597 -20.02988660921681 3
      vertex 12.111127256321563 -20.0853834264672 3
      vertex 12.111127256321563 -20.0853834264672 9
    endloop
  endfacet
  facet normal -0.6715589548470237 -0.7409511253549542 1.9487706012077476e-19
    outer loop
      vertex 12.19783261258001 -20.14968850130099 3
      vertex 12.277817459305203 -20.2221825406948 3
      vertex 12.277817459305203 -20.2221825406948 9
    endloop
  endfacet
  facet normal -0.8577286100002738 -0.5141027441932191 0
    outer loop
      vertex 12.47011339078319 -20.4814635894914 3
      vertex 12.47011339078319 -20.4814635894914 9
      vertex 12.4146165735328 -20.388872743678437 3
    endloop
  endfacet
  facet normal -0.7409511253549477 -0.671558954847031 0
    outer loop
      vertex 12.35031149869901 -20.30216738741999 3
      vertex 12.35031149869901 -20.30216738741999 9
      vertex 12.277817459305203 -20.2221825406948 3
    endloop
  endfacet
  facet normal -0.8032075314806453 -0.5956993044924328 6.882833931806681e-20
    outer loop
      vertex 12.35031149869901 -20.30216738741999 3
      vertex 12.4146165735328 -20.388872743678437 3
      vertex 12.4146165735328 -20.388872743678437 9
    endloop
  endfacet
  facet normal -0.5956993044924407 -0.8032075314806394 -3.3721249029392884e-19
    outer loop
      vertex 12.111127256321563 -20.0853834264672 3
      vertex 12.19783261258001 -20.14968850130099 3
      vertex 12.19783261258001 -20.14968850130099 9
    endloop
  endfacet
  facet normal -0.9039892931234441 -0.4275550934302806 0
    outer loop
      vertex 12.516267485762416 -20.579048224398402 3
      vertex 12.516267485762416 -20.579048224398402 9
      vertex 12.47011339078319 -20.4814635894914 3
    endloop
  endfacet
  facet normal 0.9039892931234441 0.4275550934302806 0
    outer loop
      vertex 10.52988660921681 -21.5185364105086 3
      vertex 10.483732514237584 -21.420951775601598 9
      vertex 10.52988660921681 -21.5185364105086 9
    endloop
  endfacet
  facet normal 0.8577286100002738 0.5141027441932191 0
    outer loop
      vertex 10.5853834264672 -21.611127256321563 3
      vertex 10.52988660921681 -21.5185364105086 9
      vertex 10.5853834264672 -21.611127256321563 9
    endloop
  endfacet
  facet normal 0.8032075314806453 0.5956993044924328 0
    outer loop
      vertex 10.64968850130099 -21.69783261258001 3
      vertex 10.5853834264672 -21.611127256321563 9
      vertex 10.64968850130099 -21.69783261258001 9
    endloop
  endfacet
  facet normal 0.7409511253549477 0.671558954847031 0
    outer loop
      vertex 10.722182540694797 -21.7778174593052 3
      vertex 10.64968850130099 -21.69783261258001 9
      vertex 10.722182540694797 -21.7778174593052 9
    endloop
  endfacet
  facet normal 0.6715589548470237 0.7409511253549542 0
    outer loop
      vertex 10.80216738741999 -21.85031149869901 3
      vertex 10.722182540694797 -21.7778174593052 9
      vertex 10.80216738741999 -21.85031149869901 9
    endloop
  endfacet
  facet normal 0.5141027441932118 0.857728610000278 0
    outer loop
      vertex 10.981463589491403 -21.97011339078319 3
      vertex 10.888872743678437 -21.9146165735328 9
      vertex 10.981463589491403 -21.97011339078319 9
    endloop
  endfacet
  facet normal 0.4275550934302933 0.903989293123438 0
    outer loop
      vertex 11.0790482243984 -22.016267485762416 3
      vertex 10.981463589491403 -21.97011339078319 9
      vertex 11.0790482243984 -22.016267485762416 9
    endloop
  endfacet
  facet normal 0.33688985339221417 0.9415440651830228 0
    outer loop
      vertex 11.180686855020092 -22.05263436930543 3
      vertex 11.0790482243984 -22.016267485762416 9
      vertex 11.180686855020092 -22.05263436930543 9
    endloop
  endfacet
  facet normal 0.5956993044924407 0.8032075314806394 0
    outer loop
      vertex 10.888872743678437 -21.9146165735328 3
      vertex 10.80216738741999 -21.85031149869901 9
      vertex 10.888872743678437 -21.9146165735328 9
    endloop
  endfacet
  facet normal 0.24298017990326626 0.9700312531945433 0
    outer loop
      vertex 11.285400645782259 -22.078863808443554 3
      vertex 11.180686855020092 -22.05263436930543 9
      vertex 11.285400645782259 -22.078863808443554 9
    endloop
  endfacet
  facet normal 0.14673047445536055 0.9891765099647811 0
    outer loop
      vertex 11.392181145637483 -22.094703199339417 3
      vertex 11.285400645782259 -22.078863808443554 9
      vertex 11.392181145637483 -22.094703199339417 9
    endloop
  endfacet
  facet normal 0.04906767432742762 0.9987954562051718 0
    outer loop
      vertex 11.5 -22.1 3
      vertex 11.392181145637483 -22.094703199339417 9
      vertex 11.5 -22.1 9
    endloop
  endfacet
  facet normal -0.04906767432742762 0.9987954562051718 0
    outer loop
      vertex 11.607818854362517 -22.094703199339417 3
      vertex 11.5 -22.1 9
      vertex 11.607818854362517 -22.094703199339417 9
    endloop
  endfacet
  facet normal -0.14673047445536055 0.9891765099647811 0
    outer loop
      vertex 11.714599354217741 -22.078863808443554 3
      vertex 11.607818854362517 -22.094703199339417 9
      vertex 11.714599354217741 -22.078863808443554 9
    endloop
  endfacet
  facet normal -0.24298017990326626 0.9700312531945433 0
    outer loop
      vertex 11.819313144979908 -22.05263436930543 3
      vertex 11.714599354217741 -22.078863808443554 9
      vertex 11.819313144979908 -22.05263436930543 9
    endloop
  endfacet
  facet normal -0.33688985339221417 0.9415440651830228 0
    outer loop
      vertex 11.9209517756016 -22.016267485762416 3
      vertex 11.819313144979908 -22.05263436930543 9
      vertex 11.9209517756016 -22.016267485762416 9
    endloop
  endfacet
  facet normal -0.4275550934302933 0.903989293123438 0
    outer loop
      vertex 12.018536410508597 -21.97011339078319 3
      vertex 11.9209517756016 -22.016267485762416 9
      vertex 12.018536410508597 -21.97011339078319 9
    endloop
  endfacet
  facet normal -0.5141027441932118 0.857728610000278 0
    outer loop
      vertex 12.111127256321563 -21.9146165735328 3
      vertex 12.018536410508597 -21.97011339078319 9
      vertex 12.111127256321563 -21.9146165735328 9
    endloop
  endfacet
  facet normal -0.5956993044924407 0.8032075314806394 0
    outer loop
      vertex 12.19783261258001 -21.85031149869901 3
      vertex 12.111127256321563 -21.9146165735328 9
      vertex 12.19783261258001 -21.85031149869901 9
    endloop
  endfacet
  facet normal -0.6715589548470237 0.7409511253549542 0
    outer loop
      vertex 12.277817459305203 -21.7778174593052 3
      vertex 12.19783261258001 -21.85031149869901 9
      vertex 12.277817459305203 -21.7778174593052 9
    endloop
  endfacet
  facet normal -0.7409511253549477 0.671558954847031 0
    outer loop
      vertex 12.35031149869901 -21.69783261258001 3
      vertex 12.277817459305203 -21.7778174593052 9
      vertex 12.35031149869901 -21.69783261258001 9
    endloop
  endfacet
  facet normal -0.8032075314806453 0.5956993044924328 0
    outer loop
      vertex 12.4146165735328 -21.611127256321563 3
      vertex 12.35031149869901 -21.69783261258001 9
      vertex 12.4146165735328 -21.611127256321563 9
    endloop
  endfacet
  facet normal -0.8577286100002738 0.5141027441932191 0
    outer loop
      vertex 12.47011339078319 -21.5185364105086 3
      vertex 12.4146165735328 -21.611127256321563 9
      vertex 12.47011339078319 -21.5185364105086 9
    endloop
  endfacet
  facet normal -0.9039892931234441 0.4275550934302806 0
    outer loop
      vertex 12.516267485762416 -21.420951775601598 3
      vertex 12.47011339078319 -21.5185364105086 9
      vertex 12.516267485762416 -21.420951775601598 9
    endloop
  endfacet
  facet normal -0.9415440651830209 0.33688985339221933 0
    outer loop
      vertex 12.55263436930543 -21.31931314497991 3
      vertex 12.516267485762416 -21.420951775601598 9
      vertex 12.55263436930543 -21.31931314497991 9
    endloop
  endfacet
  facet normal -0.9700312531945443 0.24298017990326237 0
    outer loop
      vertex 12.578863808443554 -21.21459935421774 3
      vertex 12.55263436930543 -21.31931314497991 9
      vertex 12.578863808443554 -21.21459935421774 9
    endloop
  endfacet
  facet normal -0.9891765099647808 0.14673047445536297 0
    outer loop
      vertex 12.594703199339417 -21.107818854362517 3
      vertex 12.578863808443554 -21.21459935421774 9
      vertex 12.594703199339417 -21.107818854362517 9
    endloop
  endfacet
  facet normal -0.9987954562051727 0.0490676743274112 0
    outer loop
      vertex 12.6 -21 3
      vertex 12.594703199339417 -21.107818854362517 9
      vertex 12.6 -21 9
    endloop
  endfacet
  facet normal -0.9987954562051727 -0.0490676743274112 0
    outer loop
      vertex 12.594703199339417 -20.892181145637483 3
      vertex 12.6 -21 9
      vertex 12.594703199339417 -20.892181145637483 9
    endloop
  endfacet
  facet normal -0.9891765099647808 -0.14673047445536297 0
    outer loop
      vertex 12.578863808443554 -20.78540064578226 3
      vertex 12.594703199339417 -20.892181145637483 9
      vertex 12.578863808443554 -20.78540064578226 9
    endloop
  endfacet
  facet normal -0.9700312531945443 -0.24298017990326237 0
    outer loop
      vertex 12.55263436930543 -20.68068685502009 3
      vertex 12.578863808443554 -20.78540064578226 9
      vertex 12.55263436930543 -20.68068685502009 9
    endloop
  endfacet
  facet normal 0.8577286100002738 -0.5141027441932191 0
    outer loop
      vertex 10.52988660921681 -20.4814635894914 3
      vertex 10.5853834264672 -20.388872743678437 9
      vertex 10.52988660921681 -20.4814635894914 9
    endloop
  endfacet
  facet normal 0.8032075314806453 -0.5956993044924328 0
    outer loop
      vertex 10.5853834264672 -20.388872743678437 3
      vertex 10.64968850130099 -20.30216738741999 9
      vertex 10.5853834264672 -20.388872743678437 9
    endloop
  endfacet
  facet normal 0.7409511253549477 -0.671558954847031 0
    outer loop
      vertex 10.64968850130099 -20.30216738741999 3
      vertex 10.722182540694797 -20.2221825406948 9
      vertex 10.64968850130099 -20.30216738741999 9
    endloop
  endfacet
  facet normal 0.6715589548470237 -0.7409511253549542 0
    outer loop
      vertex 10.722182540694797 -20.2221825406948 3
      vertex 10.80216738741999 -20.14968850130099 9
      vertex 10.722182540694797 -20.2221825406948 9
    endloop
  endfacet
  facet normal 0.5956993044924407 -0.8032075314806394 0
    outer loop
      vertex 10.80216738741999 -20.14968850130099 3
      vertex 10.888872743678437 -20.0853834264672 9
      vertex 10.80216738741999 -20.14968850130099 9
    endloop
  endfacet
  facet normal 0.5141027441932118 -0.857728610000278 0
    outer loop
      vertex 10.888872743678437 -20.0853834264672 3
      vertex 10.981463589491403 -20.02988660921681 9
      vertex 10.888872743678437 -20.0853834264672 9
    endloop
  endfacet
  facet normal 0.4275550934302933 -0.903989293123438 0
    outer loop
      vertex 10.981463589491403 -20.02988660921681 3
      vertex 11.0790482243984 -19.983732514237584 9
      vertex 10.981463589491403 -20.02988660921681 9
    endloop
  endfacet
  facet normal 0.33688985339221417 -0.9415440651830228 0
    outer loop
      vertex 11.0790482243984 -19.983732514237584 3
      vertex 11.180686855020092 -19.94736563069457 9
      vertex 11.0790482243984 -19.983732514237584 9
    endloop
  endfacet
  facet normal 0.24298017990326626 -0.9700312531945433 0
    outer loop
      vertex 11.180686855020092 -19.94736563069457 3
      vertex 11.285400645782259 -19.921136191556446 9
      vertex 11.180686855020092 -19.94736563069457 9
    endloop
  endfacet
  facet normal 0.14673047445536055 -0.9891765099647811 0
    outer loop
      vertex 11.285400645782259 -19.921136191556446 3
      vertex 11.392181145637483 -19.905296800660583 9
      vertex 11.285400645782259 -19.921136191556446 9
    endloop
  endfacet
  facet normal 0.04906767432742762 -0.9987954562051718 0
    outer loop
      vertex 11.392181145637483 -19.905296800660583 3
      vertex 11.5 -19.9 9
      vertex 11.392181145637483 -19.905296800660583 9
    endloop
  endfacet
  facet normal -0.04906767432742762 -0.9987954562051718 0
    outer loop
      vertex 11.5 -19.9 3
      vertex 11.607818854362517 -19.905296800660583 9
      vertex 11.5 -19.9 9
    endloop
  endfacet
  facet normal -0.14673047445536055 -0.9891765099647811 0
    outer loop
      vertex 11.607818854362517 -19.905296800660583 3
      vertex 11.714599354217741 -19.921136191556446 9
      vertex 11.607818854362517 -19.905296800660583 9
    endloop
  endfacet
  facet normal -0.24298017990326626 -0.9700312531945433 0
    outer loop
      vertex 11.714599354217741 -19.921136191556446 3
      vertex 11.819313144979908 -19.94736563069457 9
      vertex 11.714599354217741 -19.921136191556446 9
    endloop
  endfacet
  facet normal -0.4275550934302933 -0.903989293123438 0
    outer loop
      vertex 11.9209517756016 -19.983732514237584 3
      vertex 12.018536410508597 -20.02988660921681 9
      vertex 11.9209517756016 -19.983732514237584 9
    endloop
  endfacet
  facet normal -0.33688985339221417 -0.9415440651830228 0
    outer loop
      vertex 11.819313144979908 -19.94736563069457 3
      vertex 11.9209517756016 -19.983732514237584 9
      vertex 11.819313144979908 -19.94736563069457 9
    endloop
  endfacet
  facet normal -0.5141027441932118 -0.857728610000278 0
    outer loop
      vertex 12.018536410508597 -20.02988660921681 3
      vertex 12.111127256321563 -20.0853834264672 9
      vertex 12.018536410508597 -20.02988660921681 9
    endloop
  endfacet
  facet normal -0.5956993044924407 -0.8032075314806394 0
    outer loop
      vertex 12.111127256321563 -20.0853834264672 3
      vertex 12.19783261258001 -20.14968850130099 9
      vertex 12.111127256321563 -20.0853834264672 9
    endloop
  endfacet
  facet normal -0.7409511253549477 -0.671558954847031 0
    outer loop
      vertex 12.277817459305203 -20.2221825406948 3
      vertex 12.35031149869901 -20.30216738741999 9
      vertex 12.277817459305203 -20.2221825406948 9
    endloop
  endfacet
  facet normal -0.8577286100002738 -0.5141027441932191 0
    outer loop
      vertex 12.4146165735328 -20.388872743678437 3
      vertex 12.47011339078319 -20.4814635894914 9
      vertex 12.4146165735328 -20.388872743678437 9
    endloop
  endfacet
  facet normal -0.8032075314806453 -0.5956993044924328 0
    outer loop
      vertex 12.35031149869901 -20.30216738741999 3
      vertex 12.4146165735328 -20.388872743678437 9
      vertex 12.35031149869901 -20.30216738741999 9
    endloop
  endfacet
  facet normal -0.6715589548470237 -0.7409511253549542 0
    outer loop
      vertex 12.19783261258001 -20.14968850130099 3
      vertex 12.277817459305203 -20.2221825406948 9
      vertex 12.19783261258001 -20.14968850130099 9
    endloop
  endfacet
  facet normal -0.9415440651830209 -0.33688985339221933 0
    outer loop
      vertex 12.516267485762416 -20.579048224398402 3
      vertex 12.55263436930543 -20.68068685502009 9
      vertex 12.516267485762416 -20.579048224398402 9
    endloop
  endfacet
  facet normal -0.9039892931234441 -0.4275550934302806 0
    outer loop
      vertex 12.47011339078319 -20.4814635894914 3
      vertex 12.516267485762416 -20.579048224398402 9
      vertex 12.47011339078319 -20.4814635894914 9
    endloop
  endfacet
  facet normal 0 0 1
    outer loop
      vertex -12.55263436930543 -21.31931314497991 3
      vertex -12.55263436930543 -20.68068685502009 3
      vertex -12.578863808443554 -21.21459935421774 3
    endloop
  endfacet
  facet normal 0 0 1
    outer loop
      vertex -12.516267485762416 -21.420951775601598 3
      vertex -12.516267485762416 -20.579048224398402 3
      vertex -12.55263436930543 -21.31931314497991 3
    endloop
  endfacet
  facet normal 0 0 1
    outer loop
      vertex -12.47011339078319 -21.5185364105086 3
      vertex -12.47011339078319 -20.4814635894914 3
      vertex -12.516267485762416 -21.420951775601598 3
    endloop
  endfacet
  facet normal 0 0 1
    outer loop
      vertex -12.594703199339417 -21.107818854362517 3
      vertex -12.594703199339417 -20.892181145637483 3
      vertex -12.6 -21 3
    endloop
  endfacet
  facet normal 0 0 1
    outer loop
      vertex -12.578863808443554 -21.21459935421774 3
      vertex -12.578863808443554 -20.78540064578226 3
      vertex -12.594703199339417 -21.107818854362517 3
    endloop
  endfacet
  facet normal 0 0 1
    outer loop
      vertex -12.594703199339417 -21.107818854362517 3
      vertex -12.578863808443554 -20.78540064578226 3
      vertex -12.594703199339417 -20.892181145637483 3
    endloop
  endfacet
  facet normal 0 0 1
    outer loop
      vertex -12.578863808443554 -21.21459935421774 3
      vertex -12.55263436930543 -20.68068685502009 3
      vertex -12.578863808443554 -20.78540064578226 3
    endloop
  endfacet
  facet normal 0 0 1
    outer loop
      vertex -12.55263436930543 -21.31931314497991 3
      vertex -12.516267485762416 -20.579048224398402 3
      vertex -12.55263436930543 -20.68068685502009 3
    endloop
  endfacet
  facet normal 0 0 1
    outer loop
      vertex -12.516267485762416 -21.420951775601598 3
      vertex -12.47011339078319 -20.4814635894914 3
      vertex -12.516267485762416 -20.579048224398402 3
    endloop
  endfacet
  facet normal 0 0 1
    outer loop
      vertex -12.47011339078319 -21.5185364105086 3
      vertex -12.4146165735328 -21.611127256321563 3
      vertex -12.4146165735328 -20.388872743678437 3
    endloop
  endfacet
  facet normal 0 0 1
    outer loop
      vertex -12.4146165735328 -21.611127256321563 3
      vertex -12.35031149869901 -21.69783261258001 3
      vertex -12.35031149869901 -20.30216738741999 3
    endloop
  endfacet
  facet normal 0 0 1
    outer loop
      vertex -12.35031149869901 -21.69783261258001 3
      vertex -12.277817459305203 -21.7778174593052 3
      vertex -12.277817459305203 -20.2221825406948 3
    endloop
  endfacet
  facet normal 0 0 1
    outer loop
      vertex -12.19783261258001 -21.85031149869901 3
      vertex -12.19783261258001 -20.14968850130099 3
      vertex -12.277817459305203 -21.7778174593052 3
    endloop
  endfacet
  facet normal 0 0 1
    outer loop
      vertex -12.47011339078319 -21.5185364105086 3
      vertex -12.4146165735328 -20.388872743678437 3
      vertex -12.47011339078319 -20.4814635894914 3
    endloop
  endfacet
  facet normal 0 0 1
    outer loop
      vertex -12.4146165735328 -21.611127256321563 3
      vertex -12.35031149869901 -20.30216738741999 3
      vertex -12.4146165735328 -20.388872743678437 3
    endloop
  endfacet
  facet normal 0 0 1
    outer loop
      vertex -12.35031149869901 -21.69783261258001 3
      vertex -12.277817459305203 -20.2221825406948 3
      vertex -12.35031149869901 -20.30216738741999 3
    endloop
  endfacet
  facet normal 0 0 1
    outer loop
      vertex -12.277817459305203 -21.7778174593052 3
      vertex -12.19783261258001 -20.14968850130099 3
      vertex -12.277817459305203 -20.2221825406948 3
    endloop
  endfacet
  facet normal 0 0 1
    outer loop
      vertex -12.19783261258001 -21.85031149869901 3
      vertex -12.111127256321563 -20.0853834264672 3
      vertex -12.19783261258001 -20.14968850130099 3
    endloop
  endfacet
  facet normal 0 0 1
    outer loop
      vertex -12.19783261258001 -21.85031149869901 3
      vertex -12.111127256321563 -21.9146165735328 3
      vertex -12.111127256321563 -20.0853834264672 3
    endloop
  endfacet
  facet normal 0 0 1
    outer loop
      vertex -12.111127256321563 -21.9146165735328 3
      vertex -12.018536410508597 -21.97011339078319 3
      vertex -12.018536410508597 -20.02988660921681 3
    endloop
  endfacet
  facet normal 0 0 1
    outer loop
      vertex -12.018536410508597 -21.97011339078319 3
      vertex -11.9209517756016 -22.016267485762416 3
      vertex -11.9209517756016 -19.983732514237584 3
    endloop
  endfacet
  facet normal 0 0 1
    outer loop
      vertex -11.9209517756016 -22.016267485762416 3
      vertex -11.819313144979908 -22.05263436930543 3
      vertex -11.819313144979908 -19.94736563069457 3
    endloop
  endfacet
  facet normal 0 0 1
    outer loop
      vertex -12.111127256321563 -21.9146165735328 3
      vertex -12.018536410508597 -20.02988660921681 3
      vertex -12.111127256321563 -20.0853834264672 3
    endloop
  endfacet
  facet normal 0 0 1
    outer loop
      vertex -12.018536410508597 -21.97011339078319 3
      vertex -11.9209517756016 -19.983732514237584 3
      vertex -12.018536410508597 -20.02988660921681 3
    endloop
  endfacet
  facet normal 0 0 1
    outer loop
      vertex -11.9209517756016 -22.016267485762416 3
      vertex -11.819313144979908 -19.94736563069457 3
      vertex -11.9209517756016 -19.983732514237584 3
    endloop
  endfacet
  facet normal 0 0 1
    outer loop
      vertex -11.819313144979908 -22.05263436930543 3
      vertex -11.714599354217741 -22.078863808443554 3
      vertex -11.714599354217741 -19.921136191556446 3
    endloop
  endfacet
  facet normal 0 0 1
    outer loop
      vertex -11.714599354217741 -22.078863808443554 3
      vertex -11.607818854362517 -22.094703199339417 3
      vertex -11.607818854362517 -19.905296800660583 3
    endloop
  endfacet
  facet normal 0 0 1
    outer loop
      vertex -11.607818854362517 -22.094703199339417 3
      vertex -11.5 -22.1 3
      vertex -11.5 -19.9 3
    endloop
  endfacet
  facet normal 0 0 1
    outer loop
      vertex -11.819313144979908 -22.05263436930543 3
      vertex -11.714599354217741 -19.921136191556446 3
      vertex -11.819313144979908 -19.94736563069457 3
    endloop
  endfacet
  facet normal 0 0 1
    outer loop
      vertex -11.714599354217741 -22.078863808443554 3
      vertex -11.607818854362517 -19.905296800660583 3
      vertex -11.714599354217741 -19.921136191556446 3
    endloop
  endfacet
  facet normal 0 0 1
    outer loop
      vertex -11.607818854362517 -22.094703199339417 3
      vertex -11.5 -19.9 3
      vertex -11.607818854362517 -19.905296800660583 3
    endloop
  endfacet
  facet normal 0 0 1
    outer loop
      vertex -11.5 -22.1 3
      vertex -11.392181145637483 -22.094703199339417 3
      vertex -11.392181145637483 -19.905296800660583 3
    endloop
  endfacet
  facet normal 0 0 1
    outer loop
      vertex -11.392181145637483 -22.094703199339417 3
      vertex -11.285400645782259 -22.078863808443554 3
      vertex -11.285400645782259 -19.921136191556446 3
    endloop
  endfacet
  facet normal 0 0 1
    outer loop
      vertex -11.285400645782259 -22.078863808443554 3
      vertex -11.180686855020092 -22.05263436930543 3
      vertex -11.180686855020092 -19.94736563069457 3
    endloop
  endfacet
  facet normal 0 0 1
    outer loop
      vertex -11.5 -22.1 3
      vertex -11.392181145637483 -19.905296800660583 3
      vertex -11.5 -19.9 3
    endloop
  endfacet
  facet normal 0 0 1
    outer loop
      vertex -11.392181145637483 -22.094703199339417 3
      vertex -11.285400645782259 -19.921136191556446 3
      vertex -11.392181145637483 -19.905296800660583 3
    endloop
  endfacet
  facet normal 0 0 1
    outer loop
      vertex -11.285400645782259 -22.078863808443554 3
      vertex -11.180686855020092 -19.94736563069457 3
      vertex -11.285400645782259 -19.921136191556446 3
    endloop
  endfacet
  facet normal 0 0 1
    outer loop
      vertex -11.180686855020092 -22.05263436930543 3
      vertex -11.0790482243984 -22.016267485762416 3
      vertex -11.0790482243984 -19.983732514237584 3
    endloop
  endfacet
  facet normal 0 0 1
    outer loop
      vertex -11.0790482243984 -22.016267485762416 3
      vertex -10.981463589491403 -21.97011339078319 3
      vertex -10.981463589491403 -20.02988660921681 3
    endloop
  endfacet
  facet normal 0 0 1
    outer loop
      vertex -10.981463589491403 -21.97011339078319 3
      vertex -10.888872743678437 -21.9146165735328 3
      vertex -10.888872743678437 -20.0853834264672 3
    endloop
  endfacet
  facet normal 0 0 1
    outer loop
      vertex -10.888872743678437 -21.9146165735328 3
      vertex -10.80216738741999 -21.85031149869901 3
      vertex -10.80216738741999 -20.14968850130099 3
    endloop
  endfacet
  facet normal 0 0 1
    outer loop
      vertex -11.180686855020092 -22.05263436930543 3
      vertex -11.0790482243984 -19.983732514237584 3
      vertex -11.180686855020092 -19.94736563069457 3
    endloop
  endfacet
  facet normal 0 0 1
    outer loop
      vertex -11.0790482243984 -22.016267485762416 3
      vertex -10.981463589491403 -20.02988660921681 3
      vertex -11.0790482243984 -19.983732514237584 3
    endloop
  endfacet
  facet normal 0 0 1
    outer loop
      vertex -10.981463589491403 -21.97011339078319 3
      vertex -10.888872743678437 -20.0853834264672 3
      vertex -10.981463589491403 -20.02988660921681 3
    endloop
  endfacet
  facet normal 0 0 1
    outer loop
      vertex -10.888872743678437 -21.9146165735328 3
      vertex -10.80216738741999 -20.14968850130099 3
      vertex -10.888872743678437 -20.0853834264672 3
    endloop
  endfacet
  facet normal 0 0 1
    outer loop
      vertex -10.80216738741999 -21.85031149869901 3
      vertex -10.722182540694797 -21.7778174593052 3
      vertex -10.722182540694797 -20.2221825406948 3
    endloop
  endfacet
  facet normal 0 0 1
    outer loop
      vertex -10.722182540694797 -21.7778174593052 3
      vertex -10.64968850130099 -21.69783261258001 3
      vertex -10.64968850130099 -20.30216738741999 3
    endloop
  endfacet
  facet normal 0 0 1
    outer loop
      vertex -10.64968850130099 -21.69783261258001 3
      vertex -10.5853834264672 -21.611127256321563 3
      vertex -10.5853834264672 -20.388872743678437 3
    endloop
  endfacet
  facet normal 0 0 1
    outer loop
      vertex -10.5853834264672 -21.611127256321563 3
      vertex -10.52988660921681 -21.5185364105086 3
      vertex -10.52988660921681 -20.4814635894914 3
    endloop
  endfacet
  facet normal 0 0 1
    outer loop
      vertex -10.80216738741999 -21.85031149869901 3
      vertex -10.722182540694797 -20.2221825406948 3
      vertex -10.80216738741999 -20.14968850130099 3
    endloop
  endfacet
  facet normal 0 0 1
    outer loop
      vertex -10.722182540694797 -21.7778174593052 3
      vertex -10.64968850130099 -20.30216738741999 3
      vertex -10.722182540694797 -20.2221825406948 3
    endloop
  endfacet
  facet normal 0 0 1
    outer loop
      vertex -10.52988660921681 -21.5185364105086 3
      vertex -10.483732514237584 -20.579048224398402 3
      vertex -10.52988660921681 -20.4814635894914 3
    endloop
  endfacet
  facet normal 0 0 1
    outer loop
      vertex -10.64968850130099 -21.69783261258001 3
      vertex -10.5853834264672 -20.388872743678437 3
      vertex -10.64968850130099 -20.30216738741999 3
    endloop
  endfacet
  facet normal 0 0 1
    outer loop
      vertex -10.5853834264672 -21.611127256321563 3
      vertex -10.52988660921681 -20.4814635894914 3
      vertex -10.5853834264672 -20.388872743678437 3
    endloop
  endfacet
  facet normal 0 0 1
    outer loop
      vertex -10.52988660921681 -21.5185364105086 3
      vertex -10.483732514237584 -21.420951775601598 3
      vertex -10.483732514237584 -20.579048224398402 3
    endloop
  endfacet
  facet normal 0 0 1
    outer loop
      vertex -10.483732514237584 -21.420951775601598 3
      vertex -10.44736563069457 -21.31931314497991 3
      vertex -10.44736563069457 -20.68068685502009 3
    endloop
  endfacet
  facet normal 0 0 1
    outer loop
      vertex -10.44736563069457 -21.31931314497991 3
      vertex -10.421136191556446 -21.21459935421774 3
      vertex -10.421136191556446 -20.78540064578226 3
    endloop
  endfacet
  facet normal 0 0 1
    outer loop
      vertex -10.421136191556446 -21.21459935421774 3
      vertex -10.405296800660583 -21.107818854362517 3
      vertex -10.405296800660583 -20.892181145637483 3
    endloop
  endfacet
  facet normal 0 0 1
    outer loop
      vertex -10.483732514237584 -21.420951775601598 3
      vertex -10.44736563069457 -20.68068685502009 3
      vertex -10.483732514237584 -20.579048224398402 3
    endloop
  endfacet
  facet normal 0 0 1
    outer loop
      vertex -10.44736563069457 -21.31931314497991 3
      vertex -10.421136191556446 -20.78540064578226 3
      vertex -10.44736563069457 -20.68068685502009 3
    endloop
  endfacet
  facet normal 0 0 1
    outer loop
      vertex -10.421136191556446 -21.21459935421774 3
      vertex -10.405296800660583 -20.892181145637483 3
      vertex -10.421136191556446 -20.78540064578226 3
    endloop
  endfacet
  facet normal 0 0 1
    outer loop
      vertex -10.405296800660583 -21.107818854362517 3
      vertex -10.4 -21 3
      vertex -10.405296800660583 -20.892181145637483 3
    endloop
  endfacet
  facet normal 0.9039892931234441 0.4275550934302806 -4.1834251020423067e-19
    outer loop
      vertex -12.47011339078319 -21.5185364105086 3
      vertex -12.516267485762416 -21.420951775601598 3
      vertex -12.516267485762416 -21.420951775601598 9
    endloop
  endfacet
  facet normal 0.9415440651830209 0.33688985339221933 3.289012537195022e-20
    outer loop
      vertex -12.516267485762416 -21.420951775601598 3
      vertex -12.55263436930543 -21.31931314497991 3
      vertex -12.55263436930543 -21.31931314497991 9
    endloop
  endfacet
  facet normal 0.9700312531945443 0.24298017990326237 2.4816471077576713e-19
    outer loop
      vertex -12.55263436930543 -21.31931314497991 3
      vertex -12.578863808443554 -21.21459935421774 3
      vertex -12.578863808443554 -21.21459935421774 9
    endloop
  endfacet
  facet normal 0.9891765099647808 0.14673047445536297 -3.499765384520375e-20
    outer loop
      vertex -12.578863808443554 -21.21459935421774 3
      vertex -12.594703199339417 -21.107818854362517 3
      vertex -12.594703199339417 -21.107818854362517 9
    endloop
  endfacet
  facet normal 0.9987954562051727 0.0490676743274112 5.717609967348203e-20
    outer loop
      vertex -12.594703199339417 -21.107818854362517 3
      vertex -12.6 -21 3
      vertex -12.6 -21 9
    endloop
  endfacet
  facet normal 0.9987954562051727 -0.0490676743274112 -5.717609967348203e-20
    outer loop
      vertex -12.6 -21 3
      vertex -12.594703199339417 -20.892181145637483 3
      vertex -12.594703199339417 -20.892181145637483 9
    endloop
  endfacet
  facet normal 0.9891765099647808 -0.14673047445536297 3.499765384520375e-20
    outer loop
      vertex -12.594703199339417 -20.892181145637483 3
      vertex -12.578863808443554 -20.78540064578226 3
      vertex -12.578863808443554 -20.78540064578226 9
    endloop
  endfacet
  facet normal 0.9700312531945443 -0.24298017990326237 -2.4816471077576713e-19
    outer loop
      vertex -12.578863808443554 -20.78540064578226 3
      vertex -12.55263436930543 -20.68068685502009 3
      vertex -12.55263436930543 -20.68068685502009 9
    endloop
  endfacet
  facet normal 0.7409511253549477 0.671558954847031 0
    outer loop
      vertex -12.35031149869901 -21.69783261258001 3
      vertex -12.35031149869901 -21.69783261258001 9
      vertex -12.277817459305203 -21.7778174593052 3
    endloop
  endfacet
  facet normal 0.8032075314806453 0.5956993044924328 0
    outer loop
      vertex -12.4146165735328 -21.611127256321563 3
      vertex -12.4146165735328 -21.611127256321563 9
      vertex -12.35031149869901 -21.69783261258001 3
    endloop
  endfacet
  facet normal 0.8577286100002738 0.5141027441932191 0
    outer loop
      vertex -12.47011339078319 -21.5185364105086 3
      vertex -12.47011339078319 -21.5185364105086 9
      vertex -12.4146165735328 -21.611127256321563 3
    endloop
  endfacet
  facet normal 0.6715589548470237 0.7409511253549542 1.9487706012077476e-19
    outer loop
      vertex -12.19783261258001 -21.85031149869901 3
      vertex -12.277817459305203 -21.7778174593052 3
      vertex -12.277817459305203 -21.7778174593052 9
    endloop
  endfacet
  facet normal 0.5956993044924407 0.8032075314806394 0
    outer loop
      vertex -12.19783261258001 -21.85031149869901 3
      vertex -12.19783261258001 -21.85031149869901 9
      vertex -12.111127256321563 -21.9146165735328 3
    endloop
  endfacet
  facet normal 0.5141027441932118 0.857728610000278 0
    outer loop
      vertex -12.111127256321563 -21.9146165735328 3
      vertex -12.111127256321563 -21.9146165735328 9
      vertex -12.018536410508597 -21.97011339078319 3
    endloop
  endfacet
  facet normal 0.4275550934302933 0.903989293123438 0
    outer loop
      vertex -12.018536410508597 -21.97011339078319 3
      vertex -12.018536410508597 -21.97011339078319 9
      vertex -11.9209517756016 -22.016267485762416 3
    endloop
  endfacet
  facet normal 0.33688985339221417 0.9415440651830228 0
    outer loop
      vertex -11.9209517756016 -22.016267485762416 3
      vertex -11.9209517756016 -22.016267485762416 9
      vertex -11.819313144979908 -22.05263436930543 3
    endloop
  endfacet
  facet normal 0.24298017990326626 0.9700312531945433 0
    outer loop
      vertex -11.819313144979908 -22.05263436930543 3
      vertex -11.819313144979908 -22.05263436930543 9
      vertex -11.714599354217741 -22.078863808443554 3
    endloop
  endfacet
  facet normal 0.14673047445536055 0.9891765099647811 0
    outer loop
      vertex -11.714599354217741 -22.078863808443554 3
      vertex -11.714599354217741 -22.078863808443554 9
      vertex -11.607818854362517 -22.094703199339417 3
    endloop
  endfacet
  facet normal 0.04906767432742762 0.9987954562051718 0
    outer loop
      vertex -11.607818854362517 -22.094703199339417 3
      vertex -11.607818854362517 -22.094703199339417 9
      vertex -11.5 -22.1 3
    endloop
  endfacet
  facet normal -0.04906767432742762 0.9987954562051718 0
    outer loop
      vertex -11.5 -22.1 3
      vertex -11.5 -22.1 9
      vertex -11.392181145637483 -22.094703199339417 3
    endloop
  endfacet
  facet normal -0.14673047445536055 0.9891765099647811 0
    outer loop
      vertex -11.392181145637483 -22.094703199339417 3
      vertex -11.392181145637483 -22.094703199339417 9
      vertex -11.285400645782259 -22.078863808443554 3
    endloop
  endfacet
  facet normal -0.24298017990326626 0.9700312531945433 0
    outer loop
      vertex -11.285400645782259 -22.078863808443554 3
      vertex -11.285400645782259 -22.078863808443554 9
      vertex -11.180686855020092 -22.05263436930543 3
    endloop
  endfacet
  facet normal -0.33688985339221417 0.9415440651830228 0
    outer loop
      vertex -11.180686855020092 -22.05263436930543 3
      vertex -11.180686855020092 -22.05263436930543 9
      vertex -11.0790482243984 -22.016267485762416 3
    endloop
  endfacet
  facet normal -0.4275550934302933 0.903989293123438 0
    outer loop
      vertex -11.0790482243984 -22.016267485762416 3
      vertex -11.0790482243984 -22.016267485762416 9
      vertex -10.981463589491403 -21.97011339078319 3
    endloop
  endfacet
  facet normal -0.5141027441932118 0.857728610000278 0
    outer loop
      vertex -10.981463589491403 -21.97011339078319 3
      vertex -10.981463589491403 -21.97011339078319 9
      vertex -10.888872743678437 -21.9146165735328 3
    endloop
  endfacet
  facet normal -0.5956993044924407 0.8032075314806394 0
    outer loop
      vertex -10.888872743678437 -21.9146165735328 3
      vertex -10.888872743678437 -21.9146165735328 9
      vertex -10.80216738741999 -21.85031149869901 3
    endloop
  endfacet
  facet normal -0.6715589548470237 0.7409511253549542 0
    outer loop
      vertex -10.80216738741999 -21.85031149869901 3
      vertex -10.80216738741999 -21.85031149869901 9
      vertex -10.722182540694797 -21.7778174593052 3
    endloop
  endfacet
  facet normal -0.7409511253549477 0.671558954847031 0
    outer loop
      vertex -10.722182540694797 -21.7778174593052 3
      vertex -10.722182540694797 -21.7778174593052 9
      vertex -10.64968850130099 -21.69783261258001 3
    endloop
  endfacet
  facet normal -0.8032075314806453 0.5956993044924328 0
    outer loop
      vertex -10.64968850130099 -21.69783261258001 3
      vertex -10.64968850130099 -21.69783261258001 9
      vertex -10.5853834264672 -21.611127256321563 3
    endloop
  endfacet
  facet normal -0.8577286100002738 0.5141027441932191 0
    outer loop
      vertex -10.5853834264672 -21.611127256321563 3
      vertex -10.5853834264672 -21.611127256321563 9
      vertex -10.52988660921681 -21.5185364105086 3
    endloop
  endfacet
  facet normal -0.9039892931234441 0.4275550934302806 0
    outer loop
      vertex -10.52988660921681 -21.5185364105086 3
      vertex -10.52988660921681 -21.5185364105086 9
      vertex -10.483732514237584 -21.420951775601598 3
    endloop
  endfacet
  facet normal 0.9415440651830209 -0.33688985339221933 -3.289012537195022e-20
    outer loop
      vertex -12.55263436930543 -20.68068685502009 3
      vertex -12.516267485762416 -20.579048224398402 3
      vertex -12.516267485762416 -20.579048224398402 9
    endloop
  endfacet
  facet normal 0.9039892931234441 -0.4275550934302806 4.1834251020423067e-19
    outer loop
      vertex -12.516267485762416 -20.579048224398402 3
      vertex -12.47011339078319 -20.4814635894914 3
      vertex -12.47011339078319 -20.4814635894914 9
    endloop
  endfacet
  facet normal 0.8577286100002738 -0.5141027441932191 -2.0307338573768927e-19
    outer loop
      vertex -12.47011339078319 -20.4814635894914 3
      vertex -12.4146165735328 -20.388872743678437 3
      vertex -12.4146165735328 -20.388872743678437 9
    endloop
  endfacet
  facet normal 0.8032075314806453 -0.5956993044924328 -6.882833931806681e-20
    outer loop
      vertex -12.4146165735328 -20.388872743678437 3
      vertex -12.35031149869901 -20.30216738741999 3
      vertex -12.35031149869901 -20.30216738741999 9
    endloop
  endfacet
  facet normal 0.7409511253549477 -0.671558954847031 1.4720814858720155e-19
    outer loop
      vertex -12.35031149869901 -20.30216738741999 3
      vertex -12.277817459305203 -20.2221825406948 3
      vertex -12.277817459305203 -20.2221825406948 9
    endloop
  endfacet
  facet normal 0.6715589548470237 -0.7409511253549542 -1.9487706012077476e-19
    outer loop
      vertex -12.277817459305203 -20.2221825406948 3
      vertex -12.19783261258001 -20.14968850130099 3
      vertex -12.19783261258001 -20.14968850130099 9
    endloop
  endfacet
  facet normal 0.5956993044924407 -0.8032075314806394 3.3721249029392884e-19
    outer loop
      vertex -12.19783261258001 -20.14968850130099 3
      vertex -12.111127256321563 -20.0853834264672 3
      vertex -12.111127256321563 -20.0853834264672 9
    endloop
  endfacet
  facet normal 0.5141027441932118 -0.857728610000278 -6.617584493128081e-19
    outer loop
      vertex -12.111127256321563 -20.0853834264672 3
      vertex -12.018536410508597 -20.02988660921681 3
      vertex -12.018536410508597 -20.02988660921681 9
    endloop
  endfacet
  facet normal 0.4275550934302933 -0.903989293123438 3.551705035244757e-19
    outer loop
      vertex -12.018536410508597 -20.02988660921681 3
      vertex -11.9209517756016 -19.983732514237584 3
      vertex -11.9209517756016 -19.983732514237584 9
    endloop
  endfacet
  facet normal 0.33688985339221417 -0.9415440651830228 -6.050685507994252e-20
    outer loop
      vertex -11.9209517756016 -19.983732514237584 3
      vertex -11.819313144979908 -19.94736563069457 3
      vertex -11.819313144979908 -19.94736563069457 9
    endloop
  endfacet
  facet normal 0.24298017990326626 -0.9700312531945433 1.2962249855757533e-19
    outer loop
      vertex -11.819313144979908 -19.94736563069457 3
      vertex -11.714599354217741 -19.921136191556446 3
      vertex -11.714599354217741 -19.921136191556446 9
    endloop
  endfacet
  facet normal 0.14673047445536055 -0.9891765099647811 -4.659364057048446e-20
    outer loop
      vertex -11.714599354217741 -19.921136191556446 3
      vertex -11.607818854362517 -19.905296800660583 3
      vertex -11.607818854362517 -19.905296800660583 9
    endloop
  endfacet
  facet normal 0.04906767432742762 -0.9987954562051718 2.7209059353669626e-20
    outer loop
      vertex -11.607818854362517 -19.905296800660583 3
      vertex -11.5 -19.9 3
      vertex -11.5 -19.9 9
    endloop
  endfacet
  facet normal -0.04906767432742762 -0.9987954562051718 -2.7209059353669626e-20
    outer loop
      vertex -11.5 -19.9 3
      vertex -11.392181145637483 -19.905296800660583 3
      vertex -11.392181145637483 -19.905296800660583 9
    endloop
  endfacet
  facet normal -0.14673047445536055 -0.9891765099647811 4.659364057048446e-20
    outer loop
      vertex -11.392181145637483 -19.905296800660583 3
      vertex -11.285400645782259 -19.921136191556446 3
      vertex -11.285400645782259 -19.921136191556446 9
    endloop
  endfacet
  facet normal -0.24298017990326626 -0.9700312531945433 -1.2962249855757533e-19
    outer loop
      vertex -11.285400645782259 -19.921136191556446 3
      vertex -11.180686855020092 -19.94736563069457 3
      vertex -11.180686855020092 -19.94736563069457 9
    endloop
  endfacet
  facet normal -0.4275550934302933 -0.903989293123438 -3.551705035244757e-19
    outer loop
      vertex -11.0790482243984 -19.983732514237584 3
      vertex -10.981463589491403 -20.02988660921681 3
      vertex -10.981463589491403 -20.02988660921681 9
    endloop
  endfacet
  facet normal -0.33688985339221417 -0.9415440651830228 6.050685507994252e-20
    outer loop
      vertex -11.180686855020092 -19.94736563069457 3
      vertex -11.0790482243984 -19.983732514237584 3
      vertex -11.0790482243984 -19.983732514237584 9
    endloop
  endfacet
  facet normal -0.5141027441932118 -0.857728610000278 0
    outer loop
      vertex -10.888872743678437 -20.0853834264672 3
      vertex -10.888872743678437 -20.0853834264672 9
      vertex -10.981463589491403 -20.02988660921681 3
    endloop
  endfacet
  facet normal -0.5956993044924407 -0.8032075314806394 -3.3721249029392884e-19
    outer loop
      vertex -10.888872743678437 -20.0853834264672 3
      vertex -10.80216738741999 -20.14968850130099 3
      vertex -10.80216738741999 -20.14968850130099 9
    endloop
  endfacet
  facet normal -0.6715589548470237 -0.7409511253549542 1.9487706012077476e-19
    outer loop
      vertex -10.80216738741999 -20.14968850130099 3
      vertex -10.722182540694797 -20.2221825406948 3
      vertex -10.722182540694797 -20.2221825406948 9
    endloop
  endfacet
  facet normal -0.7409511253549477 -0.671558954847031 0
    outer loop
      vertex -10.64968850130099 -20.30216738741999 3
      vertex -10.64968850130099 -20.30216738741999 9
      vertex -10.722182540694797 -20.2221825406948 3
    endloop
  endfacet
  facet normal -0.8577286100002738 -0.5141027441932191 0
    outer loop
      vertex -10.52988660921681 -20.4814635894914 3
      vertex -10.52988660921681 -20.4814635894914 9
      vertex -10.5853834264672 -20.388872743678437 3
    endloop
  endfacet
  facet normal -0.8032075314806453 -0.5956993044924328 6.882833931806681e-20
    outer loop
      vertex -10.64968850130099 -20.30216738741999 3
      vertex -10.5853834264672 -20.388872743678437 3
      vertex -10.5853834264672 -20.388872743678437 9
    endloop
  endfacet
  facet normal 0.9039892931234441 0.4275550934302806 0
    outer loop
      vertex -12.47011339078319 -21.5185364105086 3
      vertex -12.516267485762416 -21.420951775601598 9
      vertex -12.47011339078319 -21.5185364105086 9
    endloop
  endfacet
  facet normal 0.9700312531945443 0.24298017990326237 0
    outer loop
      vertex -12.55263436930543 -21.31931314497991 3
      vertex -12.578863808443554 -21.21459935421774 9
      vertex -12.55263436930543 -21.31931314497991 9
    endloop
  endfacet
  facet normal 0.9415440651830209 0.33688985339221933 0
    outer loop
      vertex -12.516267485762416 -21.420951775601598 3
      vertex -12.55263436930543 -21.31931314497991 9
      vertex -12.516267485762416 -21.420951775601598 9
    endloop
  endfacet
  facet normal 0.9891765099647808 0.14673047445536297 0
    outer loop
      vertex -12.578863808443554 -21.21459935421774 3
      vertex -12.594703199339417 -21.107818854362517 9
      vertex -12.578863808443554 -21.21459935421774 9
    endloop
  endfacet
  facet normal 0.9987954562051727 0.0490676743274112 0
    outer loop
      vertex -12.594703199339417 -21.107818854362517 3
      vertex -12.6 -21 9
      vertex -12.594703199339417 -21.107818854362517 9
    endloop
  endfacet
  facet normal 0.9987954562051727 -0.0490676743274112 0
    outer loop
      vertex -12.6 -21 3
      vertex -12.594703199339417 -20.892181145637483 9
      vertex -12.6 -21 9
    endloop
  endfacet
  facet normal 0.9891765099647808 -0.14673047445536297 0
    outer loop
      vertex -12.594703199339417 -20.892181145637483 3
      vertex -12.578863808443554 -20.78540064578226 9
      vertex -12.594703199339417 -20.892181145637483 9
    endloop
  endfacet
  facet normal 0.9700312531945443 -0.24298017990326237 0
    outer loop
      vertex -12.578863808443554 -20.78540064578226 3
      vertex -12.55263436930543 -20.68068685502009 9
      vertex -12.578863808443554 -20.78540064578226 9
    endloop
  endfacet
  facet normal 0.9415440651830209 -0.33688985339221933 0
    outer loop
      vertex -12.55263436930543 -20.68068685502009 3
      vertex -12.516267485762416 -20.579048224398402 9
      vertex -12.55263436930543 -20.68068685502009 9
    endloop
  endfacet
  facet normal 0.8577286100002738 0.5141027441932191 0
    outer loop
      vertex -12.4146165735328 -21.611127256321563 3
      vertex -12.47011339078319 -21.5185364105086 9
      vertex -12.4146165735328 -21.611127256321563 9
    endloop
  endfacet
  facet normal 0.8032075314806453 0.5956993044924328 0
    outer loop
      vertex -12.35031149869901 -21.69783261258001 3
      vertex -12.4146165735328 -21.611127256321563 9
      vertex -12.35031149869901 -21.69783261258001 9
    endloop
  endfacet
  facet normal 0.6715589548470237 0.7409511253549542 0
    outer loop
      vertex -12.19783261258001 -21.85031149869901 3
      vertex -12.277817459305203 -21.7778174593052 9
      vertex -12.19783261258001 -21.85031149869901 9
    endloop
  endfacet
  facet normal 0.7409511253549477 0.671558954847031 0
    outer loop
      vertex -12.277817459305203 -21.7778174593052 3
      vertex -12.35031149869901 -21.69783261258001 9
      vertex -12.277817459305203 -21.7778174593052 9
    endloop
  endfacet
  facet normal 0.5141027441932118 0.857728610000278 0
    outer loop
      vertex -12.018536410508597 -21.97011339078319 3
      vertex -12.111127256321563 -21.9146165735328 9
      vertex -12.018536410508597 -21.97011339078319 9
    endloop
  endfacet
  facet normal 0.4275550934302933 0.903989293123438 0
    outer loop
      vertex -11.9209517756016 -22.016267485762416 3
      vertex -12.018536410508597 -21.97011339078319 9
      vertex -11.9209517756016 -22.016267485762416 9
    endloop
  endfacet
  facet normal 0.33688985339221417 0.9415440651830228 0
    outer loop
      vertex -11.819313144979908 -22.05263436930543 3
      vertex -11.9209517756016 -22.016267485762416 9
      vertex -11.819313144979908 -22.05263436930543 9
    endloop
  endfacet
  facet normal 0.5956993044924407 0.8032075314806394 0
    outer loop
      vertex -12.111127256321563 -21.9146165735328 3
      vertex -12.19783261258001 -21.85031149869901 9
      vertex -12.111127256321563 -21.9146165735328 9
    endloop
  endfacet
  facet normal 0.24298017990326626 0.9700312531945433 0
    outer loop
      vertex -11.714599354217741 -22.078863808443554 3
      vertex -11.819313144979908 -22.05263436930543 9
      vertex -11.714599354217741 -22.078863808443554 9
    endloop
  endfacet
  facet normal 0.14673047445536055 0.9891765099647811 0
    outer loop
      vertex -11.607818854362517 -22.094703199339417 3
      vertex -11.714599354217741 -22.078863808443554 9
      vertex -11.607818854362517 -22.094703199339417 9
    endloop
  endfacet
  facet normal 0.04906767432742762 0.9987954562051718 0
    outer loop
      vertex -11.5 -22.1 3
      vertex -11.607818854362517 -22.094703199339417 9
      vertex -11.5 -22.1 9
    endloop
  endfacet
  facet normal -0.04906767432742762 0.9987954562051718 0
    outer loop
      vertex -11.392181145637483 -22.094703199339417 3
      vertex -11.5 -22.1 9
      vertex -11.392181145637483 -22.094703199339417 9
    endloop
  endfacet
  facet normal -0.14673047445536055 0.9891765099647811 0
    outer loop
      vertex -11.285400645782259 -22.078863808443554 3
      vertex -11.392181145637483 -22.094703199339417 9
      vertex -11.285400645782259 -22.078863808443554 9
    endloop
  endfacet
  facet normal -0.24298017990326626 0.9700312531945433 0
    outer loop
      vertex -11.180686855020092 -22.05263436930543 3
      vertex -11.285400645782259 -22.078863808443554 9
      vertex -11.180686855020092 -22.05263436930543 9
    endloop
  endfacet
  facet normal -0.33688985339221417 0.9415440651830228 0
    outer loop
      vertex -11.0790482243984 -22.016267485762416 3
      vertex -11.180686855020092 -22.05263436930543 9
      vertex -11.0790482243984 -22.016267485762416 9
    endloop
  endfacet
  facet normal -0.4275550934302933 0.903989293123438 0
    outer loop
      vertex -10.981463589491403 -21.97011339078319 3
      vertex -11.0790482243984 -22.016267485762416 9
      vertex -10.981463589491403 -21.97011339078319 9
    endloop
  endfacet
  facet normal -0.5141027441932118 0.857728610000278 0
    outer loop
      vertex -10.888872743678437 -21.9146165735328 3
      vertex -10.981463589491403 -21.97011339078319 9
      vertex -10.888872743678437 -21.9146165735328 9
    endloop
  endfacet
  facet normal -0.5956993044924407 0.8032075314806394 0
    outer loop
      vertex -10.80216738741999 -21.85031149869901 3
      vertex -10.888872743678437 -21.9146165735328 9
      vertex -10.80216738741999 -21.85031149869901 9
    endloop
  endfacet
  facet normal -0.6715589548470237 0.7409511253549542 0
    outer loop
      vertex -10.722182540694797 -21.7778174593052 3
      vertex -10.80216738741999 -21.85031149869901 9
      vertex -10.722182540694797 -21.7778174593052 9
    endloop
  endfacet
  facet normal -0.7409511253549477 0.671558954847031 0
    outer loop
      vertex -10.64968850130099 -21.69783261258001 3
      vertex -10.722182540694797 -21.7778174593052 9
      vertex -10.64968850130099 -21.69783261258001 9
    endloop
  endfacet
  facet normal -0.8032075314806453 0.5956993044924328 0
    outer loop
      vertex -10.5853834264672 -21.611127256321563 3
      vertex -10.64968850130099 -21.69783261258001 9
      vertex -10.5853834264672 -21.611127256321563 9
    endloop
  endfacet
  facet normal -0.8577286100002738 0.5141027441932191 0
    outer loop
      vertex -10.52988660921681 -21.5185364105086 3
      vertex -10.5853834264672 -21.611127256321563 9
      vertex -10.52988660921681 -21.5185364105086 9
    endloop
  endfacet
  facet normal 0.9039892931234441 -0.4275550934302806 0
    outer loop
      vertex -12.516267485762416 -20.579048224398402 3
      vertex -12.47011339078319 -20.4814635894914 9
      vertex -12.516267485762416 -20.579048224398402 9
    endloop
  endfacet
  facet normal 0.8577286100002738 -0.5141027441932191 0
    outer loop
      vertex -12.47011339078319 -20.4814635894914 3
      vertex -12.4146165735328 -20.388872743678437 9
      vertex -12.47011339078319 -20.4814635894914 9
    endloop
  endfacet
  facet normal 0.8032075314806453 -0.5956993044924328 0
    outer loop
      vertex -12.4146165735328 -20.388872743678437 3
      vertex -12.35031149869901 -20.30216738741999 9
      vertex -12.4146165735328 -20.388872743678437 9
    endloop
  endfacet
  facet normal 0.7409511253549477 -0.671558954847031 0
    outer loop
      vertex -12.35031149869901 -20.30216738741999 3
      vertex -12.277817459305203 -20.2221825406948 9
      vertex -12.35031149869901 -20.30216738741999 9
    endloop
  endfacet
  facet normal 0.6715589548470237 -0.7409511253549542 0
    outer loop
      vertex -12.277817459305203 -20.2221825406948 3
      vertex -12.19783261258001 -20.14968850130099 9
      vertex -12.277817459305203 -20.2221825406948 9
    endloop
  endfacet
  facet normal 0.5956993044924407 -0.8032075314806394 0
    outer loop
      vertex -12.19783261258001 -20.14968850130099 3
      vertex -12.111127256321563 -20.0853834264672 9
      vertex -12.19783261258001 -20.14968850130099 9
    endloop
  endfacet
  facet normal 0.5141027441932118 -0.857728610000278 0
    outer loop
      vertex -12.111127256321563 -20.0853834264672 3
      vertex -12.018536410508597 -20.02988660921681 9
      vertex -12.111127256321563 -20.0853834264672 9
    endloop
  endfacet
  facet normal 0.4275550934302933 -0.903989293123438 0
    outer loop
      vertex -12.018536410508597 -20.02988660921681 3
      vertex -11.9209517756016 -19.983732514237584 9
      vertex -12.018536410508597 -20.02988660921681 9
    endloop
  endfacet
  facet normal 0.33688985339221417 -0.9415440651830228 0
    outer loop
      vertex -11.9209517756016 -19.983732514237584 3
      vertex -11.819313144979908 -19.94736563069457 9
      vertex -11.9209517756016 -19.983732514237584 9
    endloop
  endfacet
  facet normal 0.24298017990326626 -0.9700312531945433 0
    outer loop
      vertex -11.819313144979908 -19.94736563069457 3
      vertex -11.714599354217741 -19.921136191556446 9
      vertex -11.819313144979908 -19.94736563069457 9
    endloop
  endfacet
  facet normal 0.14673047445536055 -0.9891765099647811 0
    outer loop
      vertex -11.714599354217741 -19.921136191556446 3
      vertex -11.607818854362517 -19.905296800660583 9
      vertex -11.714599354217741 -19.921136191556446 9
    endloop
  endfacet
  facet normal 0.04906767432742762 -0.9987954562051718 0
    outer loop
      vertex -11.607818854362517 -19.905296800660583 3
      vertex -11.5 -19.9 9
      vertex -11.607818854362517 -19.905296800660583 9
    endloop
  endfacet
  facet normal -0.04906767432742762 -0.9987954562051718 0
    outer loop
      vertex -11.5 -19.9 3
      vertex -11.392181145637483 -19.905296800660583 9
      vertex -11.5 -19.9 9
    endloop
  endfacet
  facet normal -0.14673047445536055 -0.9891765099647811 0
    outer loop
      vertex -11.392181145637483 -19.905296800660583 3
      vertex -11.285400645782259 -19.921136191556446 9
      vertex -11.392181145637483 -19.905296800660583 9
    endloop
  endfacet
  facet normal -0.24298017990326626 -0.9700312531945433 0
    outer loop
      vertex -11.285400645782259 -19.921136191556446 3
      vertex -11.180686855020092 -19.94736563069457 9
      vertex -11.285400645782259 -19.921136191556446 9
    endloop
  endfacet
  facet normal -0.4275550934302933 -0.903989293123438 0
    outer loop
      vertex -11.0790482243984 -19.983732514237584 3
      vertex -10.981463589491403 -20.02988660921681 9
      vertex -11.0790482243984 -19.983732514237584 9
    endloop
  endfacet
  facet normal -0.33688985339221417 -0.9415440651830228 0
    outer loop
      vertex -11.180686855020092 -19.94736563069457 3
      vertex -11.0790482243984 -19.983732514237584 9
      vertex -11.180686855020092 -19.94736563069457 9
    endloop
  endfacet
  facet normal -0.5141027441932118 -0.857728610000278 0
    outer loop
      vertex -10.981463589491403 -20.02988660921681 3
      vertex -10.888872743678437 -20.0853834264672 9
      vertex -10.981463589491403 -20.02988660921681 9
    endloop
  endfacet
  facet normal -0.5956993044924407 -0.8032075314806394 0
    outer loop
      vertex -10.888872743678437 -20.0853834264672 3
      vertex -10.80216738741999 -20.14968850130099 9
      vertex -10.888872743678437 -20.0853834264672 9
    endloop
  endfacet
  facet normal -0.7409511253549477 -0.671558954847031 0
    outer loop
      vertex -10.722182540694797 -20.2221825406948 3
      vertex -10.64968850130099 -20.30216738741999 9
      vertex -10.722182540694797 -20.2221825406948 9
    endloop
  endfacet
  facet normal -0.8577286100002738 -0.5141027441932191 0
    outer loop
      vertex -10.5853834264672 -20.388872743678437 3
      vertex -10.52988660921681 -20.4814635894914 9
      vertex -10.5853834264672 -20.388872743678437 9
    endloop
  endfacet
  facet normal -0.9039892931234441 -0.4275550934302806 0
    outer loop
      vertex -10.52988660921681 -20.4814635894914 3
      vertex -10.483732514237584 -20.579048224398402 9
      vertex -10.52988660921681 -20.4814635894914 9
    endloop
  endfacet
  facet normal -0.8032075314806453 -0.5956993044924328 0
    outer loop
      vertex -10.64968850130099 -20.30216738741999 3
      vertex -10.5853834264672 -20.388872743678437 9
      vertex -10.64968850130099 -20.30216738741999 9
    endloop
  endfacet
  facet normal -0.6715589548470237 -0.7409511253549542 0
    outer loop
      vertex -10.80216738741999 -20.14968850130099 3
      vertex -10.722182540694797 -20.2221825406948 9
      vertex -10.80216738741999 -20.14968850130099 9
    endloop
  endfacet
  facet normal -0.9415440651830209 0.33688985339221933 0
    outer loop
      vertex -10.483732514237584 -21.420951775601598 3
      vertex -10.483732514237584 -21.420951775601598 9
      vertex -10.44736563069457 -21.31931314497991 3
    endloop
  endfacet
  facet normal -0.9700312531945443 0.24298017990326237 0
    outer loop
      vertex -10.44736563069457 -21.31931314497991 3
      vertex -10.44736563069457 -21.31931314497991 9
      vertex -10.421136191556446 -21.21459935421774 3
    endloop
  endfacet
  facet normal -0.9891765099647808 0.14673047445536297 0
    outer loop
      vertex -10.421136191556446 -21.21459935421774 3
      vertex -10.421136191556446 -21.21459935421774 9
      vertex -10.405296800660583 -21.107818854362517 3
    endloop
  endfacet
  facet normal -0.9987954562051727 0.0490676743274112 0
    outer loop
      vertex -10.405296800660583 -21.107818854362517 3
      vertex -10.405296800660583 -21.107818854362517 9
      vertex -10.4 -21 3
    endloop
  endfacet
  facet normal -0.9987954562051727 -0.0490676743274112 0
    outer loop
      vertex -10.4 -21 3
      vertex -10.4 -21 9
      vertex -10.405296800660583 -20.892181145637483 3
    endloop
  endfacet
  facet normal -0.9891765099647808 -0.14673047445536297 0
    outer loop
      vertex -10.405296800660583 -20.892181145637483 3
      vertex -10.405296800660583 -20.892181145637483 9
      vertex -10.421136191556446 -20.78540064578226 3
    endloop
  endfacet
  facet normal -0.9700312531945443 -0.24298017990326237 0
    outer loop
      vertex -10.421136191556446 -20.78540064578226 3
      vertex -10.421136191556446 -20.78540064578226 9
      vertex -10.44736563069457 -20.68068685502009 3
    endloop
  endfacet
  facet normal -0.9415440651830209 -0.33688985339221933 3.289012537195022e-20
    outer loop
      vertex -10.483732514237584 -20.579048224398402 3
      vertex -10.44736563069457 -20.68068685502009 3
      vertex -10.44736563069457 -20.68068685502009 9
    endloop
  endfacet
  facet normal -0.9039892931234441 -0.4275550934302806 0
    outer loop
      vertex -10.483732514237584 -20.579048224398402 3
      vertex -10.483732514237584 -20.579048224398402 9
      vertex -10.52988660921681 -20.4814635894914 3
    endloop
  endfacet
  facet normal -0.9039892931234441 0.4275550934302806 0
    outer loop
      vertex -10.483732514237584 -21.420951775601598 3
      vertex -10.52988660921681 -21.5185364105086 9
      vertex -10.483732514237584 -21.420951775601598 9
    endloop
  endfacet
  facet normal -0.9415440651830209 0.33688985339221933 0
    outer loop
      vertex -10.44736563069457 -21.31931314497991 3
      vertex -10.483732514237584 -21.420951775601598 9
      vertex -10.44736563069457 -21.31931314497991 9
    endloop
  endfacet
  facet normal -0.9700312531945443 0.24298017990326237 0
    outer loop
      vertex -10.421136191556446 -21.21459935421774 3
      vertex -10.44736563069457 -21.31931314497991 9
      vertex -10.421136191556446 -21.21459935421774 9
    endloop
  endfacet
  facet normal -0.9891765099647808 0.14673047445536297 0
    outer loop
      vertex -10.405296800660583 -21.107818854362517 3
      vertex -10.421136191556446 -21.21459935421774 9
      vertex -10.405296800660583 -21.107818854362517 9
    endloop
  endfacet
  facet normal -0.9987954562051727 0.0490676743274112 0
    outer loop
      vertex -10.4 -21 3
      vertex -10.405296800660583 -21.107818854362517 9
      vertex -10.4 -21 9
    endloop
  endfacet
  facet normal -0.9987954562051727 -0.0490676743274112 0
    outer loop
      vertex -10.405296800660583 -20.892181145637483 3
      vertex -10.4 -21 9
      vertex -10.405296800660583 -20.892181145637483 9
    endloop
  endfacet
  facet normal -0.9700312531945443 -0.24298017990326237 0
    outer loop
      vertex -10.44736563069457 -20.68068685502009 3
      vertex -10.421136191556446 -20.78540064578226 9
      vertex -10.44736563069457 -20.68068685502009 9
    endloop
  endfacet
  facet normal -0.9891765099647808 -0.14673047445536297 0
    outer loop
      vertex -10.421136191556446 -20.78540064578226 3
      vertex -10.405296800660583 -20.892181145637483 9
      vertex -10.421136191556446 -20.78540064578226 9
    endloop
  endfacet
  facet normal -0.9415440651830209 -0.33688985339221933 0
    outer loop
      vertex -10.483732514237584 -20.579048224398402 3
      vertex -10.44736563069457 -20.68068685502009 9
      vertex -10.483732514237584 -20.579048224398402 9
    endloop
  endfacet
endsolid OpenSCAD_Model
