solid OpenSCAD_Model
  facet normal 1 0 0
    outer loop
      vertex 57.6 4 90
      vertex 57.6 0 90
      vertex 57.6 4 9
    endloop
  endfacet
  facet normal 1 0 0
    outer loop
      vertex 57.6 40.1 9
      vertex 57.6 43.1 22
      vertex 57.6 40.1 22
    endloop
  endfacet
  facet normal 1 0 0
    outer loop
      vertex 57.6 43.1 22
      vertex 57.6 40.1 9
      vertex 57.6 43.1 0
    endloop
  endfacet
  facet normal 1 -0 0
    outer loop
      vertex 57.6 4 9
      vertex 57.6 43.1 0
      vertex 57.6 40.1 9
    endloop
  endfacet
  facet normal 1 0 0
    outer loop
      vertex 57.6 4 9
      vertex 57.6 0 0
      vertex 57.6 43.1 0
    endloop
  endfacet
  facet normal 1 0 0
    outer loop
      vertex 57.6 0 0
      vertex 57.6 4 9
      vertex 57.6 0 90
    endloop
  endfacet
  facet normal -0 0 1
    outer loop
      vertex -57.6 4 90
      vertex 57.6 0 90
      vertex 57.6 4 90
    endloop
  endfacet
  facet normal 0 0 1
    outer loop
      vertex 57.6 0 90
      vertex -57.6 4 90
      vertex -57.6 0 90
    endloop
  endfacet
  facet normal 0 0 -1
    outer loop
      vertex -57.6 0 0
      vertex 57.6 43.1 0
      vertex 57.6 0 0
    endloop
  endfacet
  facet normal -0 0 -1
    outer loop
      vertex 57.6 43.1 0
      vertex -57.6 0 0
      vertex -57.6 43.1 0
    endloop
  endfacet
  facet normal -1 0 0
    outer loop
      vertex -57.6 43.1 0
      vertex -57.6 4 4
      vertex -57.6 43.1 4
    endloop
  endfacet
  facet normal -1 0 0
    outer loop
      vertex -57.6 0 0
      vertex -57.6 4 4
      vertex -57.6 43.1 0
    endloop
  endfacet
  facet normal -1 0 0
    outer loop
      vertex -57.6 0 90
      vertex -57.6 4 4
      vertex -57.6 0 0
    endloop
  endfacet
  facet normal -1 0 0
    outer loop
      vertex -57.6 4 4
      vertex -57.6 0 90
      vertex -57.6 4 90
    endloop
  endfacet
  facet normal 0 1 -0
    outer loop
      vertex 54.6 4 4
      vertex 54 4 9
      vertex 54.6 4 9
    endloop
  endfacet
  facet normal 0 1 0
    outer loop
      vertex 54 4 9
      vertex 54.6 4 4
      vertex 54 4 4
    endloop
  endfacet
  facet normal 0 1 0
    outer loop
      vertex 49.133 4 86.4397
      vertex 57.6 4 90
      vertex 49.5565 4 86.5025
    endloop
  endfacet
  facet normal 0 1 0
    outer loop
      vertex -57.6 4 90
      vertex -49.5724 4 86.5033
      vertex -50 4 86.5243
    endloop
  endfacet
  facet normal 0 1 0
    outer loop
      vertex 49.1174 4 86.4373
      vertex 57.6 4 90
      vertex 49.133 4 86.4397
    endloop
  endfacet
  facet normal 0 1 0
    outer loop
      vertex -57.6 4 90
      vertex -49.5565 4 86.5025
      vertex -49.5724 4 86.5033
    endloop
  endfacet
  facet normal 0 1 0
    outer loop
      vertex 49.102 4 86.4335
      vertex 57.6 4 90
      vertex 49.1174 4 86.4373
    endloop
  endfacet
  facet normal 0 1 0
    outer loop
      vertex -57.6 4 90
      vertex -49.133 4 86.4397
      vertex -49.5565 4 86.5025
    endloop
  endfacet
  facet normal 0 1 0
    outer loop
      vertex 48.6867 4 86.3295
      vertex 57.6 4 90
      vertex 49.102 4 86.4335
    endloop
  endfacet
  facet normal 0 1 0
    outer loop
      vertex -57.6 4 90
      vertex -49.1174 4 86.4373
      vertex -49.133 4 86.4397
    endloop
  endfacet
  facet normal 0 1 0
    outer loop
      vertex 48.2836 4 86.1852
      vertex 57.6 4 90
      vertex 48.6867 4 86.3295
    endloop
  endfacet
  facet normal 0 1 0
    outer loop
      vertex -57.6 4 90
      vertex -49.102 4 86.4335
      vertex -49.1174 4 86.4373
    endloop
  endfacet
  facet normal 0 1 0
    outer loop
      vertex 57.6 4 90
      vertex 48.2836 4 86.1852
      vertex -57.6 4 90
    endloop
  endfacet
  facet normal 0 1 0
    outer loop
      vertex -57.6 4 90
      vertex -48.6867 4 86.3295
      vertex -49.102 4 86.4335
    endloop
  endfacet
  facet normal 0 1 -0
    outer loop
      vertex -48.2836 4 86.1852
      vertex -57.6 4 90
      vertex 48.2836 4 86.1852
    endloop
  endfacet
  facet normal 0 1 0
    outer loop
      vertex -57.6 4 90
      vertex -48.2836 4 86.1852
      vertex -48.6867 4 86.3295
    endloop
  endfacet
  facet normal 0 1 -0
    outer loop
      vertex 48.2686 4 86.1799
      vertex -48.2836 4 86.1852
      vertex 48.2836 4 86.1852
    endloop
  endfacet
  facet normal 0 1 0
    outer loop
      vertex 48.2686 4 86.1799
      vertex -48.2686 4 86.1799
      vertex -48.2836 4 86.1852
    endloop
  endfacet
  facet normal 0 1 -0
    outer loop
      vertex 48.2543 4 86.1731
      vertex -48.2686 4 86.1799
      vertex 48.2686 4 86.1799
    endloop
  endfacet
  facet normal 0 1 0
    outer loop
      vertex 48.2543 4 86.1731
      vertex -48.2543 4 86.1731
      vertex -48.2686 4 86.1799
    endloop
  endfacet
  facet normal 0 1 -0
    outer loop
      vertex 47.8673 4 85.99
      vertex -48.2543 4 86.1731
      vertex 48.2543 4 86.1731
    endloop
  endfacet
  facet normal 0 1 0
    outer loop
      vertex 47.8673 4 85.99
      vertex -47.8673 4 85.99
      vertex -48.2543 4 86.1731
    endloop
  endfacet
  facet normal 0 1 -0
    outer loop
      vertex 47.5 4 85.7699
      vertex -47.8673 4 85.99
      vertex 47.8673 4 85.99
    endloop
  endfacet
  facet normal 0 1 0
    outer loop
      vertex 47.5 4 85.7699
      vertex -47.5 4 85.7699
      vertex -47.8673 4 85.99
    endloop
  endfacet
  facet normal 0 1 -0
    outer loop
      vertex 47.4865 4 85.7618
      vertex -47.5 4 85.7699
      vertex 47.5 4 85.7699
    endloop
  endfacet
  facet normal 0 1 0
    outer loop
      vertex 47.4865 4 85.7618
      vertex -47.4865 4 85.7618
      vertex -47.5 4 85.7699
    endloop
  endfacet
  facet normal 0 1 -0
    outer loop
      vertex 47.4737 4 85.7524
      vertex -47.4865 4 85.7618
      vertex 47.4865 4 85.7618
    endloop
  endfacet
  facet normal 0 1 0
    outer loop
      vertex 47.4737 4 85.7524
      vertex -47.4737 4 85.7524
      vertex -47.4865 4 85.7618
    endloop
  endfacet
  facet normal 0 1 -0
    outer loop
      vertex 47.1298 4 85.4973
      vertex -47.4737 4 85.7524
      vertex 47.4737 4 85.7524
    endloop
  endfacet
  facet normal 0 1 0
    outer loop
      vertex 47.1298 4 85.4973
      vertex -47.1298 4 85.4973
      vertex -47.4737 4 85.7524
    endloop
  endfacet
  facet normal 0 1 -0
    outer loop
      vertex 47.1181 4 85.4867
      vertex -47.1298 4 85.4973
      vertex 47.1298 4 85.4973
    endloop
  endfacet
  facet normal 0 1 0
    outer loop
      vertex 47.1181 4 85.4867
      vertex -47.1181 4 85.4867
      vertex -47.1298 4 85.4973
    endloop
  endfacet
  facet normal 0 1 -0
    outer loop
      vertex 46.8009 4 85.1991
      vertex -47.1181 4 85.4867
      vertex 47.1181 4 85.4867
    endloop
  endfacet
  facet normal 0 1 0
    outer loop
      vertex 46.8009 4 85.1991
      vertex -46.8009 4 85.1991
      vertex -47.1181 4 85.4867
    endloop
  endfacet
  facet normal 0 1 -0
    outer loop
      vertex 46.5133 4 84.8819
      vertex -46.8009 4 85.1991
      vertex 46.8009 4 85.1991
    endloop
  endfacet
  facet normal 0 1 0
    outer loop
      vertex 46.5133 4 84.8819
      vertex -46.5133 4 84.8819
      vertex -46.8009 4 85.1991
    endloop
  endfacet
  facet normal 0 1 -0
    outer loop
      vertex 46.5027 4 84.8702
      vertex -46.5133 4 84.8819
      vertex 46.5133 4 84.8819
    endloop
  endfacet
  facet normal 0 1 0
    outer loop
      vertex 46.5027 4 84.8702
      vertex -46.5027 4 84.8702
      vertex -46.5133 4 84.8819
    endloop
  endfacet
  facet normal 0 1 -0
    outer loop
      vertex 46.2476 4 84.5263
      vertex -46.5027 4 84.8702
      vertex 46.5027 4 84.8702
    endloop
  endfacet
  facet normal 0 1 0
    outer loop
      vertex 46.2476 4 84.5263
      vertex -46.2476 4 84.5263
      vertex -46.5027 4 84.8702
    endloop
  endfacet
  facet normal 0 1 -0
    outer loop
      vertex 46.2382 4 84.5135
      vertex -46.2476 4 84.5263
      vertex 46.2476 4 84.5263
    endloop
  endfacet
  facet normal 0 1 0
    outer loop
      vertex 46.2382 4 84.5135
      vertex -46.2382 4 84.5135
      vertex -46.2476 4 84.5263
    endloop
  endfacet
  facet normal 0 1 -0
    outer loop
      vertex 46.2301 4 84.5
      vertex -46.2382 4 84.5135
      vertex 46.2382 4 84.5135
    endloop
  endfacet
  facet normal 0 1 0
    outer loop
      vertex 46.2301 4 84.5
      vertex -46.2301 4 84.5
      vertex -46.2382 4 84.5135
    endloop
  endfacet
  facet normal 0 1 -0
    outer loop
      vertex 46.01 4 84.1327
      vertex -46.2301 4 84.5
      vertex 46.2301 4 84.5
    endloop
  endfacet
  facet normal 0 1 0
    outer loop
      vertex 46.01 4 84.1327
      vertex -46.01 4 84.1327
      vertex -46.2301 4 84.5
    endloop
  endfacet
  facet normal 0 1 -0
    outer loop
      vertex 45.8269 4 83.7457
      vertex -46.01 4 84.1327
      vertex 46.01 4 84.1327
    endloop
  endfacet
  facet normal 0 1 0
    outer loop
      vertex 45.8269 4 83.7457
      vertex -45.8269 4 83.7457
      vertex -46.01 4 84.1327
    endloop
  endfacet
  facet normal 0 1 -0
    outer loop
      vertex 45.8201 4 83.7314
      vertex -45.8269 4 83.7457
      vertex 45.8269 4 83.7457
    endloop
  endfacet
  facet normal 0 1 0
    outer loop
      vertex 45.8201 4 83.7314
      vertex -45.8201 4 83.7314
      vertex -45.8269 4 83.7457
    endloop
  endfacet
  facet normal 0 1 -0
    outer loop
      vertex 45.8148 4 83.7165
      vertex -45.8201 4 83.7314
      vertex 45.8201 4 83.7314
    endloop
  endfacet
  facet normal 0 1 0
    outer loop
      vertex 45.8148 4 83.7165
      vertex -45.8148 4 83.7165
      vertex -45.8201 4 83.7314
    endloop
  endfacet
  facet normal 0 1 -0
    outer loop
      vertex 45.6705 4 83.3133
      vertex -45.8148 4 83.7165
      vertex 45.8148 4 83.7165
    endloop
  endfacet
  facet normal 0 1 0
    outer loop
      vertex 45.6705 4 83.3133
      vertex -45.6705 4 83.3133
      vertex -45.8148 4 83.7165
    endloop
  endfacet
  facet normal 0 1 -0
    outer loop
      vertex 45.5665 4 82.898
      vertex -45.6705 4 83.3133
      vertex 45.6705 4 83.3133
    endloop
  endfacet
  facet normal 0 1 0
    outer loop
      vertex 45.5665 4 82.898
      vertex -45.5665 4 82.898
      vertex -45.6705 4 83.3133
    endloop
  endfacet
  facet normal 0 1 -0
    outer loop
      vertex 45.5627 4 82.8826
      vertex -45.5665 4 82.898
      vertex 45.5665 4 82.898
    endloop
  endfacet
  facet normal 0 1 0
    outer loop
      vertex 45.5627 4 82.8826
      vertex -45.5627 4 82.8826
      vertex -45.5665 4 82.898
    endloop
  endfacet
  facet normal 0 1 -0
    outer loop
      vertex 45.5603 4 82.867
      vertex -45.5627 4 82.8826
      vertex 45.5627 4 82.8826
    endloop
  endfacet
  facet normal 0 1 0
    outer loop
      vertex 45.5603 4 82.867
      vertex -45.5603 4 82.867
      vertex -45.5627 4 82.8826
    endloop
  endfacet
  facet normal 0 1 -0
    outer loop
      vertex 45.4975 4 82.4435
      vertex -45.5603 4 82.867
      vertex 45.5603 4 82.867
    endloop
  endfacet
  facet normal 0 1 0
    outer loop
      vertex 45.4975 4 82.4435
      vertex -45.4975 4 82.4435
      vertex -45.5603 4 82.867
    endloop
  endfacet
  facet normal 0 1 -0
    outer loop
      vertex 45.4967 4 82.4276
      vertex -45.4975 4 82.4435
      vertex 45.4975 4 82.4435
    endloop
  endfacet
  facet normal 0 1 0
    outer loop
      vertex 45.4967 4 82.4276
      vertex -45.4967 4 82.4276
      vertex -45.4975 4 82.4435
    endloop
  endfacet
  facet normal 0 1 -0
    outer loop
      vertex 45.4757 4 82
      vertex -45.4967 4 82.4276
      vertex 45.4967 4 82.4276
    endloop
  endfacet
  facet normal 0 1 0
    outer loop
      vertex 45.4757 4 82
      vertex -45.4757 4 82
      vertex -45.4967 4 82.4276
    endloop
  endfacet
  facet normal 0 1 0
    outer loop
      vertex 0 4 36.5243
      vertex 45.4757 4 82
      vertex 45.4967 4 81.5724
    endloop
  endfacet
  facet normal 0 1 0
    outer loop
      vertex 45.4757 4 82
      vertex 0 4 36.5243
      vertex -45.4757 4 82
    endloop
  endfacet
  facet normal 0 1 0
    outer loop
      vertex 0 4 36.5243
      vertex 45.4967 4 81.5724
      vertex 45.4975 4 81.5565
    endloop
  endfacet
  facet normal 0 1 0
    outer loop
      vertex -45.4757 4 82
      vertex 0 4 36.5243
      vertex -45.4967 4 81.5724
    endloop
  endfacet
  facet normal 0 1 0
    outer loop
      vertex 0.443455 4 36.5025
      vertex 45.4975 4 81.5565
      vertex 45.5603 4 81.133
    endloop
  endfacet
  facet normal 0 1 0
    outer loop
      vertex -45.4967 4 81.5724
      vertex 0 4 36.5243
      vertex -45.4975 4 81.5565
    endloop
  endfacet
  facet normal 0 1 0
    outer loop
      vertex 0.443455 4 36.5025
      vertex 45.5603 4 81.133
      vertex 45.5627 4 81.1174
    endloop
  endfacet
  facet normal 0 1 -0
    outer loop
      vertex -0.427637 4 36.5033
      vertex -45.4975 4 81.5565
      vertex 0 4 36.5243
    endloop
  endfacet
  facet normal 0 1 0
    outer loop
      vertex 0.882641 4 36.4373
      vertex 45.5627 4 81.1174
      vertex 45.5665 4 81.102
    endloop
  endfacet
  facet normal 0 1 -0
    outer loop
      vertex -0.443455 4 36.5025
      vertex -45.4975 4 81.5565
      vertex -0.427637 4 36.5033
    endloop
  endfacet
  facet normal 0 1 0
    outer loop
      vertex 0.882641 4 36.4373
      vertex 45.5665 4 81.102
      vertex 45.6705 4 80.6867
    endloop
  endfacet
  facet normal 0 1 0
    outer loop
      vertex -45.4975 4 81.5565
      vertex -0.443455 4 36.5025
      vertex -45.5603 4 81.133
    endloop
  endfacet
  facet normal 0 1 0
    outer loop
      vertex 1.31333 4 36.3295
      vertex 45.6705 4 80.6867
      vertex 45.8148 4 80.2835
    endloop
  endfacet
  facet normal 0 1 0
    outer loop
      vertex -45.5603 4 81.133
      vertex -0.443455 4 36.5025
      vertex -45.5627 4 81.1174
    endloop
  endfacet
  facet normal 0 1 0
    outer loop
      vertex 1.31333 4 36.3295
      vertex 45.8148 4 80.2835
      vertex 45.8201 4 80.2686
    endloop
  endfacet
  facet normal 0 1 -0
    outer loop
      vertex -0.866974 4 36.4397
      vertex -45.5627 4 81.1174
      vertex -0.443455 4 36.5025
    endloop
  endfacet
  facet normal 0 1 0
    outer loop
      vertex 1.73136 4 36.1799
      vertex 45.8201 4 80.2686
      vertex 45.8269 4 80.2543
    endloop
  endfacet
  facet normal 0 1 -0
    outer loop
      vertex -0.882641 4 36.4373
      vertex -45.5627 4 81.1174
      vertex -0.866974 4 36.4397
    endloop
  endfacet
  facet normal 0 1 0
    outer loop
      vertex 1.73136 4 36.1799
      vertex 45.8269 4 80.2543
      vertex 46.01 4 79.8673
    endloop
  endfacet
  facet normal 0 1 0
    outer loop
      vertex -45.5627 4 81.1174
      vertex -0.882641 4 36.4373
      vertex -45.5665 4 81.102
    endloop
  endfacet
  facet normal 0 1 0
    outer loop
      vertex 2.13272 4 35.99
      vertex 46.01 4 79.8673
      vertex 46.2301 4 79.5
    endloop
  endfacet
  facet normal 0 1 0
    outer loop
      vertex -45.5665 4 81.102
      vertex -0.882641 4 36.4373
      vertex -45.6705 4 80.6867
    endloop
  endfacet
  facet normal 0 1 0
    outer loop
      vertex 2.13272 4 35.99
      vertex 46.2301 4 79.5
      vertex 46.2382 4 79.4865
    endloop
  endfacet
  facet normal 0 1 -0
    outer loop
      vertex -0.898004 4 36.4335
      vertex -45.6705 4 80.6867
      vertex -0.882641 4 36.4373
    endloop
  endfacet
  facet normal 0 1 0
    outer loop
      vertex 2.51355 4 35.7618
      vertex 46.2382 4 79.4865
      vertex 46.2476 4 79.4737
    endloop
  endfacet
  facet normal 0 1 -0
    outer loop
      vertex -1.31333 4 36.3295
      vertex -45.6705 4 80.6867
      vertex -0.898004 4 36.4335
    endloop
  endfacet
  facet normal 0 1 0
    outer loop
      vertex 2.51355 4 35.7618
      vertex 46.2476 4 79.4737
      vertex 46.5027 4 79.1298
    endloop
  endfacet
  facet normal 0 1 0
    outer loop
      vertex -45.6705 4 80.6867
      vertex -1.31333 4 36.3295
      vertex -45.8148 4 80.2835
    endloop
  endfacet
  facet normal 0 1 0
    outer loop
      vertex 2.87016 4 35.4973
      vertex 46.5027 4 79.1298
      vertex 46.5133 4 79.1181
    endloop
  endfacet
  facet normal 0 1 0
    outer loop
      vertex -45.8148 4 80.2835
      vertex -1.31333 4 36.3295
      vertex -45.8201 4 80.2686
    endloop
  endfacet
  facet normal 0 1 0
    outer loop
      vertex 2.87016 4 35.4973
      vertex 46.5133 4 79.1181
      vertex 46.8009 4 78.8009
    endloop
  endfacet
  facet normal 0 1 -0
    outer loop
      vertex -1.71645 4 36.1852
      vertex -45.8201 4 80.2686
      vertex -1.31333 4 36.3295
    endloop
  endfacet
  facet normal 0 1 0
    outer loop
      vertex 3.19914 4 35.1991
      vertex 46.8009 4 78.8009
      vertex 47.1181 4 78.5133
    endloop
  endfacet
  facet normal 0 1 -0
    outer loop
      vertex -1.73136 4 36.1799
      vertex -45.8201 4 80.2686
      vertex -1.71645 4 36.1852
    endloop
  endfacet
  facet normal 0 1 0
    outer loop
      vertex 3.19914 4 35.1991
      vertex 47.1181 4 78.5133
      vertex 47.1298 4 78.5027
    endloop
  endfacet
  facet normal 0 1 0
    outer loop
      vertex -45.8201 4 80.2686
      vertex -1.73136 4 36.1799
      vertex -45.8269 4 80.2543
    endloop
  endfacet
  facet normal 0 1 0
    outer loop
      vertex 3.49731 4 34.8702
      vertex 47.1298 4 78.5027
      vertex 47.4737 4 78.2476
    endloop
  endfacet
  facet normal 0 1 0
    outer loop
      vertex -45.8269 4 80.2543
      vertex -1.73136 4 36.1799
      vertex -46.01 4 79.8673
    endloop
  endfacet
  facet normal 0 1 0
    outer loop
      vertex 3.49731 4 34.8702
      vertex 47.4737 4 78.2476
      vertex 47.4865 4 78.2382
    endloop
  endfacet
  facet normal 0 1 -0
    outer loop
      vertex -1.74568 4 36.1731
      vertex -46.01 4 79.8673
      vertex -1.73136 4 36.1799
    endloop
  endfacet
  facet normal 0 1 0
    outer loop
      vertex 3.76179 4 34.5135
      vertex 47.4865 4 78.2382
      vertex 47.5 4 78.2301
    endloop
  endfacet
  facet normal 0 1 -0
    outer loop
      vertex -2.13272 4 35.99
      vertex -46.01 4 79.8673
      vertex -1.74568 4 36.1731
    endloop
  endfacet
  facet normal 0 1 0
    outer loop
      vertex 3.76179 4 34.5135
      vertex 47.5 4 78.2301
      vertex 47.8673 4 78.01
    endloop
  endfacet
  facet normal 0 1 0
    outer loop
      vertex -46.01 4 79.8673
      vertex -2.13272 4 35.99
      vertex -46.2301 4 79.5
    endloop
  endfacet
  facet normal 0 1 0
    outer loop
      vertex 3.99005 4 34.1327
      vertex 47.8673 4 78.01
      vertex 48.2543 4 77.8269
    endloop
  endfacet
  facet normal 0 1 0
    outer loop
      vertex -46.2301 4 79.5
      vertex -2.13272 4 35.99
      vertex -46.2382 4 79.4865
    endloop
  endfacet
  facet normal 0 1 0
    outer loop
      vertex 3.99005 4 34.1327
      vertex 48.2543 4 77.8269
      vertex 48.2686 4 77.8201
    endloop
  endfacet
  facet normal 0 1 -0
    outer loop
      vertex -2.49996 4 35.7699
      vertex -46.2382 4 79.4865
      vertex -2.13272 4 35.99
    endloop
  endfacet
  facet normal 0 1 0
    outer loop
      vertex 4.17988 4 33.7314
      vertex 48.2686 4 77.8201
      vertex 48.2836 4 77.8148
    endloop
  endfacet
  facet normal 0 1 -0
    outer loop
      vertex -2.51355 4 35.7618
      vertex -46.2382 4 79.4865
      vertex -2.49996 4 35.7699
    endloop
  endfacet
  facet normal 0 1 0
    outer loop
      vertex 4.17988 4 33.7314
      vertex 48.2836 4 77.8148
      vertex 48.6867 4 77.6705
    endloop
  endfacet
  facet normal 0 1 0
    outer loop
      vertex -46.2382 4 79.4865
      vertex -2.51355 4 35.7618
      vertex -46.2476 4 79.4737
    endloop
  endfacet
  facet normal 0 1 0
    outer loop
      vertex 54 4 9
      vertex 48.6867 4 77.6705
      vertex 49.102 4 77.5665
    endloop
  endfacet
  facet normal 0 1 0
    outer loop
      vertex -46.2476 4 79.4737
      vertex -2.51355 4 35.7618
      vertex -46.5027 4 79.1298
    endloop
  endfacet
  facet normal 0 1 0
    outer loop
      vertex 54 4 9
      vertex 49.102 4 77.5665
      vertex 49.1174 4 77.5627
    endloop
  endfacet
  facet normal 0 1 -0
    outer loop
      vertex -2.52627 4 35.7524
      vertex -46.5027 4 79.1298
      vertex -2.51355 4 35.7618
    endloop
  endfacet
  facet normal 0 1 0
    outer loop
      vertex 54 4 9
      vertex 49.1174 4 77.5627
      vertex 49.133 4 77.5603
    endloop
  endfacet
  facet normal 0 1 -0
    outer loop
      vertex -2.87016 4 35.4973
      vertex -46.5027 4 79.1298
      vertex -2.52627 4 35.7524
    endloop
  endfacet
  facet normal 0 1 0
    outer loop
      vertex 54 4 9
      vertex 49.133 4 77.5603
      vertex 49.5565 4 77.4975
    endloop
  endfacet
  facet normal 0 1 0
    outer loop
      vertex -46.5027 4 79.1298
      vertex -2.87016 4 35.4973
      vertex -46.5133 4 79.1181
    endloop
  endfacet
  facet normal 0 1 0
    outer loop
      vertex 54 4 9
      vertex 49.5565 4 77.4975
      vertex 49.5724 4 77.4967
    endloop
  endfacet
  facet normal 0 1 0
    outer loop
      vertex -46.5133 4 79.1181
      vertex -2.87016 4 35.4973
      vertex -46.8009 4 78.8009
    endloop
  endfacet
  facet normal 0 1 0
    outer loop
      vertex 54 4 9
      vertex 49.5724 4 77.4967
      vertex 50 4 77.4757
    endloop
  endfacet
  facet normal 0 1 -0
    outer loop
      vertex -2.8819 4 35.4867
      vertex -46.8009 4 78.8009
      vertex -2.87016 4 35.4973
    endloop
  endfacet
  facet normal 0 1 0
    outer loop
      vertex 49.5724 4 86.5033
      vertex 57.6 4 90
      vertex 50 4 86.5243
    endloop
  endfacet
  facet normal 0 1 0
    outer loop
      vertex 57.6 4 90
      vertex 50.4276 4 86.5033
      vertex 50 4 86.5243
    endloop
  endfacet
  facet normal 0 1 0
    outer loop
      vertex 57.6 4 90
      vertex 50.4435 4 86.5025
      vertex 50.4276 4 86.5033
    endloop
  endfacet
  facet normal 0 1 0
    outer loop
      vertex 57.6 4 90
      vertex 50.867 4 86.4397
      vertex 50.4435 4 86.5025
    endloop
  endfacet
  facet normal 0 1 0
    outer loop
      vertex 57.6 4 90
      vertex 50.8826 4 86.4373
      vertex 50.867 4 86.4397
    endloop
  endfacet
  facet normal 0 1 0
    outer loop
      vertex 57.6 4 90
      vertex 50.898 4 86.4335
      vertex 50.8826 4 86.4373
    endloop
  endfacet
  facet normal 0 1 0
    outer loop
      vertex 57.6 4 90
      vertex 51.3133 4 86.3295
      vertex 50.898 4 86.4335
    endloop
  endfacet
  facet normal 0 1 0
    outer loop
      vertex 57.6 4 90
      vertex 51.7164 4 86.1852
      vertex 51.3133 4 86.3295
    endloop
  endfacet
  facet normal 0 1 0
    outer loop
      vertex 57.6 4 90
      vertex 51.7314 4 86.1799
      vertex 51.7164 4 86.1852
    endloop
  endfacet
  facet normal 0 1 0
    outer loop
      vertex 57.6 4 90
      vertex 51.7457 4 86.1731
      vertex 51.7314 4 86.1799
    endloop
  endfacet
  facet normal 0 1 0
    outer loop
      vertex 57.6 4 90
      vertex 52.1327 4 85.99
      vertex 51.7457 4 86.1731
    endloop
  endfacet
  facet normal 0 1 0
    outer loop
      vertex 57.6 4 90
      vertex 52.5 4 85.7699
      vertex 52.1327 4 85.99
    endloop
  endfacet
  facet normal 0 1 0
    outer loop
      vertex 57.6 4 90
      vertex 52.5135 4 85.7618
      vertex 52.5 4 85.7699
    endloop
  endfacet
  facet normal 0 1 0
    outer loop
      vertex 57.6 4 90
      vertex 52.5263 4 85.7524
      vertex 52.5135 4 85.7618
    endloop
  endfacet
  facet normal 0 1 0
    outer loop
      vertex 57.6 4 90
      vertex 52.8702 4 85.4973
      vertex 52.5263 4 85.7524
    endloop
  endfacet
  facet normal 0 1 0
    outer loop
      vertex 57.6 4 90
      vertex 52.8819 4 85.4867
      vertex 52.8702 4 85.4973
    endloop
  endfacet
  facet normal 0 1 0
    outer loop
      vertex 57.6 4 90
      vertex 53.1991 4 85.1991
      vertex 52.8819 4 85.4867
    endloop
  endfacet
  facet normal 0 1 0
    outer loop
      vertex 57.6 4 90
      vertex 53.4867 4 84.8819
      vertex 53.1991 4 85.1991
    endloop
  endfacet
  facet normal 0 1 0
    outer loop
      vertex 57.6 4 90
      vertex 53.4973 4 84.8702
      vertex 53.4867 4 84.8819
    endloop
  endfacet
  facet normal 0 1 0
    outer loop
      vertex 57.6 4 90
      vertex 53.7524 4 84.5263
      vertex 53.4973 4 84.8702
    endloop
  endfacet
  facet normal 0 1 0
    outer loop
      vertex 57.6 4 90
      vertex 53.7618 4 84.5135
      vertex 53.7524 4 84.5263
    endloop
  endfacet
  facet normal 0 1 0
    outer loop
      vertex 57.6 4 90
      vertex 53.7699 4 84.5
      vertex 53.7618 4 84.5135
    endloop
  endfacet
  facet normal 0 1 0
    outer loop
      vertex 57.6 4 90
      vertex 53.99 4 84.1327
      vertex 53.7699 4 84.5
    endloop
  endfacet
  facet normal 0 1 0
    outer loop
      vertex 57.6 4 90
      vertex 54.1731 4 83.7457
      vertex 53.99 4 84.1327
    endloop
  endfacet
  facet normal 0 1 0
    outer loop
      vertex 57.6 4 90
      vertex 54.1799 4 83.7314
      vertex 54.1731 4 83.7457
    endloop
  endfacet
  facet normal 0 1 0
    outer loop
      vertex 57.6 4 90
      vertex 54.1852 4 83.7165
      vertex 54.1799 4 83.7314
    endloop
  endfacet
  facet normal 0 1 0
    outer loop
      vertex 57.6 4 90
      vertex 54.3295 4 83.3133
      vertex 54.1852 4 83.7165
    endloop
  endfacet
  facet normal 0 1 0
    outer loop
      vertex 57.6 4 90
      vertex 54.4335 4 82.898
      vertex 54.3295 4 83.3133
    endloop
  endfacet
  facet normal 0 1 0
    outer loop
      vertex 57.6 4 90
      vertex 54.4373 4 82.8826
      vertex 54.4335 4 82.898
    endloop
  endfacet
  facet normal 0 1 0
    outer loop
      vertex 57.6 4 90
      vertex 54.4397 4 82.867
      vertex 54.4373 4 82.8826
    endloop
  endfacet
  facet normal 0 1 0
    outer loop
      vertex 57.6 4 90
      vertex 54.5025 4 82.4435
      vertex 54.4397 4 82.867
    endloop
  endfacet
  facet normal 0 1 0
    outer loop
      vertex 57.6 4 90
      vertex 54.5033 4 82.4276
      vertex 54.5025 4 82.4435
    endloop
  endfacet
  facet normal 0 1 0
    outer loop
      vertex 57.6 4 90
      vertex 54.5243 4 82
      vertex 54.5033 4 82.4276
    endloop
  endfacet
  facet normal 0 1 0
    outer loop
      vertex 57.6 4 90
      vertex 54.5033 4 81.5724
      vertex 54.5243 4 82
    endloop
  endfacet
  facet normal 0 1 0
    outer loop
      vertex 57.6 4 90
      vertex 54.5025 4 81.5565
      vertex 54.5033 4 81.5724
    endloop
  endfacet
  facet normal 0 1 0
    outer loop
      vertex 57.6 4 90
      vertex 54.4397 4 81.133
      vertex 54.5025 4 81.5565
    endloop
  endfacet
  facet normal 0 1 0
    outer loop
      vertex 57.6 4 90
      vertex 54.4373 4 81.1174
      vertex 54.4397 4 81.133
    endloop
  endfacet
  facet normal 0 1 0
    outer loop
      vertex 57.6 4 90
      vertex 54.4335 4 81.102
      vertex 54.4373 4 81.1174
    endloop
  endfacet
  facet normal 0 1 0
    outer loop
      vertex 57.6 4 90
      vertex 54.3295 4 80.6867
      vertex 54.4335 4 81.102
    endloop
  endfacet
  facet normal 0 -1 0
    outer loop
      vertex 53.99 4 79.8673
      vertex 53.7618 4 79.4865
      vertex 53.7699 4 79.5
    endloop
  endfacet
  facet normal 0 -1 0
    outer loop
      vertex 53.7618 4 79.4865
      vertex 53.4973 4 79.1298
      vertex 53.7524 4 79.4737
    endloop
  endfacet
  facet normal 0 -1 0
    outer loop
      vertex 53.4973 4 79.1298
      vertex 53.1991 4 78.8009
      vertex 53.4867 4 79.1181
    endloop
  endfacet
  facet normal 0 1 0
    outer loop
      vertex 52.1327 4 78.01
      vertex 51.7314 4 77.8201
      vertex 51.7457 4 77.8269
    endloop
  endfacet
  facet normal 0 1 0
    outer loop
      vertex 51.7314 4 77.8201
      vertex 51.3133 4 77.6705
      vertex 51.7164 4 77.8148
    endloop
  endfacet
  facet normal 0 1 -0
    outer loop
      vertex -3.19914 4 35.1991
      vertex -46.8009 4 78.8009
      vertex -2.8819 4 35.4867
    endloop
  endfacet
  facet normal 0 1 0
    outer loop
      vertex 54 4 9
      vertex 50 4 77.4757
      vertex 50.4276 4 77.4967
    endloop
  endfacet
  facet normal 0 1 0
    outer loop
      vertex 54 4 9
      vertex 50.4276 4 77.4967
      vertex 50.4435 4 77.4975
    endloop
  endfacet
  facet normal 0 1 0
    outer loop
      vertex 54.6 4 9
      vertex 50.4435 4 77.4975
      vertex 50.867 4 77.5603
    endloop
  endfacet
  facet normal 0 1 0
    outer loop
      vertex 54.6 4 9
      vertex 50.867 4 77.5603
      vertex 50.8826 4 77.5627
    endloop
  endfacet
  facet normal 0 1 0
    outer loop
      vertex 57.6 4 9
      vertex 50.8826 4 77.5627
      vertex 50.898 4 77.5665
    endloop
  endfacet
  facet normal 0 1 0
    outer loop
      vertex 57.6 4 9
      vertex 50.898 4 77.5665
      vertex 51.3133 4 77.6705
    endloop
  endfacet
  facet normal 0 1 0
    outer loop
      vertex 57.6 4 9
      vertex 51.3133 4 77.6705
      vertex 51.7314 4 77.8201
    endloop
  endfacet
  facet normal 0 1 0
    outer loop
      vertex 57.6 4 9
      vertex 51.7314 4 77.8201
      vertex 52.1327 4 78.01
    endloop
  endfacet
  facet normal 0 1 0
    outer loop
      vertex 57.6 4 9
      vertex 52.1327 4 78.01
      vertex 52.5 4 78.2301
    endloop
  endfacet
  facet normal 0 1 0
    outer loop
      vertex 57.6 4 9
      vertex 52.5 4 78.2301
      vertex 52.5135 4 78.2382
    endloop
  endfacet
  facet normal 0 1 0
    outer loop
      vertex 57.6 4 9
      vertex 52.5135 4 78.2382
      vertex 52.5263 4 78.2476
    endloop
  endfacet
  facet normal 0 1 0
    outer loop
      vertex 57.6 4 9
      vertex 52.5263 4 78.2476
      vertex 52.8702 4 78.5027
    endloop
  endfacet
  facet normal 0 1 0
    outer loop
      vertex 45.4975 4 81.5565
      vertex 0.427637 4 36.5033
      vertex 0 4 36.5243
    endloop
  endfacet
  facet normal 0 1 0
    outer loop
      vertex 45.4975 4 81.5565
      vertex 0.443455 4 36.5025
      vertex 0.427637 4 36.5033
    endloop
  endfacet
  facet normal 0 1 0
    outer loop
      vertex 45.5627 4 81.1174
      vertex 0.866974 4 36.4397
      vertex 0.443455 4 36.5025
    endloop
  endfacet
  facet normal 0 1 0
    outer loop
      vertex 45.5627 4 81.1174
      vertex 0.882641 4 36.4373
      vertex 0.866974 4 36.4397
    endloop
  endfacet
  facet normal 0 1 0
    outer loop
      vertex 45.6705 4 80.6867
      vertex 0.898004 4 36.4335
      vertex 0.882641 4 36.4373
    endloop
  endfacet
  facet normal 0 1 0
    outer loop
      vertex 45.6705 4 80.6867
      vertex 1.31333 4 36.3295
      vertex 0.898004 4 36.4335
    endloop
  endfacet
  facet normal 0 1 0
    outer loop
      vertex 45.8201 4 80.2686
      vertex 1.71645 4 36.1852
      vertex 1.31333 4 36.3295
    endloop
  endfacet
  facet normal 0 1 0
    outer loop
      vertex 45.8201 4 80.2686
      vertex 1.73136 4 36.1799
      vertex 1.71645 4 36.1852
    endloop
  endfacet
  facet normal 0 1 0
    outer loop
      vertex 46.01 4 79.8673
      vertex 1.74568 4 36.1731
      vertex 1.73136 4 36.1799
    endloop
  endfacet
  facet normal 0 1 0
    outer loop
      vertex 46.01 4 79.8673
      vertex 2.13272 4 35.99
      vertex 1.74568 4 36.1731
    endloop
  endfacet
  facet normal 0 1 0
    outer loop
      vertex 46.2382 4 79.4865
      vertex 2.49996 4 35.7699
      vertex 2.13272 4 35.99
    endloop
  endfacet
  facet normal 0 1 0
    outer loop
      vertex 46.2382 4 79.4865
      vertex 2.51355 4 35.7618
      vertex 2.49996 4 35.7699
    endloop
  endfacet
  facet normal 0 1 0
    outer loop
      vertex 46.5027 4 79.1298
      vertex 2.52627 4 35.7524
      vertex 2.51355 4 35.7618
    endloop
  endfacet
  facet normal 0 1 0
    outer loop
      vertex 46.5027 4 79.1298
      vertex 2.87016 4 35.4973
      vertex 2.52627 4 35.7524
    endloop
  endfacet
  facet normal 0 1 0
    outer loop
      vertex 46.8009 4 78.8009
      vertex 2.8819 4 35.4867
      vertex 2.87016 4 35.4973
    endloop
  endfacet
  facet normal 0 1 0
    outer loop
      vertex 46.8009 4 78.8009
      vertex 3.19914 4 35.1991
      vertex 2.8819 4 35.4867
    endloop
  endfacet
  facet normal 0 1 0
    outer loop
      vertex 47.1298 4 78.5027
      vertex 3.48667 4 34.8819
      vertex 3.19914 4 35.1991
    endloop
  endfacet
  facet normal 0 1 0
    outer loop
      vertex 47.1298 4 78.5027
      vertex 3.49731 4 34.8702
      vertex 3.48667 4 34.8819
    endloop
  endfacet
  facet normal 0 1 0
    outer loop
      vertex 47.4865 4 78.2382
      vertex 3.75236 4 34.5263
      vertex 3.49731 4 34.8702
    endloop
  endfacet
  facet normal 0 1 0
    outer loop
      vertex 47.4865 4 78.2382
      vertex 3.76179 4 34.5135
      vertex 3.75236 4 34.5263
    endloop
  endfacet
  facet normal 0 1 0
    outer loop
      vertex 47.8673 4 78.01
      vertex 3.76993 4 34.5
      vertex 3.76179 4 34.5135
    endloop
  endfacet
  facet normal 0 1 0
    outer loop
      vertex 47.8673 4 78.01
      vertex 3.99005 4 34.1327
      vertex 3.76993 4 34.5
    endloop
  endfacet
  facet normal 0 1 0
    outer loop
      vertex 57.6 4 9
      vertex 52.8702 4 78.5027
      vertex 52.8819 4 78.5133
    endloop
  endfacet
  facet normal 0 1 0
    outer loop
      vertex 57.6 4 9
      vertex 52.8819 4 78.5133
      vertex 53.1991 4 78.8009
    endloop
  endfacet
  facet normal 0 1 0
    outer loop
      vertex 48.2686 4 77.8201
      vertex 4.17311 4 33.7457
      vertex 3.99005 4 34.1327
    endloop
  endfacet
  facet normal 0 1 0
    outer loop
      vertex 48.2686 4 77.8201
      vertex 4.17988 4 33.7314
      vertex 4.17311 4 33.7457
    endloop
  endfacet
  facet normal 0 1 0
    outer loop
      vertex 48.6867 4 77.6705
      vertex 4.18521 4 33.7164
      vertex 4.17988 4 33.7314
    endloop
  endfacet
  facet normal 0 1 0
    outer loop
      vertex 48.6867 4 77.6705
      vertex 4.32945 4 33.3133
      vertex 4.18521 4 33.7164
    endloop
  endfacet
  facet normal 0 1 0
    outer loop
      vertex 48.6867 4 77.6705
      vertex 54 4 9
      vertex 4.32945 4 33.3133
    endloop
  endfacet
  facet normal 0 1 0
    outer loop
      vertex 4.32945 4 33.3133
      vertex 54 4 9
      vertex 4.43349 4 32.898
    endloop
  endfacet
  facet normal 0 1 0
    outer loop
      vertex 4.43349 4 32.898
      vertex 54 4 9
      vertex 4.43734 4 32.8826
    endloop
  endfacet
  facet normal 0 1 0
    outer loop
      vertex 4.43734 4 32.8826
      vertex 54 4 9
      vertex 4.43966 4 32.867
    endloop
  endfacet
  facet normal 0 1 0
    outer loop
      vertex 4.43966 4 32.867
      vertex 54 4 9
      vertex 4.50248 4 32.4435
    endloop
  endfacet
  facet normal 0 1 0
    outer loop
      vertex 4.50248 4 32.4435
      vertex 54 4 9
      vertex 4.50326 4 32.4276
    endloop
  endfacet
  facet normal 0 1 0
    outer loop
      vertex 4.50326 4 32.4276
      vertex 54 4 9
      vertex 4.52427 4 32
    endloop
  endfacet
  facet normal 0 1 0
    outer loop
      vertex 4.52427 4 32
      vertex 54 4 9
      vertex 4.50326 4 31.5724
    endloop
  endfacet
  facet normal 0 1 0
    outer loop
      vertex 4.50326 4 31.5724
      vertex 54 4 9
      vertex 4.50248 4 31.5565
    endloop
  endfacet
  facet normal 0 1 0
    outer loop
      vertex 4.50248 4 31.5565
      vertex 54 4 9
      vertex 4.43966 4 31.133
    endloop
  endfacet
  facet normal 0 1 0
    outer loop
      vertex 4.43966 4 31.133
      vertex 54 4 9
      vertex 4.43734 4 31.1174
    endloop
  endfacet
  facet normal 0 1 0
    outer loop
      vertex 4.43734 4 31.1174
      vertex 54 4 9
      vertex 4.43349 4 31.102
    endloop
  endfacet
  facet normal 0 1 0
    outer loop
      vertex 4.43349 4 31.102
      vertex 54 4 9
      vertex 4.32945 4 30.6867
    endloop
  endfacet
  facet normal 0 1 0
    outer loop
      vertex 4.32945 4 30.6867
      vertex 54 4 9
      vertex 4.18521 4 30.2836
    endloop
  endfacet
  facet normal 0 1 0
    outer loop
      vertex 4.18521 4 30.2836
      vertex 54 4 9
      vertex 4.17988 4 30.2686
    endloop
  endfacet
  facet normal 0 1 0
    outer loop
      vertex 4.17988 4 30.2686
      vertex 54 4 9
      vertex 4.17311 4 30.2543
    endloop
  endfacet
  facet normal 0 1 0
    outer loop
      vertex 4.17311 4 30.2543
      vertex 54 4 9
      vertex 3.99005 4 29.8673
    endloop
  endfacet
  facet normal 0 1 0
    outer loop
      vertex 3.99005 4 29.8673
      vertex 54 4 9
      vertex 3.76993 4 29.5
    endloop
  endfacet
  facet normal 0 1 0
    outer loop
      vertex 3.76993 4 29.5
      vertex 54 4 9
      vertex 3.76179 4 29.4865
    endloop
  endfacet
  facet normal 0 1 0
    outer loop
      vertex 3.76179 4 29.4865
      vertex 54 4 9
      vertex 3.75236 4 29.4737
    endloop
  endfacet
  facet normal 0 1 0
    outer loop
      vertex 3.75236 4 29.4737
      vertex 54 4 9
      vertex 3.49731 4 29.1298
    endloop
  endfacet
  facet normal 0 1 0
    outer loop
      vertex 3.49731 4 29.1298
      vertex 54 4 9
      vertex 3.48667 4 29.1181
    endloop
  endfacet
  facet normal 0 -1 0
    outer loop
      vertex 2.87016 4 28.5027
      vertex 2.51355 4 28.2382
      vertex 2.52627 4 28.2476
    endloop
  endfacet
  facet normal 0 1 0
    outer loop
      vertex 2.51355 4 28.2382
      vertex 2.13272 4 28.01
      vertex 2.49996 4 28.2301
    endloop
  endfacet
  facet normal 0 1 0
    outer loop
      vertex 1.73136 4 27.8201
      vertex 1.31333 4 27.6705
      vertex 1.71645 4 27.8148
    endloop
  endfacet
  facet normal 0 1 0
    outer loop
      vertex 0.866974 4 27.5603
      vertex 54 4 9
      vertex 0.443455 4 27.4975
    endloop
  endfacet
  facet normal 0 1 0
    outer loop
      vertex 0.882641 4 27.5627
      vertex 54 4 9
      vertex 0.866974 4 27.5603
    endloop
  endfacet
  facet normal 0 1 0
    outer loop
      vertex 0.898004 4 27.5665
      vertex 54 4 9
      vertex 0.882641 4 27.5627
    endloop
  endfacet
  facet normal 0 1 0
    outer loop
      vertex 1.31333 4 27.6705
      vertex 54 4 9
      vertex 0.898004 4 27.5665
    endloop
  endfacet
  facet normal 0 1 0
    outer loop
      vertex 1.73136 4 27.8201
      vertex 54 4 9
      vertex 1.31333 4 27.6705
    endloop
  endfacet
  facet normal 0 1 0
    outer loop
      vertex 1.74568 4 27.8269
      vertex 54 4 9
      vertex 1.73136 4 27.8201
    endloop
  endfacet
  facet normal 0 1 0
    outer loop
      vertex 2.13272 4 28.01
      vertex 54 4 9
      vertex 1.74568 4 27.8269
    endloop
  endfacet
  facet normal 0 1 0
    outer loop
      vertex 2.51355 4 28.2382
      vertex 54 4 9
      vertex 2.13272 4 28.01
    endloop
  endfacet
  facet normal 0 1 0
    outer loop
      vertex 2.87016 4 28.5027
      vertex 54 4 9
      vertex 2.51355 4 28.2382
    endloop
  endfacet
  facet normal 0 1 0
    outer loop
      vertex 2.8819 4 28.5133
      vertex 54 4 9
      vertex 2.87016 4 28.5027
    endloop
  endfacet
  facet normal 0 1 0
    outer loop
      vertex 3.19914 4 28.8009
      vertex 54 4 9
      vertex 2.8819 4 28.5133
    endloop
  endfacet
  facet normal 0 1 0
    outer loop
      vertex 3.48667 4 29.1181
      vertex 54 4 9
      vertex 3.19914 4 28.8009
    endloop
  endfacet
  facet normal 0 1 0
    outer loop
      vertex 50.4435 4 77.4975
      vertex 54.6 4 9
      vertex 54 4 9
    endloop
  endfacet
  facet normal 0 1 0
    outer loop
      vertex 50.8826 4 77.5627
      vertex 57.6 4 9
      vertex 54.6 4 9
    endloop
  endfacet
  facet normal 0 1 0
    outer loop
      vertex 53.4973 4 79.1298
      vertex 57.6 4 9
      vertex 53.1991 4 78.8009
    endloop
  endfacet
  facet normal 0 1 0
    outer loop
      vertex 53.7618 4 79.4865
      vertex 57.6 4 9
      vertex 53.4973 4 79.1298
    endloop
  endfacet
  facet normal 0 1 0
    outer loop
      vertex 53.99 4 79.8673
      vertex 57.6 4 9
      vertex 53.7618 4 79.4865
    endloop
  endfacet
  facet normal 0 1 0
    outer loop
      vertex 54.1731 4 80.2543
      vertex 57.6 4 9
      vertex 53.99 4 79.8673
    endloop
  endfacet
  facet normal 0 1 0
    outer loop
      vertex 54.1799 4 80.2686
      vertex 57.6 4 9
      vertex 54.1731 4 80.2543
    endloop
  endfacet
  facet normal 0 1 0
    outer loop
      vertex 54.1852 4 80.2835
      vertex 57.6 4 9
      vertex 54.1799 4 80.2686
    endloop
  endfacet
  facet normal 0 1 0
    outer loop
      vertex 54.3295 4 80.6867
      vertex 57.6 4 9
      vertex 54.1852 4 80.2835
    endloop
  endfacet
  facet normal 0 1 -0
    outer loop
      vertex 57.6 4 9
      vertex 54.3295 4 80.6867
      vertex 57.6 4 90
    endloop
  endfacet
  facet normal 0 1 0
    outer loop
      vertex 49.5565 4 86.5025
      vertex 57.6 4 90
      vertex 49.5724 4 86.5033
    endloop
  endfacet
  facet normal 0 1 -0
    outer loop
      vertex -50.4276 4 86.5033
      vertex -57.6 4 90
      vertex -50 4 86.5243
    endloop
  endfacet
  facet normal 0 1 -0
    outer loop
      vertex -50.4435 4 86.5025
      vertex -57.6 4 90
      vertex -50.4276 4 86.5033
    endloop
  endfacet
  facet normal 0 1 -0
    outer loop
      vertex -50.867 4 86.4397
      vertex -57.6 4 90
      vertex -50.4435 4 86.5025
    endloop
  endfacet
  facet normal 0 1 -0
    outer loop
      vertex -50.8826 4 86.4373
      vertex -57.6 4 90
      vertex -50.867 4 86.4397
    endloop
  endfacet
  facet normal 0 1 -0
    outer loop
      vertex -50.898 4 86.4335
      vertex -57.6 4 90
      vertex -50.8826 4 86.4373
    endloop
  endfacet
  facet normal 0 1 -0
    outer loop
      vertex -51.3133 4 86.3295
      vertex -57.6 4 90
      vertex -50.898 4 86.4335
    endloop
  endfacet
  facet normal 0 1 -0
    outer loop
      vertex -51.7164 4 86.1852
      vertex -57.6 4 90
      vertex -51.3133 4 86.3295
    endloop
  endfacet
  facet normal 0 1 -0
    outer loop
      vertex -51.7314 4 86.1799
      vertex -57.6 4 90
      vertex -51.7164 4 86.1852
    endloop
  endfacet
  facet normal 0 1 -0
    outer loop
      vertex -51.7457 4 86.1731
      vertex -57.6 4 90
      vertex -51.7314 4 86.1799
    endloop
  endfacet
  facet normal 0 1 -0
    outer loop
      vertex -52.1327 4 85.99
      vertex -57.6 4 90
      vertex -51.7457 4 86.1731
    endloop
  endfacet
  facet normal 0 1 -0
    outer loop
      vertex -52.5 4 85.7699
      vertex -57.6 4 90
      vertex -52.1327 4 85.99
    endloop
  endfacet
  facet normal 0 1 -0
    outer loop
      vertex -52.5135 4 85.7618
      vertex -57.6 4 90
      vertex -52.5 4 85.7699
    endloop
  endfacet
  facet normal 0 1 -0
    outer loop
      vertex -52.5263 4 85.7524
      vertex -57.6 4 90
      vertex -52.5135 4 85.7618
    endloop
  endfacet
  facet normal 0 1 -0
    outer loop
      vertex -52.8702 4 85.4973
      vertex -57.6 4 90
      vertex -52.5263 4 85.7524
    endloop
  endfacet
  facet normal 0 1 -0
    outer loop
      vertex -52.8819 4 85.4867
      vertex -57.6 4 90
      vertex -52.8702 4 85.4973
    endloop
  endfacet
  facet normal 0 1 -0
    outer loop
      vertex -53.1991 4 85.1991
      vertex -57.6 4 90
      vertex -52.8819 4 85.4867
    endloop
  endfacet
  facet normal 0 1 -0
    outer loop
      vertex -53.4867 4 84.8819
      vertex -57.6 4 90
      vertex -53.1991 4 85.1991
    endloop
  endfacet
  facet normal 0 1 -0
    outer loop
      vertex -53.4973 4 84.8702
      vertex -57.6 4 90
      vertex -53.4867 4 84.8819
    endloop
  endfacet
  facet normal 0 1 -0
    outer loop
      vertex -53.7524 4 84.5263
      vertex -57.6 4 90
      vertex -53.4973 4 84.8702
    endloop
  endfacet
  facet normal 0 1 -0
    outer loop
      vertex -53.7618 4 84.5135
      vertex -57.6 4 90
      vertex -53.7524 4 84.5263
    endloop
  endfacet
  facet normal 0 1 -0
    outer loop
      vertex -53.7699 4 84.5
      vertex -57.6 4 90
      vertex -53.7618 4 84.5135
    endloop
  endfacet
  facet normal 0 1 -0
    outer loop
      vertex -53.99 4 84.1327
      vertex -57.6 4 90
      vertex -53.7699 4 84.5
    endloop
  endfacet
  facet normal 0 1 -0
    outer loop
      vertex -54.1731 4 83.7457
      vertex -57.6 4 90
      vertex -53.99 4 84.1327
    endloop
  endfacet
  facet normal 0 1 -0
    outer loop
      vertex -54.1799 4 83.7314
      vertex -57.6 4 90
      vertex -54.1731 4 83.7457
    endloop
  endfacet
  facet normal 0 1 -0
    outer loop
      vertex -54.1852 4 83.7165
      vertex -57.6 4 90
      vertex -54.1799 4 83.7314
    endloop
  endfacet
  facet normal 0 1 -0
    outer loop
      vertex -54.3295 4 83.3133
      vertex -57.6 4 90
      vertex -54.1852 4 83.7165
    endloop
  endfacet
  facet normal 0 1 -0
    outer loop
      vertex -54.4335 4 82.898
      vertex -57.6 4 90
      vertex -54.3295 4 83.3133
    endloop
  endfacet
  facet normal 0 1 -0
    outer loop
      vertex -54.4373 4 82.8826
      vertex -57.6 4 90
      vertex -54.4335 4 82.898
    endloop
  endfacet
  facet normal 0 1 -0
    outer loop
      vertex -54.4397 4 82.867
      vertex -57.6 4 90
      vertex -54.4373 4 82.8826
    endloop
  endfacet
  facet normal 0 1 -0
    outer loop
      vertex -54.5025 4 82.4435
      vertex -57.6 4 90
      vertex -54.4397 4 82.867
    endloop
  endfacet
  facet normal 0 1 -0
    outer loop
      vertex -54.5033 4 82.4276
      vertex -57.6 4 90
      vertex -54.5025 4 82.4435
    endloop
  endfacet
  facet normal 0 1 -0
    outer loop
      vertex -54.5243 4 82
      vertex -57.6 4 90
      vertex -54.5033 4 82.4276
    endloop
  endfacet
  facet normal 0 1 0
    outer loop
      vertex -54.5033 4 81.5724
      vertex -57.6 4 90
      vertex -54.5243 4 82
    endloop
  endfacet
  facet normal 0 1 0
    outer loop
      vertex -54.5025 4 81.5565
      vertex -57.6 4 90
      vertex -54.5033 4 81.5724
    endloop
  endfacet
  facet normal 0 1 0
    outer loop
      vertex -54.4397 4 81.133
      vertex -57.6 4 90
      vertex -54.5025 4 81.5565
    endloop
  endfacet
  facet normal 0 1 0
    outer loop
      vertex -54.4373 4 81.1174
      vertex -57.6 4 90
      vertex -54.4397 4 81.133
    endloop
  endfacet
  facet normal 0 1 0
    outer loop
      vertex -54.4335 4 81.102
      vertex -57.6 4 90
      vertex -54.4373 4 81.1174
    endloop
  endfacet
  facet normal 0 1 0
    outer loop
      vertex -54.3295 4 80.6867
      vertex -57.6 4 90
      vertex -54.4335 4 81.102
    endloop
  endfacet
  facet normal 0 -1 0
    outer loop
      vertex -53.7618 4 79.4865
      vertex -53.99 4 79.8673
      vertex -53.7699 4 79.5
    endloop
  endfacet
  facet normal 0 -1 0
    outer loop
      vertex -53.4973 4 79.1298
      vertex -53.7618 4 79.4865
      vertex -53.7524 4 79.4737
    endloop
  endfacet
  facet normal 0 -1 0
    outer loop
      vertex -53.1991 4 78.8009
      vertex -53.4973 4 79.1298
      vertex -53.4867 4 79.1181
    endloop
  endfacet
  facet normal 0 1 0
    outer loop
      vertex -51.7314 4 77.8201
      vertex -52.1327 4 78.01
      vertex -51.7457 4 77.8269
    endloop
  endfacet
  facet normal 0 1 0
    outer loop
      vertex -51.3133 4 77.6705
      vertex -51.7314 4 77.8201
      vertex -51.7164 4 77.8148
    endloop
  endfacet
  facet normal 0 1 0
    outer loop
      vertex -46.8009 4 78.8009
      vertex -3.19914 4 35.1991
      vertex -47.1181 4 78.5133
    endloop
  endfacet
  facet normal 0 1 0
    outer loop
      vertex -47.1181 4 78.5133
      vertex -3.19914 4 35.1991
      vertex -47.1298 4 78.5027
    endloop
  endfacet
  facet normal 0 1 -0
    outer loop
      vertex -3.48667 4 34.8819
      vertex -47.1298 4 78.5027
      vertex -3.19914 4 35.1991
    endloop
  endfacet
  facet normal 0 1 -0
    outer loop
      vertex -3.49731 4 34.8702
      vertex -47.1298 4 78.5027
      vertex -3.48667 4 34.8819
    endloop
  endfacet
  facet normal 0 1 0
    outer loop
      vertex -47.1298 4 78.5027
      vertex -3.49731 4 34.8702
      vertex -47.4737 4 78.2476
    endloop
  endfacet
  facet normal 0 1 0
    outer loop
      vertex -47.4737 4 78.2476
      vertex -3.49731 4 34.8702
      vertex -47.4865 4 78.2382
    endloop
  endfacet
  facet normal 0 1 -0
    outer loop
      vertex -3.75236 4 34.5263
      vertex -47.4865 4 78.2382
      vertex -3.49731 4 34.8702
    endloop
  endfacet
  facet normal 0 1 -0
    outer loop
      vertex -3.76179 4 34.5135
      vertex -47.4865 4 78.2382
      vertex -3.75236 4 34.5263
    endloop
  endfacet
  facet normal 0 1 0
    outer loop
      vertex -47.4865 4 78.2382
      vertex -3.76179 4 34.5135
      vertex -47.5 4 78.2301
    endloop
  endfacet
  facet normal 0 1 0
    outer loop
      vertex -47.5 4 78.2301
      vertex -3.76179 4 34.5135
      vertex -47.8673 4 78.01
    endloop
  endfacet
  facet normal 0 1 -0
    outer loop
      vertex -3.76993 4 34.5
      vertex -47.8673 4 78.01
      vertex -3.76179 4 34.5135
    endloop
  endfacet
  facet normal 0 1 -0
    outer loop
      vertex -3.99005 4 34.1327
      vertex -47.8673 4 78.01
      vertex -3.76993 4 34.5
    endloop
  endfacet
  facet normal 0 1 0
    outer loop
      vertex -47.8673 4 78.01
      vertex -3.99005 4 34.1327
      vertex -48.2543 4 77.8269
    endloop
  endfacet
  facet normal 0 1 0
    outer loop
      vertex -48.2543 4 77.8269
      vertex -3.99005 4 34.1327
      vertex -48.2686 4 77.8201
    endloop
  endfacet
  facet normal 0 1 -0
    outer loop
      vertex -4.17311 4 33.7457
      vertex -48.2686 4 77.8201
      vertex -3.99005 4 34.1327
    endloop
  endfacet
  facet normal 0 1 -0
    outer loop
      vertex -4.17988 4 33.7314
      vertex -48.2686 4 77.8201
      vertex -4.17311 4 33.7457
    endloop
  endfacet
  facet normal 0 1 0
    outer loop
      vertex -48.2686 4 77.8201
      vertex -4.17988 4 33.7314
      vertex -48.2836 4 77.8148
    endloop
  endfacet
  facet normal 0 1 0
    outer loop
      vertex -48.2836 4 77.8148
      vertex -4.17988 4 33.7314
      vertex -48.6867 4 77.6705
    endloop
  endfacet
  facet normal 0 1 -0
    outer loop
      vertex -4.18521 4 33.7164
      vertex -48.6867 4 77.6705
      vertex -4.17988 4 33.7314
    endloop
  endfacet
  facet normal 0 1 -0
    outer loop
      vertex -4.32945 4 33.3133
      vertex -48.6867 4 77.6705
      vertex -4.18521 4 33.7164
    endloop
  endfacet
  facet normal 0 1 0
    outer loop
      vertex -54 4 9
      vertex -48.6867 4 77.6705
      vertex -4.32945 4 33.3133
    endloop
  endfacet
  facet normal 0 1 0
    outer loop
      vertex -48.6867 4 77.6705
      vertex -54 4 9
      vertex -49.102 4 77.5665
    endloop
  endfacet
  facet normal 0 1 0
    outer loop
      vertex -49.102 4 77.5665
      vertex -54 4 9
      vertex -49.1174 4 77.5627
    endloop
  endfacet
  facet normal 0 1 0
    outer loop
      vertex -49.1174 4 77.5627
      vertex -54 4 9
      vertex -49.133 4 77.5603
    endloop
  endfacet
  facet normal 0 1 0
    outer loop
      vertex -49.133 4 77.5603
      vertex -54 4 9
      vertex -49.5565 4 77.4975
    endloop
  endfacet
  facet normal 0 1 0
    outer loop
      vertex -49.5565 4 77.4975
      vertex -54 4 9
      vertex -49.5724 4 77.4967
    endloop
  endfacet
  facet normal 0 1 0
    outer loop
      vertex -49.5724 4 77.4967
      vertex -54 4 9
      vertex -50 4 77.4757
    endloop
  endfacet
  facet normal 0 1 0
    outer loop
      vertex -50 4 77.4757
      vertex -54 4 9
      vertex -50.4276 4 77.4967
    endloop
  endfacet
  facet normal 0 1 0
    outer loop
      vertex -50.4276 4 77.4967
      vertex -54 4 9
      vertex -50.4435 4 77.4975
    endloop
  endfacet
  facet normal 0 1 0
    outer loop
      vertex -50.4435 4 77.4975
      vertex -54 4 9
      vertex -50.867 4 77.5603
    endloop
  endfacet
  facet normal 0 1 0
    outer loop
      vertex -50.867 4 77.5603
      vertex -54 4 9
      vertex -50.8826 4 77.5627
    endloop
  endfacet
  facet normal 0 1 0
    outer loop
      vertex -50.8826 4 77.5627
      vertex -54 4 9
      vertex -50.898 4 77.5665
    endloop
  endfacet
  facet normal 0 1 0
    outer loop
      vertex -50.898 4 77.5665
      vertex -54 4 9
      vertex -51.3133 4 77.6705
    endloop
  endfacet
  facet normal 0 1 0
    outer loop
      vertex -51.3133 4 77.6705
      vertex -54 4 9
      vertex -51.7314 4 77.8201
    endloop
  endfacet
  facet normal 0 1 0
    outer loop
      vertex -51.7314 4 77.8201
      vertex -54 4 9
      vertex -52.1327 4 78.01
    endloop
  endfacet
  facet normal 0 1 0
    outer loop
      vertex -52.1327 4 78.01
      vertex -54 4 9
      vertex -52.5 4 78.2301
    endloop
  endfacet
  facet normal 0 1 0
    outer loop
      vertex -52.5 4 78.2301
      vertex -54 4 9
      vertex -52.5135 4 78.2382
    endloop
  endfacet
  facet normal 0 1 0
    outer loop
      vertex -52.5135 4 78.2382
      vertex -54 4 9
      vertex -52.5263 4 78.2476
    endloop
  endfacet
  facet normal 0 1 0
    outer loop
      vertex -52.5263 4 78.2476
      vertex -54 4 9
      vertex -52.8702 4 78.5027
    endloop
  endfacet
  facet normal 0 1 0
    outer loop
      vertex -52.8702 4 78.5027
      vertex -54 4 9
      vertex -52.8819 4 78.5133
    endloop
  endfacet
  facet normal 0 1 0
    outer loop
      vertex -54 4 9
      vertex -4.32945 4 33.3133
      vertex -4.43349 4 32.898
    endloop
  endfacet
  facet normal 0 1 0
    outer loop
      vertex -54 4 9
      vertex -4.43349 4 32.898
      vertex -4.43734 4 32.8826
    endloop
  endfacet
  facet normal 0 1 0
    outer loop
      vertex -54 4 9
      vertex -4.43734 4 32.8826
      vertex -4.43966 4 32.867
    endloop
  endfacet
  facet normal 0 1 0
    outer loop
      vertex -54 4 9
      vertex -4.43966 4 32.867
      vertex -4.50248 4 32.4435
    endloop
  endfacet
  facet normal 0 1 0
    outer loop
      vertex -54 4 9
      vertex -4.50248 4 32.4435
      vertex -4.50326 4 32.4276
    endloop
  endfacet
  facet normal 0 1 0
    outer loop
      vertex -54 4 9
      vertex -4.50326 4 32.4276
      vertex -4.52427 4 32
    endloop
  endfacet
  facet normal 0 1 0
    outer loop
      vertex -54 4 9
      vertex -4.52427 4 32
      vertex -4.50326 4 31.5724
    endloop
  endfacet
  facet normal 0 1 0
    outer loop
      vertex -54 4 9
      vertex -4.50326 4 31.5724
      vertex -4.50248 4 31.5565
    endloop
  endfacet
  facet normal 0 1 0
    outer loop
      vertex -54 4 9
      vertex -4.50248 4 31.5565
      vertex -4.43966 4 31.133
    endloop
  endfacet
  facet normal 0 1 0
    outer loop
      vertex -54 4 9
      vertex -4.43966 4 31.133
      vertex -4.43734 4 31.1174
    endloop
  endfacet
  facet normal 0 1 0
    outer loop
      vertex -54 4 9
      vertex -4.43734 4 31.1174
      vertex -4.43349 4 31.102
    endloop
  endfacet
  facet normal 0 1 0
    outer loop
      vertex -54 4 9
      vertex -4.43349 4 31.102
      vertex -4.32945 4 30.6867
    endloop
  endfacet
  facet normal 0 1 0
    outer loop
      vertex -54 4 9
      vertex -4.32945 4 30.6867
      vertex -4.18521 4 30.2836
    endloop
  endfacet
  facet normal 0 1 0
    outer loop
      vertex -54 4 9
      vertex -4.18521 4 30.2836
      vertex -4.17988 4 30.2686
    endloop
  endfacet
  facet normal 0 1 0
    outer loop
      vertex -54 4 9
      vertex -4.17988 4 30.2686
      vertex -4.17311 4 30.2543
    endloop
  endfacet
  facet normal 0 1 0
    outer loop
      vertex -54 4 9
      vertex -4.17311 4 30.2543
      vertex -3.99005 4 29.8673
    endloop
  endfacet
  facet normal 0 1 0
    outer loop
      vertex -54 4 9
      vertex -3.99005 4 29.8673
      vertex -3.76993 4 29.5
    endloop
  endfacet
  facet normal 0 1 0
    outer loop
      vertex -54 4 9
      vertex -3.76993 4 29.5
      vertex -3.76179 4 29.4865
    endloop
  endfacet
  facet normal 0 1 0
    outer loop
      vertex -54 4 9
      vertex -3.76179 4 29.4865
      vertex -3.75236 4 29.4737
    endloop
  endfacet
  facet normal 0 1 0
    outer loop
      vertex -54 4 9
      vertex -3.75236 4 29.4737
      vertex -3.49731 4 29.1298
    endloop
  endfacet
  facet normal 0 1 0
    outer loop
      vertex -54 4 9
      vertex -3.49731 4 29.1298
      vertex -3.48667 4 29.1181
    endloop
  endfacet
  facet normal 0 1 0
    outer loop
      vertex -54 4 9
      vertex -3.48667 4 29.1181
      vertex -3.19914 4 28.8009
    endloop
  endfacet
  facet normal 0 -1 0
    outer loop
      vertex -2.51355 4 28.2382
      vertex -2.87016 4 28.5027
      vertex -2.52627 4 28.2476
    endloop
  endfacet
  facet normal 0 1 0
    outer loop
      vertex -2.13272 4 28.01
      vertex -2.51355 4 28.2382
      vertex -2.49996 4 28.2301
    endloop
  endfacet
  facet normal 0 1 0
    outer loop
      vertex -1.31333 4 27.6705
      vertex -1.73136 4 27.8201
      vertex -1.71645 4 27.8148
    endloop
  endfacet
  facet normal 0 1 0
    outer loop
      vertex 0.443455 4 27.4975
      vertex 54 4 9
      vertex 0.427637 4 27.4967
    endloop
  endfacet
  facet normal 0 1 0
    outer loop
      vertex 0.427637 4 27.4967
      vertex 54 4 9
      vertex 0 4 27.4757
    endloop
  endfacet
  facet normal 0 1 0
    outer loop
      vertex -54 4 9
      vertex 0 4 27.4757
      vertex 54 4 9
    endloop
  endfacet
  facet normal 0 1 0
    outer loop
      vertex 0 4 27.4757
      vertex -54 4 9
      vertex -0.427637 4 27.4967
    endloop
  endfacet
  facet normal 0 1 0
    outer loop
      vertex -0.427637 4 27.4967
      vertex -54 4 9
      vertex -0.443455 4 27.4975
    endloop
  endfacet
  facet normal 0 1 0
    outer loop
      vertex -0.443455 4 27.4975
      vertex -54 4 9
      vertex -0.866974 4 27.5603
    endloop
  endfacet
  facet normal 0 1 0
    outer loop
      vertex -0.866974 4 27.5603
      vertex -54 4 9
      vertex -0.882641 4 27.5627
    endloop
  endfacet
  facet normal 0 1 0
    outer loop
      vertex -0.882641 4 27.5627
      vertex -54 4 9
      vertex -0.898004 4 27.5665
    endloop
  endfacet
  facet normal 0 1 0
    outer loop
      vertex -0.898004 4 27.5665
      vertex -54 4 9
      vertex -1.31333 4 27.6705
    endloop
  endfacet
  facet normal 0 1 0
    outer loop
      vertex -54 4 9
      vertex -1.73136 4 27.8201
      vertex -1.31333 4 27.6705
    endloop
  endfacet
  facet normal 0 1 0
    outer loop
      vertex -54 4 9
      vertex -1.74568 4 27.8269
      vertex -1.73136 4 27.8201
    endloop
  endfacet
  facet normal 0 1 0
    outer loop
      vertex -54 4 9
      vertex -2.13272 4 28.01
      vertex -1.74568 4 27.8269
    endloop
  endfacet
  facet normal 0 1 0
    outer loop
      vertex -54 4 9
      vertex -2.51355 4 28.2382
      vertex -2.13272 4 28.01
    endloop
  endfacet
  facet normal 0 1 0
    outer loop
      vertex -54 4 9
      vertex -2.87016 4 28.5027
      vertex -2.51355 4 28.2382
    endloop
  endfacet
  facet normal 0 1 0
    outer loop
      vertex -54 4 9
      vertex -2.8819 4 28.5133
      vertex -2.87016 4 28.5027
    endloop
  endfacet
  facet normal 0 1 0
    outer loop
      vertex -54 4 9
      vertex -3.19914 4 28.8009
      vertex -2.8819 4 28.5133
    endloop
  endfacet
  facet normal 0 1 0
    outer loop
      vertex -52.8819 4 78.5133
      vertex -54 4 9
      vertex -53.1991 4 78.8009
    endloop
  endfacet
  facet normal 0 1 0
    outer loop
      vertex -54 4 9
      vertex -53.4973 4 79.1298
      vertex -53.1991 4 78.8009
    endloop
  endfacet
  facet normal 0 1 0
    outer loop
      vertex -54 4 9
      vertex -53.7618 4 79.4865
      vertex -53.4973 4 79.1298
    endloop
  endfacet
  facet normal 0 1 0
    outer loop
      vertex -57.6 4 4
      vertex -53.7618 4 79.4865
      vertex -54 4 9
    endloop
  endfacet
  facet normal 0 1 0
    outer loop
      vertex -53.7618 4 79.4865
      vertex -57.6 4 4
      vertex -53.99 4 79.8673
    endloop
  endfacet
  facet normal 0 1 0
    outer loop
      vertex -53.99 4 79.8673
      vertex -57.6 4 4
      vertex -54.1731 4 80.2543
    endloop
  endfacet
  facet normal 0 1 0
    outer loop
      vertex -54.1731 4 80.2543
      vertex -57.6 4 4
      vertex -54.1799 4 80.2686
    endloop
  endfacet
  facet normal 0 1 0
    outer loop
      vertex -54.1799 4 80.2686
      vertex -57.6 4 4
      vertex -54.1852 4 80.2835
    endloop
  endfacet
  facet normal 0 1 0
    outer loop
      vertex -54.1852 4 80.2835
      vertex -57.6 4 4
      vertex -54.3295 4 80.6867
    endloop
  endfacet
  facet normal 0 1 0
    outer loop
      vertex -57.6 4 4
      vertex -54 4 9
      vertex -54 4 4
    endloop
  endfacet
  facet normal 0 1 0
    outer loop
      vertex -54.3295 4 80.6867
      vertex -57.6 4 4
      vertex -57.6 4 90
    endloop
  endfacet
  facet normal 0 -1 0
    outer loop
      vertex -49.3469 0 84.1531
      vertex -57.6 0 90
      vertex -49.561 0 84.2068
    endloop
  endfacet
  facet normal 0 -1 0
    outer loop
      vertex 57.6 0 90
      vertex 49.7795 0 84.2392
      vertex 50 0 84.25
    endloop
  endfacet
  facet normal 0 -1 0
    outer loop
      vertex -49.139 0 84.0787
      vertex -57.6 0 90
      vertex -49.3469 0 84.1531
    endloop
  endfacet
  facet normal 0 -1 0
    outer loop
      vertex 57.6 0 90
      vertex 49.561 0 84.2068
      vertex 49.7795 0 84.2392
    endloop
  endfacet
  facet normal 0 -1 0
    outer loop
      vertex -48.9394 0 83.9843
      vertex -57.6 0 90
      vertex -49.139 0 84.0787
    endloop
  endfacet
  facet normal 0 -1 0
    outer loop
      vertex 57.6 0 90
      vertex 49.3469 0 84.1531
      vertex 49.561 0 84.2068
    endloop
  endfacet
  facet normal 0 -1 0
    outer loop
      vertex -57.6 0 90
      vertex -48.9394 0 83.9843
      vertex 57.6 0 90
    endloop
  endfacet
  facet normal 0 -1 0
    outer loop
      vertex 57.6 0 90
      vertex 49.139 0 84.0787
      vertex 49.3469 0 84.1531
    endloop
  endfacet
  facet normal 0 -1 0
    outer loop
      vertex 48.9394 0 83.9843
      vertex 57.6 0 90
      vertex -48.9394 0 83.9843
    endloop
  endfacet
  facet normal 0 -1 0
    outer loop
      vertex 57.6 0 90
      vertex 48.9394 0 83.9843
      vertex 49.139 0 84.0787
    endloop
  endfacet
  facet normal 0 -1 0
    outer loop
      vertex -48.75 0 83.8708
      vertex 48.9394 0 83.9843
      vertex -48.9394 0 83.9843
    endloop
  endfacet
  facet normal 0 -1 0
    outer loop
      vertex -48.75 0 83.8708
      vertex 48.75 0 83.8708
      vertex 48.9394 0 83.9843
    endloop
  endfacet
  facet normal 0 -1 0
    outer loop
      vertex -48.5726 0 83.7393
      vertex 48.75 0 83.8708
      vertex -48.75 0 83.8708
    endloop
  endfacet
  facet normal 0 -1 0
    outer loop
      vertex -48.5726 0 83.7393
      vertex 48.5726 0 83.7393
      vertex 48.75 0 83.8708
    endloop
  endfacet
  facet normal 0 -1 0
    outer loop
      vertex -48.409 0 83.591
      vertex 48.5726 0 83.7393
      vertex -48.5726 0 83.7393
    endloop
  endfacet
  facet normal 0 -1 0
    outer loop
      vertex -48.409 0 83.591
      vertex 48.409 0 83.591
      vertex 48.5726 0 83.7393
    endloop
  endfacet
  facet normal 0 -1 0
    outer loop
      vertex -48.2607 0 83.4274
      vertex 48.409 0 83.591
      vertex -48.409 0 83.591
    endloop
  endfacet
  facet normal 0 -1 0
    outer loop
      vertex -48.2607 0 83.4274
      vertex 48.2607 0 83.4274
      vertex 48.409 0 83.591
    endloop
  endfacet
  facet normal 0 -1 0
    outer loop
      vertex -48.1292 0 83.25
      vertex 48.2607 0 83.4274
      vertex -48.2607 0 83.4274
    endloop
  endfacet
  facet normal 0 -1 0
    outer loop
      vertex -48.1292 0 83.25
      vertex 48.1292 0 83.25
      vertex 48.2607 0 83.4274
    endloop
  endfacet
  facet normal 0 -1 0
    outer loop
      vertex -48.0157 0 83.0606
      vertex 48.1292 0 83.25
      vertex -48.1292 0 83.25
    endloop
  endfacet
  facet normal 0 -1 0
    outer loop
      vertex -48.0157 0 83.0606
      vertex 48.0157 0 83.0606
      vertex 48.1292 0 83.25
    endloop
  endfacet
  facet normal 0 -1 0
    outer loop
      vertex -47.9213 0 82.861
      vertex 48.0157 0 83.0606
      vertex -48.0157 0 83.0606
    endloop
  endfacet
  facet normal 0 -1 0
    outer loop
      vertex -47.9213 0 82.861
      vertex 47.9213 0 82.861
      vertex 48.0157 0 83.0606
    endloop
  endfacet
  facet normal 0 -1 0
    outer loop
      vertex -47.8469 0 82.6531
      vertex 47.9213 0 82.861
      vertex -47.9213 0 82.861
    endloop
  endfacet
  facet normal 0 -1 0
    outer loop
      vertex -47.8469 0 82.6531
      vertex 47.8469 0 82.6531
      vertex 47.9213 0 82.861
    endloop
  endfacet
  facet normal 0 -1 0
    outer loop
      vertex -47.7932 0 82.4389
      vertex 47.8469 0 82.6531
      vertex -47.8469 0 82.6531
    endloop
  endfacet
  facet normal 0 -1 0
    outer loop
      vertex -47.7932 0 82.4389
      vertex 47.7932 0 82.4389
      vertex 47.8469 0 82.6531
    endloop
  endfacet
  facet normal 0 -1 0
    outer loop
      vertex -47.7608 0 82.2205
      vertex 47.7932 0 82.4389
      vertex -47.7932 0 82.4389
    endloop
  endfacet
  facet normal 0 -1 0
    outer loop
      vertex -47.7608 0 82.2205
      vertex 47.7608 0 82.2205
      vertex 47.7932 0 82.4389
    endloop
  endfacet
  facet normal 0 -1 0
    outer loop
      vertex -47.75 0 82
      vertex 47.7608 0 82.2205
      vertex -47.7608 0 82.2205
    endloop
  endfacet
  facet normal 0 -1 0
    outer loop
      vertex -47.75 0 82
      vertex 47.75 0 82
      vertex 47.7608 0 82.2205
    endloop
  endfacet
  facet normal 0 -1 0
    outer loop
      vertex 0 0 34.25
      vertex -47.75 0 82
      vertex -47.7608 0 81.7795
    endloop
  endfacet
  facet normal 0 -1 0
    outer loop
      vertex -47.75 0 82
      vertex 0 0 34.25
      vertex 47.75 0 82
    endloop
  endfacet
  facet normal 0 -1 0
    outer loop
      vertex -0.220538 0 34.2392
      vertex -47.7608 0 81.7795
      vertex -47.7932 0 81.5611
    endloop
  endfacet
  facet normal 0 -1 -0
    outer loop
      vertex 47.75 0 82
      vertex 0 0 34.25
      vertex 47.7608 0 81.7795
    endloop
  endfacet
  facet normal 0 -1 0
    outer loop
      vertex -0.438952 0 34.2068
      vertex -47.7932 0 81.5611
      vertex -47.8469 0 81.3469
    endloop
  endfacet
  facet normal 0 -1 0
    outer loop
      vertex 0.220538 0 34.2392
      vertex 47.7608 0 81.7795
      vertex 0 0 34.25
    endloop
  endfacet
  facet normal 0 -1 0
    outer loop
      vertex -0.65314 0 34.1531
      vertex -47.8469 0 81.3469
      vertex -47.9213 0 81.139
    endloop
  endfacet
  facet normal 0 -1 -0
    outer loop
      vertex 47.7608 0 81.7795
      vertex 0.220538 0 34.2392
      vertex 47.7932 0 81.5611
    endloop
  endfacet
  facet normal 0 -1 0
    outer loop
      vertex -0.861037 0 34.0787
      vertex -47.9213 0 81.139
      vertex -48.0157 0 80.9394
    endloop
  endfacet
  facet normal 0 -1 0
    outer loop
      vertex 0.438952 0 34.2068
      vertex 47.7932 0 81.5611
      vertex 0.220538 0 34.2392
    endloop
  endfacet
  facet normal 0 -1 0
    outer loop
      vertex -1.06064 0 33.9843
      vertex -48.0157 0 80.9394
      vertex -48.1292 0 80.75
    endloop
  endfacet
  facet normal 0 -1 -0
    outer loop
      vertex 47.7932 0 81.5611
      vertex 0.438952 0 34.2068
      vertex 47.8469 0 81.3469
    endloop
  endfacet
  facet normal 0 -1 0
    outer loop
      vertex -1.25003 0 33.8708
      vertex -48.1292 0 80.75
      vertex -48.2607 0 80.5726
    endloop
  endfacet
  facet normal 0 -1 0
    outer loop
      vertex 0.65314 0 34.1531
      vertex 47.8469 0 81.3469
      vertex 0.438952 0 34.2068
    endloop
  endfacet
  facet normal 0 -1 0
    outer loop
      vertex -1.42738 0 33.7393
      vertex -48.2607 0 80.5726
      vertex -48.409 0 80.409
    endloop
  endfacet
  facet normal 0 -1 -0
    outer loop
      vertex 47.8469 0 81.3469
      vertex 0.65314 0 34.1531
      vertex 47.9213 0 81.139
    endloop
  endfacet
  facet normal 0 -1 0
    outer loop
      vertex -1.59099 0 33.591
      vertex -48.409 0 80.409
      vertex -48.5726 0 80.2607
    endloop
  endfacet
  facet normal 0 -1 0
    outer loop
      vertex 0.861037 0 34.0787
      vertex 47.9213 0 81.139
      vertex 0.65314 0 34.1531
    endloop
  endfacet
  facet normal 0 -1 0
    outer loop
      vertex -1.73927 0 33.4274
      vertex -48.5726 0 80.2607
      vertex -48.75 0 80.1292
    endloop
  endfacet
  facet normal 0 -1 -0
    outer loop
      vertex 47.9213 0 81.139
      vertex 0.861037 0 34.0787
      vertex 48.0157 0 80.9394
    endloop
  endfacet
  facet normal 0 -1 0
    outer loop
      vertex -1.87081 0 33.25
      vertex -48.75 0 80.1292
      vertex -48.9394 0 80.0157
    endloop
  endfacet
  facet normal 0 -1 0
    outer loop
      vertex 1.06064 0 33.9843
      vertex 48.0157 0 80.9394
      vertex 0.861037 0 34.0787
    endloop
  endfacet
  facet normal 0 -1 0
    outer loop
      vertex -1.98432 0 33.0606
      vertex -48.9394 0 80.0157
      vertex -49.139 0 79.9213
    endloop
  endfacet
  facet normal 0 -1 -0
    outer loop
      vertex 48.0157 0 80.9394
      vertex 1.06064 0 33.9843
      vertex 48.1292 0 80.75
    endloop
  endfacet
  facet normal 0 -1 0
    outer loop
      vertex -2.07873 0 32.861
      vertex -49.139 0 79.9213
      vertex -49.3469 0 79.8469
    endloop
  endfacet
  facet normal 0 -1 0
    outer loop
      vertex 1.25003 0 33.8708
      vertex 48.1292 0 80.75
      vertex 1.06064 0 33.9843
    endloop
  endfacet
  facet normal 0 -1 0
    outer loop
      vertex -2.15312 0 32.6531
      vertex -49.3469 0 79.8469
      vertex -49.561 0 79.7932
    endloop
  endfacet
  facet normal 0 -1 -0
    outer loop
      vertex 48.1292 0 80.75
      vertex 1.25003 0 33.8708
      vertex 48.2607 0 80.5726
    endloop
  endfacet
  facet normal 0 -1 0
    outer loop
      vertex -57.6 0 0
      vertex -49.561 0 79.7932
      vertex -49.7795 0 79.7608
    endloop
  endfacet
  facet normal 0 -1 0
    outer loop
      vertex 1.42738 0 33.7393
      vertex 48.2607 0 80.5726
      vertex 1.25003 0 33.8708
    endloop
  endfacet
  facet normal 0 -1 0
    outer loop
      vertex -57.6 0 0
      vertex -49.7795 0 79.7608
      vertex -50 0 79.75
    endloop
  endfacet
  facet normal 0 -1 -0
    outer loop
      vertex 48.2607 0 80.5726
      vertex 1.42738 0 33.7393
      vertex 48.409 0 80.409
    endloop
  endfacet
  facet normal 0 -1 0
    outer loop
      vertex -49.7795 0 84.2392
      vertex -57.6 0 90
      vertex -50 0 84.25
    endloop
  endfacet
  facet normal 0 -1 0
    outer loop
      vertex -57.6 0 90
      vertex -50.2205 0 84.2392
      vertex -50 0 84.25
    endloop
  endfacet
  facet normal 0 -1 0
    outer loop
      vertex -57.6 0 90
      vertex -50.439 0 84.2068
      vertex -50.2205 0 84.2392
    endloop
  endfacet
  facet normal 0 -1 0
    outer loop
      vertex -57.6 0 90
      vertex -50.6531 0 84.1531
      vertex -50.439 0 84.2068
    endloop
  endfacet
  facet normal 0 -1 0
    outer loop
      vertex -57.6 0 90
      vertex -50.861 0 84.0787
      vertex -50.6531 0 84.1531
    endloop
  endfacet
  facet normal 0 -1 0
    outer loop
      vertex -57.6 0 90
      vertex -51.0606 0 83.9843
      vertex -50.861 0 84.0787
    endloop
  endfacet
  facet normal 0 -1 0
    outer loop
      vertex -57.6 0 90
      vertex -51.25 0 83.8708
      vertex -51.0606 0 83.9843
    endloop
  endfacet
  facet normal 0 -1 0
    outer loop
      vertex -57.6 0 90
      vertex -51.4274 0 83.7393
      vertex -51.25 0 83.8708
    endloop
  endfacet
  facet normal 0 -1 0
    outer loop
      vertex -57.6 0 90
      vertex -51.591 0 83.591
      vertex -51.4274 0 83.7393
    endloop
  endfacet
  facet normal 0 -1 0
    outer loop
      vertex -57.6 0 90
      vertex -51.7393 0 83.4274
      vertex -51.591 0 83.591
    endloop
  endfacet
  facet normal 0 -1 0
    outer loop
      vertex -57.6 0 90
      vertex -51.8708 0 83.25
      vertex -51.7393 0 83.4274
    endloop
  endfacet
  facet normal 0 -1 0
    outer loop
      vertex -57.6 0 90
      vertex -51.9843 0 83.0606
      vertex -51.8708 0 83.25
    endloop
  endfacet
  facet normal 0 -1 0
    outer loop
      vertex -57.6 0 90
      vertex -52.0787 0 82.861
      vertex -51.9843 0 83.0606
    endloop
  endfacet
  facet normal 0 -1 0
    outer loop
      vertex -57.6 0 90
      vertex -52.1531 0 82.6531
      vertex -52.0787 0 82.861
    endloop
  endfacet
  facet normal 0 -1 0
    outer loop
      vertex -57.6 0 90
      vertex -52.2068 0 82.4389
      vertex -52.1531 0 82.6531
    endloop
  endfacet
  facet normal 0 -1 0
    outer loop
      vertex -57.6 0 90
      vertex -52.2392 0 82.2205
      vertex -52.2068 0 82.4389
    endloop
  endfacet
  facet normal 0 -1 0
    outer loop
      vertex -57.6 0 90
      vertex -52.25 0 82
      vertex -52.2392 0 82.2205
    endloop
  endfacet
  facet normal 0 -1 0
    outer loop
      vertex -57.6 0 90
      vertex -52.2392 0 81.7795
      vertex -52.25 0 82
    endloop
  endfacet
  facet normal 0 -1 0
    outer loop
      vertex -57.6 0 90
      vertex -52.2068 0 81.5611
      vertex -52.2392 0 81.7795
    endloop
  endfacet
  facet normal 0 -1 0
    outer loop
      vertex -57.6 0 90
      vertex -52.1531 0 81.3469
      vertex -52.2068 0 81.5611
    endloop
  endfacet
  facet normal 0 -1 0
    outer loop
      vertex -57.6 0 90
      vertex -52.0787 0 81.139
      vertex -52.1531 0 81.3469
    endloop
  endfacet
  facet normal 0 -1 0
    outer loop
      vertex -57.6 0 90
      vertex -51.9843 0 80.9394
      vertex -52.0787 0 81.139
    endloop
  endfacet
  facet normal 0 -1 0
    outer loop
      vertex -57.6 0 0
      vertex -51.9843 0 80.9394
      vertex -57.6 0 90
    endloop
  endfacet
  facet normal 0 -1 0
    outer loop
      vertex 1.59099 0 33.591
      vertex 48.409 0 80.409
      vertex 1.42738 0 33.7393
    endloop
  endfacet
  facet normal 0 -1 0
    outer loop
      vertex -57.6 0 0
      vertex -50 0 79.75
      vertex -50.2205 0 79.7608
    endloop
  endfacet
  facet normal 0 -1 0
    outer loop
      vertex -57.6 0 0
      vertex -50.2205 0 79.7608
      vertex -50.439 0 79.7932
    endloop
  endfacet
  facet normal 0 -1 0
    outer loop
      vertex -57.6 0 0
      vertex -50.439 0 79.7932
      vertex -50.6531 0 79.8469
    endloop
  endfacet
  facet normal 0 -1 0
    outer loop
      vertex -57.6 0 0
      vertex -50.6531 0 79.8469
      vertex -50.861 0 79.9213
    endloop
  endfacet
  facet normal 0 -1 0
    outer loop
      vertex -57.6 0 0
      vertex -50.861 0 79.9213
      vertex -51.0606 0 80.0157
    endloop
  endfacet
  facet normal 0 -1 0
    outer loop
      vertex -57.6 0 0
      vertex -51.0606 0 80.0157
      vertex -51.25 0 80.1292
    endloop
  endfacet
  facet normal 0 -1 0
    outer loop
      vertex -57.6 0 0
      vertex -51.25 0 80.1292
      vertex -51.4274 0 80.2607
    endloop
  endfacet
  facet normal 0 -1 0
    outer loop
      vertex -47.7608 0 81.7795
      vertex -0.220538 0 34.2392
      vertex 0 0 34.25
    endloop
  endfacet
  facet normal 0 -1 0
    outer loop
      vertex -47.7932 0 81.5611
      vertex -0.438952 0 34.2068
      vertex -0.220538 0 34.2392
    endloop
  endfacet
  facet normal 0 -1 0
    outer loop
      vertex -47.8469 0 81.3469
      vertex -0.65314 0 34.1531
      vertex -0.438952 0 34.2068
    endloop
  endfacet
  facet normal 0 -1 0
    outer loop
      vertex -57.6 0 0
      vertex -51.4274 0 80.2607
      vertex -51.591 0 80.409
    endloop
  endfacet
  facet normal 0 -1 0
    outer loop
      vertex -47.9213 0 81.139
      vertex -0.861037 0 34.0787
      vertex -0.65314 0 34.1531
    endloop
  endfacet
  facet normal 0 -1 0
    outer loop
      vertex -48.0157 0 80.9394
      vertex -1.06064 0 33.9843
      vertex -0.861037 0 34.0787
    endloop
  endfacet
  facet normal 0 -1 0
    outer loop
      vertex -48.1292 0 80.75
      vertex -1.25003 0 33.8708
      vertex -1.06064 0 33.9843
    endloop
  endfacet
  facet normal 0 -1 0
    outer loop
      vertex -48.2607 0 80.5726
      vertex -1.42738 0 33.7393
      vertex -1.25003 0 33.8708
    endloop
  endfacet
  facet normal 0 -1 0
    outer loop
      vertex -48.409 0 80.409
      vertex -1.59099 0 33.591
      vertex -1.42738 0 33.7393
    endloop
  endfacet
  facet normal 0 -1 0
    outer loop
      vertex -48.5726 0 80.2607
      vertex -1.73927 0 33.4274
      vertex -1.59099 0 33.591
    endloop
  endfacet
  facet normal 0 -1 0
    outer loop
      vertex -48.75 0 80.1292
      vertex -1.87081 0 33.25
      vertex -1.73927 0 33.4274
    endloop
  endfacet
  facet normal 0 -1 0
    outer loop
      vertex -48.9394 0 80.0157
      vertex -1.98432 0 33.0606
      vertex -1.87081 0 33.25
    endloop
  endfacet
  facet normal 0 -1 0
    outer loop
      vertex -49.139 0 79.9213
      vertex -2.07873 0 32.861
      vertex -1.98432 0 33.0606
    endloop
  endfacet
  facet normal 0 -1 0
    outer loop
      vertex -49.3469 0 79.8469
      vertex -2.15312 0 32.6531
      vertex -2.07873 0 32.861
    endloop
  endfacet
  facet normal 0 -1 0
    outer loop
      vertex -49.561 0 79.7932
      vertex -2.20677 0 32.439
      vertex -2.15312 0 32.6531
    endloop
  endfacet
  facet normal 0 -1 -0
    outer loop
      vertex -49.561 0 79.7932
      vertex -57.6 0 0
      vertex -2.20677 0 32.439
    endloop
  endfacet
  facet normal 0 -1 0
    outer loop
      vertex -2.20677 0 32.439
      vertex -57.6 0 0
      vertex -2.23917 0 32.2205
    endloop
  endfacet
  facet normal 0 -1 0
    outer loop
      vertex -2.23917 0 32.2205
      vertex -57.6 0 0
      vertex -2.25 0 32
    endloop
  endfacet
  facet normal 0 -1 -0
    outer loop
      vertex -2.25 0 32
      vertex -57.6 0 0
      vertex -2.23917 0 31.7795
    endloop
  endfacet
  facet normal 0 -1 -0
    outer loop
      vertex -2.23917 0 31.7795
      vertex -57.6 0 0
      vertex -2.20677 0 31.561
    endloop
  endfacet
  facet normal 0 -1 -0
    outer loop
      vertex -2.20677 0 31.561
      vertex -57.6 0 0
      vertex -2.15312 0 31.3469
    endloop
  endfacet
  facet normal 0 -1 -0
    outer loop
      vertex -2.15312 0 31.3469
      vertex -57.6 0 0
      vertex -2.07873 0 31.139
    endloop
  endfacet
  facet normal 0 -1 -0
    outer loop
      vertex -2.07873 0 31.139
      vertex -57.6 0 0
      vertex -1.98432 0 30.9394
    endloop
  endfacet
  facet normal 0 -1 -0
    outer loop
      vertex -1.98432 0 30.9394
      vertex -57.6 0 0
      vertex -1.87081 0 30.75
    endloop
  endfacet
  facet normal 0 -1 -0
    outer loop
      vertex -1.87081 0 30.75
      vertex -57.6 0 0
      vertex -1.73927 0 30.5726
    endloop
  endfacet
  facet normal 0 -1 -0
    outer loop
      vertex -0.220538 0 29.7608
      vertex -57.6 0 0
      vertex 0 0 29.75
    endloop
  endfacet
  facet normal 0 -1 -0
    outer loop
      vertex -0.438952 0 29.7932
      vertex -57.6 0 0
      vertex -0.220538 0 29.7608
    endloop
  endfacet
  facet normal 0 -1 -0
    outer loop
      vertex -0.65314 0 29.8469
      vertex -57.6 0 0
      vertex -0.438952 0 29.7932
    endloop
  endfacet
  facet normal 0 -1 -0
    outer loop
      vertex -0.861037 0 29.9213
      vertex -57.6 0 0
      vertex -0.65314 0 29.8469
    endloop
  endfacet
  facet normal 0 -1 -0
    outer loop
      vertex -1.06064 0 30.0157
      vertex -57.6 0 0
      vertex -0.861037 0 29.9213
    endloop
  endfacet
  facet normal 0 -1 -0
    outer loop
      vertex -1.25003 0 30.1292
      vertex -57.6 0 0
      vertex -1.06064 0 30.0157
    endloop
  endfacet
  facet normal 0 -1 -0
    outer loop
      vertex -1.42738 0 30.2607
      vertex -57.6 0 0
      vertex -1.25003 0 30.1292
    endloop
  endfacet
  facet normal 0 -1 -0
    outer loop
      vertex -1.59099 0 30.409
      vertex -57.6 0 0
      vertex -1.42738 0 30.2607
    endloop
  endfacet
  facet normal 0 -1 -0
    outer loop
      vertex -1.73927 0 30.5726
      vertex -57.6 0 0
      vertex -1.59099 0 30.409
    endloop
  endfacet
  facet normal 0 -1 -0
    outer loop
      vertex -51.7393 0 80.5726
      vertex -57.6 0 0
      vertex -51.591 0 80.409
    endloop
  endfacet
  facet normal 0 -1 -0
    outer loop
      vertex -51.8708 0 80.75
      vertex -57.6 0 0
      vertex -51.7393 0 80.5726
    endloop
  endfacet
  facet normal 0 -1 -0
    outer loop
      vertex -51.9843 0 80.9394
      vertex -57.6 0 0
      vertex -51.8708 0 80.75
    endloop
  endfacet
  facet normal 0 -1 0
    outer loop
      vertex -49.561 0 84.2068
      vertex -57.6 0 90
      vertex -49.7795 0 84.2392
    endloop
  endfacet
  facet normal 0 -1 0
    outer loop
      vertex 50.2205 0 84.2392
      vertex 57.6 0 90
      vertex 50 0 84.25
    endloop
  endfacet
  facet normal 0 -1 0
    outer loop
      vertex 50.439 0 84.2068
      vertex 57.6 0 90
      vertex 50.2205 0 84.2392
    endloop
  endfacet
  facet normal 0 -1 0
    outer loop
      vertex 50.6531 0 84.1531
      vertex 57.6 0 90
      vertex 50.439 0 84.2068
    endloop
  endfacet
  facet normal 0 -1 0
    outer loop
      vertex 50.861 0 84.0787
      vertex 57.6 0 90
      vertex 50.6531 0 84.1531
    endloop
  endfacet
  facet normal 0 -1 0
    outer loop
      vertex 51.0606 0 83.9843
      vertex 57.6 0 90
      vertex 50.861 0 84.0787
    endloop
  endfacet
  facet normal 0 -1 0
    outer loop
      vertex 51.25 0 83.8708
      vertex 57.6 0 90
      vertex 51.0606 0 83.9843
    endloop
  endfacet
  facet normal 0 -1 0
    outer loop
      vertex 51.4274 0 83.7393
      vertex 57.6 0 90
      vertex 51.25 0 83.8708
    endloop
  endfacet
  facet normal 0 -1 0
    outer loop
      vertex 51.591 0 83.591
      vertex 57.6 0 90
      vertex 51.4274 0 83.7393
    endloop
  endfacet
  facet normal 0 -1 0
    outer loop
      vertex 51.7393 0 83.4274
      vertex 57.6 0 90
      vertex 51.591 0 83.591
    endloop
  endfacet
  facet normal 0 -1 0
    outer loop
      vertex 51.8708 0 83.25
      vertex 57.6 0 90
      vertex 51.7393 0 83.4274
    endloop
  endfacet
  facet normal 0 -1 0
    outer loop
      vertex 51.9843 0 83.0606
      vertex 57.6 0 90
      vertex 51.8708 0 83.25
    endloop
  endfacet
  facet normal 0 -1 0
    outer loop
      vertex 52.0787 0 82.861
      vertex 57.6 0 90
      vertex 51.9843 0 83.0606
    endloop
  endfacet
  facet normal 0 -1 0
    outer loop
      vertex 52.1531 0 82.6531
      vertex 57.6 0 90
      vertex 52.0787 0 82.861
    endloop
  endfacet
  facet normal 0 -1 0
    outer loop
      vertex 52.2068 0 82.4389
      vertex 57.6 0 90
      vertex 52.1531 0 82.6531
    endloop
  endfacet
  facet normal 0 -1 0
    outer loop
      vertex 52.2392 0 82.2205
      vertex 57.6 0 90
      vertex 52.2068 0 82.4389
    endloop
  endfacet
  facet normal 0 -1 0
    outer loop
      vertex 52.25 0 82
      vertex 57.6 0 90
      vertex 52.2392 0 82.2205
    endloop
  endfacet
  facet normal 0 -1 0
    outer loop
      vertex 52.2392 0 81.7795
      vertex 57.6 0 90
      vertex 52.25 0 82
    endloop
  endfacet
  facet normal 0 -1 0
    outer loop
      vertex 52.2068 0 81.5611
      vertex 57.6 0 90
      vertex 52.2392 0 81.7795
    endloop
  endfacet
  facet normal 0 -1 0
    outer loop
      vertex 52.1531 0 81.3469
      vertex 57.6 0 90
      vertex 52.2068 0 81.5611
    endloop
  endfacet
  facet normal 0 -1 0
    outer loop
      vertex 52.0787 0 81.139
      vertex 57.6 0 90
      vertex 52.1531 0 81.3469
    endloop
  endfacet
  facet normal 0 -1 0
    outer loop
      vertex 51.9843 0 80.9394
      vertex 57.6 0 90
      vertex 52.0787 0 81.139
    endloop
  endfacet
  facet normal 0 -1 0
    outer loop
      vertex 57.6 0 0
      vertex 51.9843 0 80.9394
      vertex 51.8708 0 80.75
    endloop
  endfacet
  facet normal 0 -1 -0
    outer loop
      vertex 48.409 0 80.409
      vertex 1.59099 0 33.591
      vertex 48.5726 0 80.2607
    endloop
  endfacet
  facet normal 0 -1 0
    outer loop
      vertex 1.73927 0 33.4274
      vertex 48.5726 0 80.2607
      vertex 1.59099 0 33.591
    endloop
  endfacet
  facet normal 0 -1 -0
    outer loop
      vertex 48.5726 0 80.2607
      vertex 1.73927 0 33.4274
      vertex 48.75 0 80.1292
    endloop
  endfacet
  facet normal 0 -1 0
    outer loop
      vertex 1.87081 0 33.25
      vertex 48.75 0 80.1292
      vertex 1.73927 0 33.4274
    endloop
  endfacet
  facet normal 0 -1 -0
    outer loop
      vertex 48.75 0 80.1292
      vertex 1.87081 0 33.25
      vertex 48.9394 0 80.0157
    endloop
  endfacet
  facet normal 0 -1 0
    outer loop
      vertex 1.98432 0 33.0606
      vertex 48.9394 0 80.0157
      vertex 1.87081 0 33.25
    endloop
  endfacet
  facet normal 0 -1 -0
    outer loop
      vertex 48.9394 0 80.0157
      vertex 1.98432 0 33.0606
      vertex 49.139 0 79.9213
    endloop
  endfacet
  facet normal 0 -1 0
    outer loop
      vertex 2.07873 0 32.861
      vertex 49.139 0 79.9213
      vertex 1.98432 0 33.0606
    endloop
  endfacet
  facet normal 0 -1 -0
    outer loop
      vertex 49.139 0 79.9213
      vertex 2.07873 0 32.861
      vertex 49.3469 0 79.8469
    endloop
  endfacet
  facet normal 0 -1 0
    outer loop
      vertex 2.15312 0 32.6531
      vertex 49.3469 0 79.8469
      vertex 2.07873 0 32.861
    endloop
  endfacet
  facet normal 0 -1 -0
    outer loop
      vertex 49.3469 0 79.8469
      vertex 2.15312 0 32.6531
      vertex 49.561 0 79.7932
    endloop
  endfacet
  facet normal 0 -1 0
    outer loop
      vertex 2.20677 0 32.439
      vertex 49.561 0 79.7932
      vertex 2.15312 0 32.6531
    endloop
  endfacet
  facet normal 0 -1 0
    outer loop
      vertex 57.6 0 0
      vertex 49.561 0 79.7932
      vertex 2.20677 0 32.439
    endloop
  endfacet
  facet normal 0 -1 0
    outer loop
      vertex 49.561 0 79.7932
      vertex 57.6 0 0
      vertex 49.7795 0 79.7608
    endloop
  endfacet
  facet normal 0 -1 0
    outer loop
      vertex 49.7795 0 79.7608
      vertex 57.6 0 0
      vertex 50 0 79.75
    endloop
  endfacet
  facet normal 0 -1 0
    outer loop
      vertex 50 0 79.75
      vertex 57.6 0 0
      vertex 50.2205 0 79.7608
    endloop
  endfacet
  facet normal 0 -1 0
    outer loop
      vertex 50.2205 0 79.7608
      vertex 57.6 0 0
      vertex 50.439 0 79.7932
    endloop
  endfacet
  facet normal 0 -1 0
    outer loop
      vertex 50.439 0 79.7932
      vertex 57.6 0 0
      vertex 50.6531 0 79.8469
    endloop
  endfacet
  facet normal 0 -1 0
    outer loop
      vertex 50.6531 0 79.8469
      vertex 57.6 0 0
      vertex 50.861 0 79.9213
    endloop
  endfacet
  facet normal 0 -1 0
    outer loop
      vertex 50.861 0 79.9213
      vertex 57.6 0 0
      vertex 51.0606 0 80.0157
    endloop
  endfacet
  facet normal 0 -1 0
    outer loop
      vertex 51.0606 0 80.0157
      vertex 57.6 0 0
      vertex 51.25 0 80.1292
    endloop
  endfacet
  facet normal 0 -1 0
    outer loop
      vertex 51.25 0 80.1292
      vertex 57.6 0 0
      vertex 51.4274 0 80.2607
    endloop
  endfacet
  facet normal 0 -1 0
    outer loop
      vertex 57.6 0 0
      vertex 2.20677 0 32.439
      vertex 2.23917 0 32.2205
    endloop
  endfacet
  facet normal 0 -1 0
    outer loop
      vertex 57.6 0 0
      vertex 2.23917 0 32.2205
      vertex 2.25 0 32
    endloop
  endfacet
  facet normal 0 -1 0
    outer loop
      vertex 57.6 0 0
      vertex 2.25 0 32
      vertex 2.23917 0 31.7795
    endloop
  endfacet
  facet normal 0 -1 0
    outer loop
      vertex 57.6 0 0
      vertex 2.23917 0 31.7795
      vertex 2.20677 0 31.561
    endloop
  endfacet
  facet normal 0 -1 0
    outer loop
      vertex 57.6 0 0
      vertex 2.20677 0 31.561
      vertex 2.15312 0 31.3469
    endloop
  endfacet
  facet normal 0 -1 0
    outer loop
      vertex 57.6 0 0
      vertex 2.15312 0 31.3469
      vertex 2.07873 0 31.139
    endloop
  endfacet
  facet normal 0 -1 0
    outer loop
      vertex 57.6 0 0
      vertex 2.07873 0 31.139
      vertex 1.98432 0 30.9394
    endloop
  endfacet
  facet normal 0 -1 0
    outer loop
      vertex 57.6 0 0
      vertex 1.98432 0 30.9394
      vertex 1.87081 0 30.75
    endloop
  endfacet
  facet normal 0 -1 0
    outer loop
      vertex 57.6 0 0
      vertex 1.87081 0 30.75
      vertex 1.73927 0 30.5726
    endloop
  endfacet
  facet normal 0 -1 0
    outer loop
      vertex 57.6 0 0
      vertex 1.73927 0 30.5726
      vertex 1.59099 0 30.409
    endloop
  endfacet
  facet normal 0 -1 0
    outer loop
      vertex 57.6 0 0
      vertex 0 0 29.75
      vertex -57.6 0 0
    endloop
  endfacet
  facet normal 0 -1 0
    outer loop
      vertex 0 0 29.75
      vertex 57.6 0 0
      vertex 0.220538 0 29.7608
    endloop
  endfacet
  facet normal 0 -1 0
    outer loop
      vertex 0.220538 0 29.7608
      vertex 57.6 0 0
      vertex 0.438952 0 29.7932
    endloop
  endfacet
  facet normal 0 -1 0
    outer loop
      vertex 0.438952 0 29.7932
      vertex 57.6 0 0
      vertex 0.65314 0 29.8469
    endloop
  endfacet
  facet normal 0 -1 0
    outer loop
      vertex 0.65314 0 29.8469
      vertex 57.6 0 0
      vertex 0.861037 0 29.9213
    endloop
  endfacet
  facet normal 0 -1 0
    outer loop
      vertex 51.9843 0 80.9394
      vertex 57.6 0 0
      vertex 57.6 0 90
    endloop
  endfacet
  facet normal 0 -1 0
    outer loop
      vertex 51.7393 0 80.5726
      vertex 57.6 0 0
      vertex 51.8708 0 80.75
    endloop
  endfacet
  facet normal 0 -1 0
    outer loop
      vertex 51.591 0 80.409
      vertex 57.6 0 0
      vertex 51.7393 0 80.5726
    endloop
  endfacet
  facet normal 0 -1 0
    outer loop
      vertex 51.4274 0 80.2607
      vertex 57.6 0 0
      vertex 51.591 0 80.409
    endloop
  endfacet
  facet normal 0 -1 0
    outer loop
      vertex 1.42738 0 30.2607
      vertex 57.6 0 0
      vertex 1.59099 0 30.409
    endloop
  endfacet
  facet normal 0 -1 0
    outer loop
      vertex 1.25003 0 30.1292
      vertex 57.6 0 0
      vertex 1.42738 0 30.2607
    endloop
  endfacet
  facet normal 0 -1 0
    outer loop
      vertex 1.06064 0 30.0157
      vertex 57.6 0 0
      vertex 1.25003 0 30.1292
    endloop
  endfacet
  facet normal 0 -1 0
    outer loop
      vertex 0.861037 0 29.9213
      vertex 57.6 0 0
      vertex 1.06064 0 30.0157
    endloop
  endfacet
  facet normal -0 0 1
    outer loop
      vertex -57.6 43.1 4
      vertex -37 40.1 4
      vertex -37 43.1 4
    endloop
  endfacet
  facet normal 0 0 1
    outer loop
      vertex -37 40.1 4
      vertex -57.6 43.1 4
      vertex -37 35.1 4
    endloop
  endfacet
  facet normal 0 0 1
    outer loop
      vertex -37 35.1 4
      vertex -57.6 43.1 4
      vertex -54 9 4
    endloop
  endfacet
  facet normal 0 0 1
    outer loop
      vertex -57.6 4 4
      vertex -54 9 4
      vertex -57.6 43.1 4
    endloop
  endfacet
  facet normal 0 0 1
    outer loop
      vertex -54 9 4
      vertex -57.6 4 4
      vertex -54 4 4
    endloop
  endfacet
  facet normal 0 0 1
    outer loop
      vertex 54.6 35.1 4
      vertex 54 9 4
      vertex 54.6 4 4
    endloop
  endfacet
  facet normal -0 0 1
    outer loop
      vertex -37 35.1 4
      vertex 54 9 4
      vertex 54.6 35.1 4
    endloop
  endfacet
  facet normal 0 0 1
    outer loop
      vertex 54 9 4
      vertex -37 35.1 4
      vertex -54 9 4
    endloop
  endfacet
  facet normal 0 0 1
    outer loop
      vertex 54.6 4 4
      vertex 54 9 4
      vertex 54 4 4
    endloop
  endfacet
  facet normal 0 1 0
    outer loop
      vertex 57.6 43.1 22
      vertex -37 43.1 4
      vertex -37 43.1 22
    endloop
  endfacet
  facet normal 0 1 -0
    outer loop
      vertex 57.6 43.1 0
      vertex -37 43.1 4
      vertex 57.6 43.1 22
    endloop
  endfacet
  facet normal 0 1 0
    outer loop
      vertex -57.6 43.1 0
      vertex -37 43.1 4
      vertex 57.6 43.1 0
    endloop
  endfacet
  facet normal 0 1 0
    outer loop
      vertex -37 43.1 4
      vertex -57.6 43.1 0
      vertex -57.6 43.1 4
    endloop
  endfacet
  facet normal -0 0 1
    outer loop
      vertex -37 43.1 22
      vertex 57.6 40.1 22
      vertex 57.6 43.1 22
    endloop
  endfacet
  facet normal 0 0 1
    outer loop
      vertex 57.6 40.1 22
      vertex -37 43.1 22
      vertex -37 40.1 22
    endloop
  endfacet
  facet normal -1 0 0
    outer loop
      vertex -37 40.1 4
      vertex -37 43.1 22
      vertex -37 43.1 4
    endloop
  endfacet
  facet normal -1 -0 0
    outer loop
      vertex -37 43.1 22
      vertex -37 40.1 4
      vertex -37 40.1 22
    endloop
  endfacet
  facet normal 0 -1 0
    outer loop
      vertex -37 40.1 22
      vertex 54.6 40.1 9
      vertex 57.6 40.1 22
    endloop
  endfacet
  facet normal 0 -1 0
    outer loop
      vertex -37 40.1 4
      vertex 54.6 40.1 9
      vertex -37 40.1 22
    endloop
  endfacet
  facet normal 0 -1 -0
    outer loop
      vertex 54.6 40.1 9
      vertex -37 40.1 4
      vertex 54.6 40.1 4
    endloop
  endfacet
  facet normal 0 -1 -0
    outer loop
      vertex 57.6 40.1 22
      vertex 54.6 40.1 9
      vertex 57.6 40.1 9
    endloop
  endfacet
  facet normal 0 0 1
    outer loop
      vertex 57.6 40.1 9
      vertex 54.6 40.1 9
      vertex 57.6 4 9
    endloop
  endfacet
  facet normal 0 0 1
    outer loop
      vertex 57.6 4 9
      vertex 54.6 40.1 9
      vertex 54.6 4 9
    endloop
  endfacet
  facet normal -1 0 0
    outer loop
      vertex 54.6 4 9
      vertex 54.6 35.1 4
      vertex 54.6 4 4
    endloop
  endfacet
  facet normal -1 0 0
    outer loop
      vertex 54.6 35.1 4
      vertex 54.6 4 9
      vertex 54.6 40.1 9
    endloop
  endfacet
  facet normal -1 0 0
    outer loop
      vertex -54 9 4
      vertex -54 4 4
      vertex -54 4 9
    endloop
  endfacet
  facet normal 1 0 0
    outer loop
      vertex 54 4 9
      vertex 54 4 4
      vertex 54 9 4
    endloop
  endfacet
  facet normal 0 0.707107 0.707107
    outer loop
      vertex 54 9 4
      vertex -54 4 9
      vertex 54 4 9
    endloop
  endfacet
  facet normal 0 0.707107 0.707107
    outer loop
      vertex -54 4 9
      vertex 54 9 4
      vertex -54 9 4
    endloop
  endfacet
  facet normal -1 0 0
    outer loop
      vertex -37 40.1 4
      vertex -37 35.1 4
      vertex -37 40.1 9
    endloop
  endfacet
  facet normal 0 1 -0
    outer loop
      vertex 54.6 40.1 4
      vertex -37 40.1 9
      vertex 54.6 40.1 9
    endloop
  endfacet
  facet normal 0 1 0
    outer loop
      vertex -37 40.1 9
      vertex 54.6 40.1 4
      vertex -37 40.1 4
    endloop
  endfacet
  facet normal 0 -0.707107 0.707107
    outer loop
      vertex -37 35.1 4
      vertex 54.6 40.1 9
      vertex -37 40.1 9
    endloop
  endfacet
  facet normal 0 -0.707107 0.707107
    outer loop
      vertex 54.6 40.1 9
      vertex -37 35.1 4
      vertex 54.6 35.1 4
    endloop
  endfacet
  facet normal -0.989174 0 0.146746
    outer loop
      vertex -47.7932 0 81.5611
      vertex -47.7608 1.41167 81.7795
      vertex -47.7932 1.41167 81.5611
    endloop
  endfacet
  facet normal -0.989174 0 0.146746
    outer loop
      vertex -47.7608 1.41167 81.7795
      vertex -47.7932 0 81.5611
      vertex -47.7608 0 81.7795
    endloop
  endfacet
  facet normal -0.998803 0 0.0489209
    outer loop
      vertex -47.7608 0 81.7795
      vertex -47.75 1.41167 82
      vertex -47.7608 1.41167 81.7795
    endloop
  endfacet
  facet normal -0.998803 0 0.0489209
    outer loop
      vertex -47.75 1.41167 82
      vertex -47.7608 0 81.7795
      vertex -47.75 0 82
    endloop
  endfacet
  facet normal -0.969982 0 0.243175
    outer loop
      vertex -47.8469 0 81.3469
      vertex -47.7932 1.41167 81.5611
      vertex -47.8469 1.41167 81.3469
    endloop
  endfacet
  facet normal -0.969982 0 0.243175
    outer loop
      vertex -47.7932 1.41167 81.5611
      vertex -47.8469 0 81.3469
      vertex -47.7932 0 81.5611
    endloop
  endfacet
  facet normal -0.336939 0 -0.941527
    outer loop
      vertex -49.3469 0 84.1531
      vertex -49.139 1.41167 84.0787
      vertex -49.139 0 84.0787
    endloop
  endfacet
  facet normal -0.336939 0 -0.941527
    outer loop
      vertex -49.139 1.41167 84.0787
      vertex -49.3469 0 84.1531
      vertex -49.3469 1.41167 84.1531
    endloop
  endfacet
  facet normal -0.671613 0 0.740902
    outer loop
      vertex -48.5726 1.41167 80.2607
      vertex -48.409 0 80.409
      vertex -48.409 1.41167 80.409
    endloop
  endfacet
  facet normal -0.671613 0 0.740902
    outer loop
      vertex -48.409 0 80.409
      vertex -48.5726 1.41167 80.2607
      vertex -48.5726 0 80.2607
    endloop
  endfacet
  facet normal 0.857773 -0 0.514029
    outer loop
      vertex -51.9843 0 80.9394
      vertex -51.8708 1.41167 80.75
      vertex -51.9843 1.41167 80.9394
    endloop
  endfacet
  facet normal 0.857773 0 0.514029
    outer loop
      vertex -51.8708 1.41167 80.75
      vertex -51.9843 0 80.9394
      vertex -51.8708 0 80.75
    endloop
  endfacet
  facet normal 0.14668 0 -0.989184
    outer loop
      vertex -50.439 0 84.2068
      vertex -50.2205 1.41167 84.2392
      vertex -50.2205 0 84.2392
    endloop
  endfacet
  facet normal 0.14668 0 -0.989184
    outer loop
      vertex -50.2205 1.41167 84.2392
      vertex -50.439 0 84.2068
      vertex -50.439 1.41167 84.2068
    endloop
  endfacet
  facet normal -0.941527 0 0.336939
    outer loop
      vertex -47.9213 0 81.139
      vertex -47.8469 1.41167 81.3469
      vertex -47.9213 1.41167 81.139
    endloop
  endfacet
  facet normal -0.941527 0 0.336939
    outer loop
      vertex -47.8469 1.41167 81.3469
      vertex -47.9213 0 81.139
      vertex -47.8469 0 81.3469
    endloop
  endfacet
  facet normal 0.0489209 0 0.998803
    outer loop
      vertex -50.2205 1.41167 79.7608
      vertex -50 0 79.75
      vertex -50 1.41167 79.75
    endloop
  endfacet
  facet normal 0.0489209 0 0.998803
    outer loop
      vertex -50 0 79.75
      vertex -50.2205 1.41167 79.7608
      vertex -50.2205 0 79.7608
    endloop
  endfacet
  facet normal -0.0489209 0 -0.998803
    outer loop
      vertex -50 0 84.25
      vertex -49.7795 1.41167 84.2392
      vertex -49.7795 0 84.2392
    endloop
  endfacet
  facet normal -0.0489209 0 -0.998803
    outer loop
      vertex -49.7795 1.41167 84.2392
      vertex -50 0 84.25
      vertex -50 1.41167 84.25
    endloop
  endfacet
  facet normal 0.903996 0 -0.427541
    outer loop
      vertex -51.9843 0 83.0606
      vertex -52.0787 1.41167 82.861
      vertex -51.9843 1.41167 83.0606
    endloop
  endfacet
  facet normal 0.903996 0 -0.427541
    outer loop
      vertex -52.0787 1.41167 82.861
      vertex -51.9843 0 83.0606
      vertex -52.0787 0 82.861
    endloop
  endfacet
  facet normal 0.595498 0 -0.803357
    outer loop
      vertex -51.4274 0 83.7393
      vertex -51.25 1.41167 83.8708
      vertex -51.25 0 83.8708
    endloop
  endfacet
  facet normal 0.595498 0 -0.803357
    outer loop
      vertex -51.25 1.41167 83.8708
      vertex -51.4274 0 83.7393
      vertex -51.4274 1.41167 83.7393
    endloop
  endfacet
  facet normal 0.803357 -0 0.595498
    outer loop
      vertex -51.8708 0 80.75
      vertex -51.7393 1.41167 80.5726
      vertex -51.8708 1.41167 80.75
    endloop
  endfacet
  facet normal 0.803357 0 0.595498
    outer loop
      vertex -51.7393 1.41167 80.5726
      vertex -51.8708 0 80.75
      vertex -51.7393 0 80.5726
    endloop
  endfacet
  facet normal -0.969982 0 -0.243175
    outer loop
      vertex -47.7932 0 82.4389
      vertex -47.8469 1.41167 82.6531
      vertex -47.7932 1.41167 82.4389
    endloop
  endfacet
  facet normal -0.969982 -0 -0.243175
    outer loop
      vertex -47.8469 1.41167 82.6531
      vertex -47.7932 0 82.4389
      vertex -47.8469 0 82.6531
    endloop
  endfacet
  facet normal -0.857773 0 0.514029
    outer loop
      vertex -48.1292 0 80.75
      vertex -48.0157 1.41167 80.9394
      vertex -48.1292 1.41167 80.75
    endloop
  endfacet
  facet normal -0.857773 0 0.514029
    outer loop
      vertex -48.0157 1.41167 80.9394
      vertex -48.1292 0 80.75
      vertex -48.0157 0 80.9394
    endloop
  endfacet
  facet normal 0.998803 0 -0.0489209
    outer loop
      vertex -52.2392 0 82.2205
      vertex -52.25 1.41167 82
      vertex -52.2392 1.41167 82.2205
    endloop
  endfacet
  facet normal 0.998803 0 -0.0489209
    outer loop
      vertex -52.25 1.41167 82
      vertex -52.2392 0 82.2205
      vertex -52.25 0 82
    endloop
  endfacet
  facet normal -0.903996 0 0.427541
    outer loop
      vertex -48.0157 0 80.9394
      vertex -47.9213 1.41167 81.139
      vertex -48.0157 1.41167 80.9394
    endloop
  endfacet
  facet normal -0.903996 0 0.427541
    outer loop
      vertex -47.9213 1.41167 81.139
      vertex -48.0157 0 80.9394
      vertex -47.9213 0 81.139
    endloop
  endfacet
  facet normal -0.941527 0 -0.336939
    outer loop
      vertex -47.8469 0 82.6531
      vertex -47.9213 1.41167 82.861
      vertex -47.8469 1.41167 82.6531
    endloop
  endfacet
  facet normal -0.941527 -0 -0.336939
    outer loop
      vertex -47.9213 1.41167 82.861
      vertex -47.8469 0 82.6531
      vertex -47.9213 0 82.861
    endloop
  endfacet
  facet normal 0.427541 0 -0.903996
    outer loop
      vertex -51.0606 0 83.9843
      vertex -50.861 1.41167 84.0787
      vertex -50.861 0 84.0787
    endloop
  endfacet
  facet normal 0.427541 0 -0.903996
    outer loop
      vertex -50.861 1.41167 84.0787
      vertex -51.0606 0 83.9843
      vertex -51.0606 1.41167 83.9843
    endloop
  endfacet
  facet normal 0.969982 0 -0.243175
    outer loop
      vertex -52.1531 0 82.6531
      vertex -52.2068 1.41167 82.4389
      vertex -52.1531 1.41167 82.6531
    endloop
  endfacet
  facet normal 0.969982 0 -0.243175
    outer loop
      vertex -52.2068 1.41167 82.4389
      vertex -52.1531 0 82.6531
      vertex -52.2068 0 82.4389
    endloop
  endfacet
  facet normal 0.740902 -0 0.671613
    outer loop
      vertex -51.7393 0 80.5726
      vertex -51.591 1.41167 80.409
      vertex -51.7393 1.41167 80.5726
    endloop
  endfacet
  facet normal 0.740902 0 0.671613
    outer loop
      vertex -51.591 1.41167 80.409
      vertex -51.7393 0 80.5726
      vertex -51.591 0 80.409
    endloop
  endfacet
  facet normal 0.243282 0 -0.969956
    outer loop
      vertex -50.6531 0 84.1531
      vertex -50.439 1.41167 84.2068
      vertex -50.439 0 84.2068
    endloop
  endfacet
  facet normal 0.243282 0 -0.969956
    outer loop
      vertex -50.439 1.41167 84.2068
      vertex -50.6531 0 84.1531
      vertex -50.6531 1.41167 84.1531
    endloop
  endfacet
  facet normal 0.514029 0 0.857773
    outer loop
      vertex -51.25 1.41167 80.1292
      vertex -51.0606 0 80.0157
      vertex -51.0606 1.41167 80.0157
    endloop
  endfacet
  facet normal 0.514029 0 0.857773
    outer loop
      vertex -51.0606 0 80.0157
      vertex -51.25 1.41167 80.1292
      vertex -51.25 0 80.1292
    endloop
  endfacet
  facet normal -0.803357 0 0.595498
    outer loop
      vertex -48.2607 0 80.5726
      vertex -48.1292 1.41167 80.75
      vertex -48.2607 1.41167 80.5726
    endloop
  endfacet
  facet normal -0.803357 0 0.595498
    outer loop
      vertex -48.1292 1.41167 80.75
      vertex -48.2607 0 80.5726
      vertex -48.1292 0 80.75
    endloop
  endfacet
  facet normal 0.14668 0 0.989184
    outer loop
      vertex -50.439 1.41167 79.7932
      vertex -50.2205 0 79.7608
      vertex -50.2205 1.41167 79.7608
    endloop
  endfacet
  facet normal 0.14668 0 0.989184
    outer loop
      vertex -50.2205 0 79.7608
      vertex -50.439 1.41167 79.7932
      vertex -50.439 0 79.7932
    endloop
  endfacet
  facet normal -0.427541 0 -0.903996
    outer loop
      vertex -49.139 0 84.0787
      vertex -48.9394 1.41167 83.9843
      vertex -48.9394 0 83.9843
    endloop
  endfacet
  facet normal -0.427541 0 -0.903996
    outer loop
      vertex -48.9394 1.41167 83.9843
      vertex -49.139 0 84.0787
      vertex -49.139 1.41167 84.0787
    endloop
  endfacet
  facet normal 0.671613 0 0.740902
    outer loop
      vertex -51.591 1.41167 80.409
      vertex -51.4274 0 80.2607
      vertex -51.4274 1.41167 80.2607
    endloop
  endfacet
  facet normal 0.671613 0 0.740902
    outer loop
      vertex -51.4274 0 80.2607
      vertex -51.591 1.41167 80.409
      vertex -51.591 0 80.409
    endloop
  endfacet
  facet normal -0.857773 0 -0.514029
    outer loop
      vertex -48.0157 0 83.0606
      vertex -48.1292 1.41167 83.25
      vertex -48.0157 1.41167 83.0606
    endloop
  endfacet
  facet normal -0.857773 -0 -0.514029
    outer loop
      vertex -48.1292 1.41167 83.25
      vertex -48.0157 0 83.0606
      vertex -48.1292 0 83.25
    endloop
  endfacet
  facet normal 0.595498 0 0.803357
    outer loop
      vertex -51.4274 1.41167 80.2607
      vertex -51.25 0 80.1292
      vertex -51.25 1.41167 80.1292
    endloop
  endfacet
  facet normal 0.595498 0 0.803357
    outer loop
      vertex -51.25 0 80.1292
      vertex -51.4274 1.41167 80.2607
      vertex -51.4274 0 80.2607
    endloop
  endfacet
  facet normal -0.336939 0 0.941527
    outer loop
      vertex -49.3469 1.41167 79.8469
      vertex -49.139 0 79.9213
      vertex -49.139 1.41167 79.9213
    endloop
  endfacet
  facet normal -0.336939 0 0.941527
    outer loop
      vertex -49.139 0 79.9213
      vertex -49.3469 1.41167 79.8469
      vertex -49.3469 0 79.8469
    endloop
  endfacet
  facet normal -0.740902 0 0.671613
    outer loop
      vertex -48.409 0 80.409
      vertex -48.2607 1.41167 80.5726
      vertex -48.409 1.41167 80.409
    endloop
  endfacet
  facet normal -0.740902 0 0.671613
    outer loop
      vertex -48.2607 1.41167 80.5726
      vertex -48.409 0 80.409
      vertex -48.2607 0 80.5726
    endloop
  endfacet
  facet normal -0.998803 0 -0.0489209
    outer loop
      vertex -47.75 0 82
      vertex -47.7608 1.41167 82.2205
      vertex -47.75 1.41167 82
    endloop
  endfacet
  facet normal -0.998803 -0 -0.0489209
    outer loop
      vertex -47.7608 1.41167 82.2205
      vertex -47.75 0 82
      vertex -47.7608 0 82.2205
    endloop
  endfacet
  facet normal 0.941527 0 -0.336939
    outer loop
      vertex -52.0787 0 82.861
      vertex -52.1531 1.41167 82.6531
      vertex -52.0787 1.41167 82.861
    endloop
  endfacet
  facet normal 0.941527 0 -0.336939
    outer loop
      vertex -52.1531 1.41167 82.6531
      vertex -52.0787 0 82.861
      vertex -52.1531 0 82.6531
    endloop
  endfacet
  facet normal -0.514029 0 0.857773
    outer loop
      vertex -48.9394 1.41167 80.0157
      vertex -48.75 0 80.1292
      vertex -48.75 1.41167 80.1292
    endloop
  endfacet
  facet normal -0.514029 0 0.857773
    outer loop
      vertex -48.75 0 80.1292
      vertex -48.9394 1.41167 80.0157
      vertex -48.9394 0 80.0157
    endloop
  endfacet
  facet normal -0.595498 0 0.803357
    outer loop
      vertex -48.75 1.41167 80.1292
      vertex -48.5726 0 80.2607
      vertex -48.5726 1.41167 80.2607
    endloop
  endfacet
  facet normal -0.595498 0 0.803357
    outer loop
      vertex -48.5726 0 80.2607
      vertex -48.75 1.41167 80.1292
      vertex -48.75 0 80.1292
    endloop
  endfacet
  facet normal -0.14668 0 -0.989184
    outer loop
      vertex -49.7795 0 84.2392
      vertex -49.561 1.41167 84.2068
      vertex -49.561 0 84.2068
    endloop
  endfacet
  facet normal -0.14668 0 -0.989184
    outer loop
      vertex -49.561 1.41167 84.2068
      vertex -49.7795 0 84.2392
      vertex -49.7795 1.41167 84.2392
    endloop
  endfacet
  facet normal -0.740902 0 -0.671613
    outer loop
      vertex -48.2607 0 83.4274
      vertex -48.409 1.41167 83.591
      vertex -48.2607 1.41167 83.4274
    endloop
  endfacet
  facet normal -0.740902 -0 -0.671613
    outer loop
      vertex -48.409 1.41167 83.591
      vertex -48.2607 0 83.4274
      vertex -48.409 0 83.591
    endloop
  endfacet
  facet normal -0.803357 0 -0.595498
    outer loop
      vertex -48.1292 0 83.25
      vertex -48.2607 1.41167 83.4274
      vertex -48.1292 1.41167 83.25
    endloop
  endfacet
  facet normal -0.803357 -0 -0.595498
    outer loop
      vertex -48.2607 1.41167 83.4274
      vertex -48.1292 0 83.25
      vertex -48.2607 0 83.4274
    endloop
  endfacet
  facet normal -0.243282 0 -0.969956
    outer loop
      vertex -49.561 0 84.2068
      vertex -49.3469 1.41167 84.1531
      vertex -49.3469 0 84.1531
    endloop
  endfacet
  facet normal -0.243282 0 -0.969956
    outer loop
      vertex -49.3469 1.41167 84.1531
      vertex -49.561 0 84.2068
      vertex -49.561 1.41167 84.2068
    endloop
  endfacet
  facet normal -0.903996 0 -0.427541
    outer loop
      vertex -47.9213 0 82.861
      vertex -48.0157 1.41167 83.0606
      vertex -47.9213 1.41167 82.861
    endloop
  endfacet
  facet normal -0.903996 -0 -0.427541
    outer loop
      vertex -48.0157 1.41167 83.0606
      vertex -47.9213 0 82.861
      vertex -48.0157 0 83.0606
    endloop
  endfacet
  facet normal 0.243282 0 0.969956
    outer loop
      vertex -50.6531 1.41167 79.8469
      vertex -50.439 0 79.7932
      vertex -50.439 1.41167 79.7932
    endloop
  endfacet
  facet normal 0.243282 0 0.969956
    outer loop
      vertex -50.439 0 79.7932
      vertex -50.6531 1.41167 79.8469
      vertex -50.6531 0 79.8469
    endloop
  endfacet
  facet normal 0.941527 -0 0.336939
    outer loop
      vertex -52.1531 0 81.3469
      vertex -52.0787 1.41167 81.139
      vertex -52.1531 1.41167 81.3469
    endloop
  endfacet
  facet normal 0.941527 0 0.336939
    outer loop
      vertex -52.0787 1.41167 81.139
      vertex -52.1531 0 81.3469
      vertex -52.0787 0 81.139
    endloop
  endfacet
  facet normal 0.427541 0 0.903996
    outer loop
      vertex -51.0606 1.41167 80.0157
      vertex -50.861 0 79.9213
      vertex -50.861 1.41167 79.9213
    endloop
  endfacet
  facet normal 0.427541 0 0.903996
    outer loop
      vertex -50.861 0 79.9213
      vertex -51.0606 1.41167 80.0157
      vertex -51.0606 0 80.0157
    endloop
  endfacet
  facet normal 0.989174 -0 0.146746
    outer loop
      vertex -52.2392 0 81.7795
      vertex -52.2068 1.41167 81.5611
      vertex -52.2392 1.41167 81.7795
    endloop
  endfacet
  facet normal 0.989174 0 0.146746
    outer loop
      vertex -52.2068 1.41167 81.5611
      vertex -52.2392 0 81.7795
      vertex -52.2068 0 81.5611
    endloop
  endfacet
  facet normal 0.969982 -0 0.243175
    outer loop
      vertex -52.2068 0 81.5611
      vertex -52.1531 1.41167 81.3469
      vertex -52.2068 1.41167 81.5611
    endloop
  endfacet
  facet normal 0.969982 0 0.243175
    outer loop
      vertex -52.1531 1.41167 81.3469
      vertex -52.2068 0 81.5611
      vertex -52.1531 0 81.3469
    endloop
  endfacet
  facet normal -0.427541 0 0.903996
    outer loop
      vertex -49.139 1.41167 79.9213
      vertex -48.9394 0 80.0157
      vertex -48.9394 1.41167 80.0157
    endloop
  endfacet
  facet normal -0.427541 0 0.903996
    outer loop
      vertex -48.9394 0 80.0157
      vertex -49.139 1.41167 79.9213
      vertex -49.139 0 79.9213
    endloop
  endfacet
  facet normal -0.989174 0 -0.146746
    outer loop
      vertex -47.7608 0 82.2205
      vertex -47.7932 1.41167 82.4389
      vertex -47.7608 1.41167 82.2205
    endloop
  endfacet
  facet normal -0.989174 -0 -0.146746
    outer loop
      vertex -47.7932 1.41167 82.4389
      vertex -47.7608 0 82.2205
      vertex -47.7932 0 82.4389
    endloop
  endfacet
  facet normal -0.14668 0 0.989184
    outer loop
      vertex -49.7795 1.41167 79.7608
      vertex -49.561 0 79.7932
      vertex -49.561 1.41167 79.7932
    endloop
  endfacet
  facet normal -0.14668 0 0.989184
    outer loop
      vertex -49.561 0 79.7932
      vertex -49.7795 1.41167 79.7608
      vertex -49.7795 0 79.7608
    endloop
  endfacet
  facet normal -0.0489209 0 0.998803
    outer loop
      vertex -50 1.41167 79.75
      vertex -49.7795 0 79.7608
      vertex -49.7795 1.41167 79.7608
    endloop
  endfacet
  facet normal -0.0489209 0 0.998803
    outer loop
      vertex -49.7795 0 79.7608
      vertex -50 1.41167 79.75
      vertex -50 0 79.75
    endloop
  endfacet
  facet normal 0.740902 0 -0.671613
    outer loop
      vertex -51.591 0 83.591
      vertex -51.7393 1.41167 83.4274
      vertex -51.591 1.41167 83.591
    endloop
  endfacet
  facet normal 0.740902 0 -0.671613
    outer loop
      vertex -51.7393 1.41167 83.4274
      vertex -51.591 0 83.591
      vertex -51.7393 0 83.4274
    endloop
  endfacet
  facet normal 0.857773 0 -0.514029
    outer loop
      vertex -51.8708 0 83.25
      vertex -51.9843 1.41167 83.0606
      vertex -51.8708 1.41167 83.25
    endloop
  endfacet
  facet normal 0.857773 0 -0.514029
    outer loop
      vertex -51.9843 1.41167 83.0606
      vertex -51.8708 0 83.25
      vertex -51.9843 0 83.0606
    endloop
  endfacet
  facet normal 0.336939 0 0.941527
    outer loop
      vertex -50.861 1.41167 79.9213
      vertex -50.6531 0 79.8469
      vertex -50.6531 1.41167 79.8469
    endloop
  endfacet
  facet normal 0.336939 0 0.941527
    outer loop
      vertex -50.6531 0 79.8469
      vertex -50.861 1.41167 79.9213
      vertex -50.861 0 79.9213
    endloop
  endfacet
  facet normal 0.514029 0 -0.857773
    outer loop
      vertex -51.25 0 83.8708
      vertex -51.0606 1.41167 83.9843
      vertex -51.0606 0 83.9843
    endloop
  endfacet
  facet normal 0.514029 0 -0.857773
    outer loop
      vertex -51.0606 1.41167 83.9843
      vertex -51.25 0 83.8708
      vertex -51.25 1.41167 83.8708
    endloop
  endfacet
  facet normal -0.595498 0 -0.803357
    outer loop
      vertex -48.75 0 83.8708
      vertex -48.5726 1.41167 83.7393
      vertex -48.5726 0 83.7393
    endloop
  endfacet
  facet normal -0.595498 0 -0.803357
    outer loop
      vertex -48.5726 1.41167 83.7393
      vertex -48.75 0 83.8708
      vertex -48.75 1.41167 83.8708
    endloop
  endfacet
  facet normal 0.336939 0 -0.941527
    outer loop
      vertex -50.861 0 84.0787
      vertex -50.6531 1.41167 84.1531
      vertex -50.6531 0 84.1531
    endloop
  endfacet
  facet normal 0.336939 0 -0.941527
    outer loop
      vertex -50.6531 1.41167 84.1531
      vertex -50.861 0 84.0787
      vertex -50.861 1.41167 84.0787
    endloop
  endfacet
  facet normal 0.803357 0 -0.595498
    outer loop
      vertex -51.7393 0 83.4274
      vertex -51.8708 1.41167 83.25
      vertex -51.7393 1.41167 83.4274
    endloop
  endfacet
  facet normal 0.803357 0 -0.595498
    outer loop
      vertex -51.8708 1.41167 83.25
      vertex -51.7393 0 83.4274
      vertex -51.8708 0 83.25
    endloop
  endfacet
  facet normal 0.903996 -0 0.427541
    outer loop
      vertex -52.0787 0 81.139
      vertex -51.9843 1.41167 80.9394
      vertex -52.0787 1.41167 81.139
    endloop
  endfacet
  facet normal 0.903996 0 0.427541
    outer loop
      vertex -51.9843 1.41167 80.9394
      vertex -52.0787 0 81.139
      vertex -51.9843 0 80.9394
    endloop
  endfacet
  facet normal 0.989174 0 -0.146746
    outer loop
      vertex -52.2068 0 82.4389
      vertex -52.2392 1.41167 82.2205
      vertex -52.2068 1.41167 82.4389
    endloop
  endfacet
  facet normal 0.989174 0 -0.146746
    outer loop
      vertex -52.2392 1.41167 82.2205
      vertex -52.2068 0 82.4389
      vertex -52.2392 0 82.2205
    endloop
  endfacet
  facet normal -0.243282 0 0.969956
    outer loop
      vertex -49.561 1.41167 79.7932
      vertex -49.3469 0 79.8469
      vertex -49.3469 1.41167 79.8469
    endloop
  endfacet
  facet normal -0.243282 0 0.969956
    outer loop
      vertex -49.3469 0 79.8469
      vertex -49.561 1.41167 79.7932
      vertex -49.561 0 79.7932
    endloop
  endfacet
  facet normal -0.514029 0 -0.857773
    outer loop
      vertex -48.9394 0 83.9843
      vertex -48.75 1.41167 83.8708
      vertex -48.75 0 83.8708
    endloop
  endfacet
  facet normal -0.514029 0 -0.857773
    outer loop
      vertex -48.75 1.41167 83.8708
      vertex -48.9394 0 83.9843
      vertex -48.9394 1.41167 83.9843
    endloop
  endfacet
  facet normal 0.671613 0 -0.740902
    outer loop
      vertex -51.591 0 83.591
      vertex -51.4274 1.41167 83.7393
      vertex -51.4274 0 83.7393
    endloop
  endfacet
  facet normal 0.671613 0 -0.740902
    outer loop
      vertex -51.4274 1.41167 83.7393
      vertex -51.591 0 83.591
      vertex -51.591 1.41167 83.591
    endloop
  endfacet
  facet normal 0.0489209 0 -0.998803
    outer loop
      vertex -50.2205 0 84.2392
      vertex -50 1.41167 84.25
      vertex -50 0 84.25
    endloop
  endfacet
  facet normal 0.0489209 0 -0.998803
    outer loop
      vertex -50 1.41167 84.25
      vertex -50.2205 0 84.2392
      vertex -50.2205 1.41167 84.2392
    endloop
  endfacet
  facet normal 0.998803 -0 0.0489209
    outer loop
      vertex -52.25 0 82
      vertex -52.2392 1.41167 81.7795
      vertex -52.25 1.41167 82
    endloop
  endfacet
  facet normal 0.998803 0 0.0489209
    outer loop
      vertex -52.2392 1.41167 81.7795
      vertex -52.25 0 82
      vertex -52.2392 0 81.7795
    endloop
  endfacet
  facet normal -0.671613 0 -0.740902
    outer loop
      vertex -48.5726 0 83.7393
      vertex -48.409 1.41167 83.591
      vertex -48.409 0 83.591
    endloop
  endfacet
  facet normal -0.671613 0 -0.740902
    outer loop
      vertex -48.409 1.41167 83.591
      vertex -48.5726 0 83.7393
      vertex -48.5726 1.41167 83.7393
    endloop
  endfacet
  facet normal 0.556868 0.65961 0.50479
    outer loop
      vertex -53.4867 4 79.1181
      vertex -51.7393 1.41167 80.5726
      vertex -51.591 1.41167 80.409
    endloop
  endfacet
  facet normal 0.557003 0.659614 0.504635
    outer loop
      vertex -51.7393 1.41167 80.5726
      vertex -53.4867 4 79.1181
      vertex -53.4973 4 79.1298
    endloop
  endfacet
  facet normal 0.110249 0.659612 0.743476
    outer loop
      vertex -50.2205 1.41167 79.7608
      vertex -50.4435 4 77.4975
      vertex -50.867 4 77.5603
    endloop
  endfacet
  facet normal 0.182578 0.659622 -0.729085
    outer loop
      vertex -50.898 4 86.4335
      vertex -50.6531 1.41167 84.1531
      vertex -51.3133 4 86.3295
    endloop
  endfacet
  facet normal -0.750696 0.659618 0.0368677
    outer loop
      vertex -45.4757 4 82
      vertex -45.4967 4 81.5724
      vertex -47.75 1.41167 82
    endloop
  endfacet
  facet normal -0.750639 0.659632 0.037768
    outer loop
      vertex -47.7608 1.41167 81.7795
      vertex -45.4967 4 81.5724
      vertex -45.4975 4 81.5565
    endloop
  endfacet
  facet normal -0.750707 0.659611 0.0367693
    outer loop
      vertex -45.4967 4 81.5724
      vertex -47.7608 1.41167 81.7795
      vertex -47.75 1.41167 82
    endloop
  endfacet
  facet normal -0.182578 0.659622 -0.729085
    outer loop
      vertex -49.102 4 86.4335
      vertex -48.6867 4 86.3295
      vertex -49.3469 1.41167 84.1531
    endloop
  endfacet
  facet normal -0.321443 0.659612 -0.679401
    outer loop
      vertex -48.2543 4 86.1731
      vertex -47.8673 4 85.99
      vertex -48.9394 1.41167 83.9843
    endloop
  endfacet
  facet normal 0.0368677 0.659618 -0.750696
    outer loop
      vertex -50 4 86.5243
      vertex -50 1.41167 84.25
      vertex -50.4276 4 86.5033
    endloop
  endfacet
  facet normal 0.707645 0.659621 -0.253257
    outer loop
      vertex -54.1852 4 83.7165
      vertex -52.1531 1.41167 82.6531
      vertex -54.3295 4 83.3133
    endloop
  endfacet
  facet normal -0.447784 0.659612 -0.603657
    outer loop
      vertex -47.4737 4 85.7524
      vertex -47.1298 4 85.4973
      vertex -48.5726 1.41167 83.7393
    endloop
  endfacet
  facet normal -0.447571 0.659629 0.603796
    outer loop
      vertex -47.4737 4 78.2476
      vertex -48.75 1.41167 80.1292
      vertex -48.5726 1.41167 80.2607
    endloop
  endfacet
  facet normal -0.44484 0.659695 0.605739
    outer loop
      vertex -48.75 1.41167 80.1292
      vertex -47.4737 4 78.2476
      vertex -47.4865 4 78.2382
    endloop
  endfacet
  facet normal 0.182578 0.659622 0.729085
    outer loop
      vertex -50.6531 1.41167 79.8469
      vertex -50.898 4 77.5665
      vertex -51.3133 4 77.6705
    endloop
  endfacet
  facet normal 0.678852 0.65951 -0.322811
    outer loop
      vertex -51.9843 1.41167 83.0606
      vertex -54.1799 4 83.7314
      vertex -54.1731 4 83.7457
    endloop
  endfacet
  facet normal 0.679438 0.659625 -0.321338
    outer loop
      vertex -54.1799 4 83.7314
      vertex -51.9843 1.41167 83.0606
      vertex -52.0787 1.41167 82.861
    endloop
  endfacet
  facet normal 0.603796 0.659629 0.447571
    outer loop
      vertex -53.7524 4 79.4737
      vertex -51.8708 1.41167 80.75
      vertex -51.7393 1.41167 80.5726
    endloop
  endfacet
  facet normal 0.605739 0.659695 0.44484
    outer loop
      vertex -51.8708 1.41167 80.75
      vertex -53.7524 4 79.4737
      vertex -53.7618 4 79.4865
    endloop
  endfacet
  facet normal 0.447571 0.659629 0.603796
    outer loop
      vertex -51.25 1.41167 80.1292
      vertex -52.5263 4 78.2476
      vertex -51.4274 1.41167 80.2607
    endloop
  endfacet
  facet normal 0.44484 0.659695 0.605739
    outer loop
      vertex -52.5263 4 78.2476
      vertex -51.25 1.41167 80.1292
      vertex -52.5135 4 78.2382
    endloop
  endfacet
  facet normal 0.321443 0.659612 -0.679401
    outer loop
      vertex -51.7457 4 86.1731
      vertex -51.0606 1.41167 83.9843
      vertex -52.1327 4 85.99
    endloop
  endfacet
  facet normal -0.504855 0.659604 0.556815
    outer loop
      vertex -46.8009 4 78.8009
      vertex -47.1181 4 78.5133
      vertex -48.409 1.41167 80.409
    endloop
  endfacet
  facet normal -0.743466 0.659616 -0.110294
    outer loop
      vertex -47.7932 1.41167 82.4389
      vertex -45.5603 4 82.867
      vertex -47.7608 1.41167 82.2205
    endloop
  endfacet
  facet normal -0.742795 0.659695 -0.114276
    outer loop
      vertex -45.5603 4 82.867
      vertex -47.7932 1.41167 82.4389
      vertex -45.5627 4 82.8826
    endloop
  endfacet
  facet normal 0.504635 0.659614 -0.557003
    outer loop
      vertex -51.4274 1.41167 83.7393
      vertex -52.8819 4 85.4867
      vertex -52.8702 4 85.4973
    endloop
  endfacet
  facet normal 0.50479 0.65961 -0.556868
    outer loop
      vertex -52.8819 4 85.4867
      vertex -51.4274 1.41167 83.7393
      vertex -51.591 1.41167 83.591
    endloop
  endfacet
  facet normal 0.72956 0.659799 -0.180021
    outer loop
      vertex -52.1531 1.41167 82.6531
      vertex -54.4373 4 82.8826
      vertex -54.4335 4 82.898
    endloop
  endfacet
  facet normal 0.729057 0.659598 -0.182775
    outer loop
      vertex -54.4373 4 82.8826
      vertex -52.1531 1.41167 82.6531
      vertex -52.2068 1.41167 82.4389
    endloop
  endfacet
  facet normal -0.729057 0.659598 -0.182775
    outer loop
      vertex -47.8469 1.41167 82.6531
      vertex -45.5627 4 82.8826
      vertex -47.7932 1.41167 82.4389
    endloop
  endfacet
  facet normal -0.72956 0.659799 -0.180021
    outer loop
      vertex -45.5627 4 82.8826
      vertex -47.8469 1.41167 82.6531
      vertex -45.5665 4 82.898
    endloop
  endfacet
  facet normal 0.70816 0.65959 -0.251896
    outer loop
      vertex -52.0787 1.41167 82.861
      vertex -54.1852 4 83.7165
      vertex -54.1799 4 83.7314
    endloop
  endfacet
  facet normal 0.70765 0.65962 -0.253243
    outer loop
      vertex -54.1852 4 83.7165
      vertex -52.0787 1.41167 82.861
      vertex -52.1531 1.41167 82.6531
    endloop
  endfacet
  facet normal -0.644714 0.659612 -0.386337
    outer loop
      vertex -46.2301 4 84.5
      vertex -46.01 4 84.1327
      vertex -48.0157 1.41167 83.0606
    endloop
  endfacet
  facet normal -0.322811 0.65951 -0.678852
    outer loop
      vertex -48.9394 1.41167 83.9843
      vertex -48.2686 4 86.1799
      vertex -48.2543 4 86.1731
    endloop
  endfacet
  facet normal -0.321338 0.659625 -0.679438
    outer loop
      vertex -48.2686 4 86.1799
      vertex -48.9394 1.41167 83.9843
      vertex -49.139 1.41167 84.0787
    endloop
  endfacet
  facet normal -0.556815 0.659604 -0.504855
    outer loop
      vertex -46.8009 4 85.1991
      vertex -46.5133 4 84.8819
      vertex -48.409 1.41167 83.591
    endloop
  endfacet
  facet normal 0.556815 0.659604 0.504855
    outer loop
      vertex -51.591 1.41167 80.409
      vertex -53.1991 4 78.8009
      vertex -53.4867 4 79.1181
    endloop
  endfacet
  facet normal -0.504635 0.659614 -0.557003
    outer loop
      vertex -47.1181 4 85.4867
      vertex -48.5726 1.41167 83.7393
      vertex -47.1298 4 85.4973
    endloop
  endfacet
  facet normal -0.50479 0.65961 -0.556868
    outer loop
      vertex -48.5726 1.41167 83.7393
      vertex -47.1181 4 85.4867
      vertex -48.409 1.41167 83.591
    endloop
  endfacet
  facet normal 0.253313 0.65962 0.707626
    outer loop
      vertex -50.6531 1.41167 79.8469
      vertex -51.3133 4 77.6705
      vertex -51.7164 4 77.8148
    endloop
  endfacet
  facet normal -0.743476 0.659612 -0.110249
    outer loop
      vertex -45.5603 4 82.867
      vertex -45.4975 4 82.4435
      vertex -47.7608 1.41167 82.2205
    endloop
  endfacet
  facet normal -0.64449 0.659622 -0.386694
    outer loop
      vertex -46.2301 4 84.5
      vertex -48.1292 1.41167 83.25
      vertex -46.2382 4 84.5135
    endloop
  endfacet
  facet normal -0.644706 0.659613 -0.386347
    outer loop
      vertex -48.1292 1.41167 83.25
      vertex -46.2301 4 84.5
      vertex -48.0157 1.41167 83.0606
    endloop
  endfacet
  facet normal -0.750707 0.659611 -0.0367693
    outer loop
      vertex -47.7608 1.41167 82.2205
      vertex -45.4967 4 82.4276
      vertex -47.75 1.41167 82
    endloop
  endfacet
  facet normal -0.750639 0.659632 -0.037768
    outer loop
      vertex -45.4967 4 82.4276
      vertex -47.7608 1.41167 82.2205
      vertex -45.4975 4 82.4435
    endloop
  endfacet
  facet normal -0.750696 0.659618 -0.0368677
    outer loop
      vertex -45.4967 4 82.4276
      vertex -45.4757 4 82
      vertex -47.75 1.41167 82
    endloop
  endfacet
  facet normal -0.250415 0.659549 -0.708723
    outer loop
      vertex -49.139 1.41167 84.0787
      vertex -48.2836 4 86.1852
      vertex -48.2686 4 86.1799
    endloop
  endfacet
  facet normal -0.253245 0.659615 -0.707655
    outer loop
      vertex -48.2836 4 86.1852
      vertex -49.139 1.41167 84.0787
      vertex -49.3469 1.41167 84.1531
    endloop
  endfacet
  facet normal -0.605739 0.659695 -0.44484
    outer loop
      vertex -48.1292 1.41167 83.25
      vertex -46.2476 4 84.5263
      vertex -46.2382 4 84.5135
    endloop
  endfacet
  facet normal -0.603796 0.659629 -0.447571
    outer loop
      vertex -46.2476 4 84.5263
      vertex -48.1292 1.41167 83.25
      vertex -48.2607 1.41167 83.4274
    endloop
  endfacet
  facet normal 0.679438 0.659625 0.321338
    outer loop
      vertex -51.9843 1.41167 80.9394
      vertex -54.1799 4 80.2686
      vertex -52.0787 1.41167 81.139
    endloop
  endfacet
  facet normal 0.678852 0.65951 0.322811
    outer loop
      vertex -54.1799 4 80.2686
      vertex -51.9843 1.41167 80.9394
      vertex -54.1731 4 80.2543
    endloop
  endfacet
  facet normal -0.250415 0.659549 0.708723
    outer loop
      vertex -48.2836 4 77.8148
      vertex -49.139 1.41167 79.9213
      vertex -48.2686 4 77.8201
    endloop
  endfacet
  facet normal -0.253245 0.659615 0.707655
    outer loop
      vertex -49.139 1.41167 79.9213
      vertex -48.2836 4 77.8148
      vertex -49.3469 1.41167 79.8469
    endloop
  endfacet
  facet normal -0.253313 0.65962 -0.707626
    outer loop
      vertex -48.6867 4 86.3295
      vertex -48.2836 4 86.1852
      vertex -49.3469 1.41167 84.1531
    endloop
  endfacet
  facet normal 0.0367693 0.659611 -0.750707
    outer loop
      vertex -50.2205 1.41167 84.2392
      vertex -50.4276 4 86.5033
      vertex -50 1.41167 84.25
    endloop
  endfacet
  facet normal 0.037768 0.659632 -0.750639
    outer loop
      vertex -50.4276 4 86.5033
      vertex -50.2205 1.41167 84.2392
      vertex -50.4435 4 86.5025
    endloop
  endfacet
  facet normal 0.743476 0.659612 -0.110249
    outer loop
      vertex -54.4397 4 82.867
      vertex -52.2392 1.41167 82.2205
      vertex -54.5025 4 82.4435
    endloop
  endfacet
  facet normal 0.556815 0.659604 -0.504855
    outer loop
      vertex -53.1991 4 85.1991
      vertex -51.591 1.41167 83.591
      vertex -53.4867 4 84.8819
    endloop
  endfacet
  facet normal -0.603657 0.659612 -0.447784
    outer loop
      vertex -46.5027 4 84.8702
      vertex -46.2476 4 84.5263
      vertex -48.2607 1.41167 83.4274
    endloop
  endfacet
  facet normal -0.679401 0.659612 -0.321443
    outer loop
      vertex -46.01 4 84.1327
      vertex -45.8269 4 83.7457
      vertex -48.0157 1.41167 83.0606
    endloop
  endfacet
  facet normal -0.504855 0.659604 -0.556815
    outer loop
      vertex -47.1181 4 85.4867
      vertex -46.8009 4 85.1991
      vertex -48.409 1.41167 83.591
    endloop
  endfacet
  facet normal -0.729085 0.659622 -0.182578
    outer loop
      vertex -45.6705 4 83.3133
      vertex -45.5665 4 82.898
      vertex -47.8469 1.41167 82.6531
    endloop
  endfacet
  facet normal -0.679438 0.659625 -0.321338
    outer loop
      vertex -48.0157 1.41167 83.0606
      vertex -45.8201 4 83.7314
      vertex -47.9213 1.41167 82.861
    endloop
  endfacet
  facet normal -0.678852 0.65951 -0.322811
    outer loop
      vertex -45.8201 4 83.7314
      vertex -48.0157 1.41167 83.0606
      vertex -45.8269 4 83.7457
    endloop
  endfacet
  facet normal -0.70765 0.65962 -0.253243
    outer loop
      vertex -47.9213 1.41167 82.861
      vertex -45.8148 4 83.7165
      vertex -47.8469 1.41167 82.6531
    endloop
  endfacet
  facet normal -0.70816 0.65959 -0.251896
    outer loop
      vertex -45.8148 4 83.7165
      vertex -47.9213 1.41167 82.861
      vertex -45.8201 4 83.7314
    endloop
  endfacet
  facet normal -0.321443 0.659612 0.679401
    outer loop
      vertex -47.8673 4 78.01
      vertex -48.2543 4 77.8269
      vertex -48.9394 1.41167 80.0157
    endloop
  endfacet
  facet normal -0.557003 0.659614 -0.504635
    outer loop
      vertex -48.2607 1.41167 83.4274
      vertex -46.5133 4 84.8819
      vertex -46.5027 4 84.8702
    endloop
  endfacet
  facet normal -0.556868 0.65961 -0.50479
    outer loop
      vertex -46.5133 4 84.8819
      vertex -48.2607 1.41167 83.4274
      vertex -48.409 1.41167 83.591
    endloop
  endfacet
  facet normal -0.110249 0.659612 -0.743476
    outer loop
      vertex -49.5565 4 86.5025
      vertex -49.133 4 86.4397
      vertex -49.7795 1.41167 84.2392
    endloop
  endfacet
  facet normal 0.644706 0.659613 0.386347
    outer loop
      vertex -51.8708 1.41167 80.75
      vertex -53.7699 4 79.5
      vertex -51.9843 1.41167 80.9394
    endloop
  endfacet
  facet normal 0.64449 0.659622 0.386694
    outer loop
      vertex -53.7699 4 79.5
      vertex -51.8708 1.41167 80.75
      vertex -53.7618 4 79.4865
    endloop
  endfacet
  facet normal 0.386337 0.659612 0.644714
    outer loop
      vertex -51.0606 1.41167 80.0157
      vertex -52.1327 4 78.01
      vertex -52.5 4 78.2301
    endloop
  endfacet
  facet normal -0.386337 0.659612 -0.644714
    outer loop
      vertex -47.8673 4 85.99
      vertex -47.5 4 85.7699
      vertex -48.9394 1.41167 83.9843
    endloop
  endfacet
  facet normal -0.0368677 0.659618 -0.750696
    outer loop
      vertex -50 4 86.5243
      vertex -49.5724 4 86.5033
      vertex -50 1.41167 84.25
    endloop
  endfacet
  facet normal 0.603657 0.659612 -0.447784
    outer loop
      vertex -53.4973 4 84.8702
      vertex -51.7393 1.41167 83.4274
      vertex -53.7524 4 84.5263
    endloop
  endfacet
  facet normal -0.50479 0.65961 0.556868
    outer loop
      vertex -47.1181 4 78.5133
      vertex -48.5726 1.41167 80.2607
      vertex -48.409 1.41167 80.409
    endloop
  endfacet
  facet normal -0.504635 0.659614 0.557003
    outer loop
      vertex -48.5726 1.41167 80.2607
      vertex -47.1181 4 78.5133
      vertex -47.1298 4 78.5027
    endloop
  endfacet
  facet normal -0.707645 0.659621 -0.253257
    outer loop
      vertex -45.8148 4 83.7165
      vertex -45.6705 4 83.3133
      vertex -47.8469 1.41167 82.6531
    endloop
  endfacet
  facet normal 0.447784 0.659612 -0.603657
    outer loop
      vertex -52.5263 4 85.7524
      vertex -51.4274 1.41167 83.7393
      vertex -52.8702 4 85.4973
    endloop
  endfacet
  facet normal -0.447784 0.659612 0.603657
    outer loop
      vertex -47.1298 4 78.5027
      vertex -47.4737 4 78.2476
      vertex -48.5726 1.41167 80.2607
    endloop
  endfacet
  facet normal 0.644714 0.659612 0.386337
    outer loop
      vertex -51.9843 1.41167 80.9394
      vertex -53.7699 4 79.5
      vertex -53.99 4 79.8673
    endloop
  endfacet
  facet normal 0.729085 0.659622 -0.182578
    outer loop
      vertex -54.3295 4 83.3133
      vertex -52.1531 1.41167 82.6531
      vertex -54.4335 4 82.898
    endloop
  endfacet
  facet normal 0.742795 0.659695 -0.114276
    outer loop
      vertex -52.2068 1.41167 82.4389
      vertex -54.4397 4 82.867
      vertex -54.4373 4 82.8826
    endloop
  endfacet
  facet normal 0.743466 0.659616 -0.110294
    outer loop
      vertex -54.4397 4 82.867
      vertex -52.2068 1.41167 82.4389
      vertex -52.2392 1.41167 82.2205
    endloop
  endfacet
  facet normal 0.50479 0.65961 0.556868
    outer loop
      vertex -51.4274 1.41167 80.2607
      vertex -52.8819 4 78.5133
      vertex -51.591 1.41167 80.409
    endloop
  endfacet
  facet normal 0.504635 0.659614 0.557003
    outer loop
      vertex -52.8819 4 78.5133
      vertex -51.4274 1.41167 80.2607
      vertex -52.8702 4 78.5027
    endloop
  endfacet
  facet normal -0.180021 0.659799 -0.72956
    outer loop
      vertex -49.3469 1.41167 84.1531
      vertex -49.1174 4 86.4373
      vertex -49.102 4 86.4335
    endloop
  endfacet
  facet normal -0.182856 0.659592 -0.729042
    outer loop
      vertex -49.1174 4 86.4373
      vertex -49.3469 1.41167 84.1531
      vertex -49.561 1.41167 84.2068
    endloop
  endfacet
  facet normal 0.603796 0.659629 -0.447571
    outer loop
      vertex -51.8708 1.41167 83.25
      vertex -53.7524 4 84.5263
      vertex -51.7393 1.41167 83.4274
    endloop
  endfacet
  facet normal 0.605739 0.659695 -0.44484
    outer loop
      vertex -53.7524 4 84.5263
      vertex -51.8708 1.41167 83.25
      vertex -53.7618 4 84.5135
    endloop
  endfacet
  facet normal 0.556868 0.65961 -0.50479
    outer loop
      vertex -51.7393 1.41167 83.4274
      vertex -53.4867 4 84.8819
      vertex -51.591 1.41167 83.591
    endloop
  endfacet
  facet normal 0.557003 0.659614 -0.504635
    outer loop
      vertex -53.4867 4 84.8819
      vertex -51.7393 1.41167 83.4274
      vertex -53.4973 4 84.8702
    endloop
  endfacet
  facet normal -0.0368677 0.659618 0.750696
    outer loop
      vertex -49.5724 4 77.4967
      vertex -50 4 77.4757
      vertex -50 1.41167 79.75
    endloop
  endfacet
  facet normal 0.750707 0.659611 0.0367693
    outer loop
      vertex -52.2392 1.41167 81.7795
      vertex -54.5033 4 81.5724
      vertex -52.25 1.41167 82
    endloop
  endfacet
  facet normal 0.750639 0.659632 0.037768
    outer loop
      vertex -54.5033 4 81.5724
      vertex -52.2392 1.41167 81.7795
      vertex -54.5025 4 81.5565
    endloop
  endfacet
  facet normal 0.321338 0.659625 0.679438
    outer loop
      vertex -51.7314 4 77.8201
      vertex -51.0606 1.41167 80.0157
      vertex -50.861 1.41167 79.9213
    endloop
  endfacet
  facet normal 0.322811 0.65951 0.678852
    outer loop
      vertex -51.0606 1.41167 80.0157
      vertex -51.7314 4 77.8201
      vertex -51.7457 4 77.8269
    endloop
  endfacet
  facet normal 0.386347 0.659613 0.644706
    outer loop
      vertex -52.5 4 78.2301
      vertex -51.25 1.41167 80.1292
      vertex -51.0606 1.41167 80.0157
    endloop
  endfacet
  facet normal 0.386694 0.659622 0.64449
    outer loop
      vertex -51.25 1.41167 80.1292
      vertex -52.5 4 78.2301
      vertex -52.5135 4 78.2382
    endloop
  endfacet
  facet normal 0.644714 0.659612 -0.386337
    outer loop
      vertex -53.7699 4 84.5
      vertex -51.9843 1.41167 83.0606
      vertex -53.99 4 84.1327
    endloop
  endfacet
  facet normal -0.037768 0.659632 -0.750639
    outer loop
      vertex -49.7795 1.41167 84.2392
      vertex -49.5724 4 86.5033
      vertex -49.5565 4 86.5025
    endloop
  endfacet
  facet normal -0.0367693 0.659611 -0.750707
    outer loop
      vertex -49.5724 4 86.5033
      vertex -49.7795 1.41167 84.2392
      vertex -50 1.41167 84.25
    endloop
  endfacet
  facet normal 0.110249 0.659612 -0.743476
    outer loop
      vertex -50.4435 4 86.5025
      vertex -50.2205 1.41167 84.2392
      vertex -50.867 4 86.4397
    endloop
  endfacet
  facet normal 0.253313 0.65962 -0.707626
    outer loop
      vertex -51.3133 4 86.3295
      vertex -50.6531 1.41167 84.1531
      vertex -51.7164 4 86.1852
    endloop
  endfacet
  facet normal -0.556815 0.659604 0.504855
    outer loop
      vertex -46.5133 4 79.1181
      vertex -46.8009 4 78.8009
      vertex -48.409 1.41167 80.409
    endloop
  endfacet
  facet normal 0.679401 0.659612 -0.321443
    outer loop
      vertex -53.99 4 84.1327
      vertex -51.9843 1.41167 83.0606
      vertex -54.1731 4 83.7457
    endloop
  endfacet
  facet normal 0.679401 0.659612 0.321443
    outer loop
      vertex -51.9843 1.41167 80.9394
      vertex -53.99 4 79.8673
      vertex -54.1731 4 80.2543
    endloop
  endfacet
  facet normal -0.180021 0.659799 0.72956
    outer loop
      vertex -49.1174 4 77.5627
      vertex -49.3469 1.41167 79.8469
      vertex -49.102 4 77.5665
    endloop
  endfacet
  facet normal -0.182856 0.659592 0.729042
    outer loop
      vertex -49.3469 1.41167 79.8469
      vertex -49.1174 4 77.5627
      vertex -49.561 1.41167 79.7932
    endloop
  endfacet
  facet normal 0.110246 0.659612 -0.743477
    outer loop
      vertex -50.439 1.41167 84.2068
      vertex -50.867 4 86.4397
      vertex -50.2205 1.41167 84.2392
    endloop
  endfacet
  facet normal 0.114276 0.659692 -0.742797
    outer loop
      vertex -50.867 4 86.4397
      vertex -50.439 1.41167 84.2068
      vertex -50.8826 4 86.4373
    endloop
  endfacet
  facet normal -0.386694 0.659622 0.64449
    outer loop
      vertex -47.5 4 78.2301
      vertex -48.75 1.41167 80.1292
      vertex -47.4865 4 78.2382
    endloop
  endfacet
  facet normal -0.386347 0.659613 0.644706
    outer loop
      vertex -48.75 1.41167 80.1292
      vertex -47.5 4 78.2301
      vertex -48.9394 1.41167 80.0157
    endloop
  endfacet
  facet normal -0.322811 0.65951 0.678852
    outer loop
      vertex -48.2686 4 77.8201
      vertex -48.9394 1.41167 80.0157
      vertex -48.2543 4 77.8269
    endloop
  endfacet
  facet normal -0.321338 0.659625 0.679438
    outer loop
      vertex -48.9394 1.41167 80.0157
      vertex -48.2686 4 77.8201
      vertex -49.139 1.41167 79.9213
    endloop
  endfacet
  facet normal -0.679401 0.659612 0.321443
    outer loop
      vertex -45.8269 4 80.2543
      vertex -46.01 4 79.8673
      vertex -48.0157 1.41167 80.9394
    endloop
  endfacet
  facet normal 0.504855 0.659604 -0.556815
    outer loop
      vertex -52.8819 4 85.4867
      vertex -51.591 1.41167 83.591
      vertex -53.1991 4 85.1991
    endloop
  endfacet
  facet normal 0.386347 0.659613 -0.644706
    outer loop
      vertex -51.25 1.41167 83.8708
      vertex -52.5 4 85.7699
      vertex -51.0606 1.41167 83.9843
    endloop
  endfacet
  facet normal 0.386694 0.659622 -0.64449
    outer loop
      vertex -52.5 4 85.7699
      vertex -51.25 1.41167 83.8708
      vertex -52.5135 4 85.7618
    endloop
  endfacet
  facet normal 0.386337 0.659612 -0.644714
    outer loop
      vertex -52.1327 4 85.99
      vertex -51.0606 1.41167 83.9843
      vertex -52.5 4 85.7699
    endloop
  endfacet
  facet normal 0.182856 0.659592 -0.729042
    outer loop
      vertex -50.6531 1.41167 84.1531
      vertex -50.8826 4 86.4373
      vertex -50.439 1.41167 84.2068
    endloop
  endfacet
  facet normal 0.180021 0.659799 -0.72956
    outer loop
      vertex -50.8826 4 86.4373
      vertex -50.6531 1.41167 84.1531
      vertex -50.898 4 86.4335
    endloop
  endfacet
  facet normal -0.644714 0.659612 0.386337
    outer loop
      vertex -46.01 4 79.8673
      vertex -46.2301 4 79.5
      vertex -48.0157 1.41167 80.9394
    endloop
  endfacet
  facet normal -0.557003 0.659614 0.504635
    outer loop
      vertex -46.5133 4 79.1181
      vertex -48.2607 1.41167 80.5726
      vertex -46.5027 4 79.1298
    endloop
  endfacet
  facet normal -0.556868 0.65961 0.50479
    outer loop
      vertex -48.2607 1.41167 80.5726
      vertex -46.5133 4 79.1181
      vertex -48.409 1.41167 80.409
    endloop
  endfacet
  facet normal -0.386694 0.659622 -0.64449
    outer loop
      vertex -48.75 1.41167 83.8708
      vertex -47.5 4 85.7699
      vertex -47.4865 4 85.7618
    endloop
  endfacet
  facet normal -0.386347 0.659613 -0.644706
    outer loop
      vertex -47.5 4 85.7699
      vertex -48.75 1.41167 83.8708
      vertex -48.9394 1.41167 83.9843
    endloop
  endfacet
  facet normal -0.44484 0.659695 -0.605739
    outer loop
      vertex -47.4737 4 85.7524
      vertex -48.75 1.41167 83.8708
      vertex -47.4865 4 85.7618
    endloop
  endfacet
  facet normal -0.447571 0.659629 -0.603796
    outer loop
      vertex -48.75 1.41167 83.8708
      vertex -47.4737 4 85.7524
      vertex -48.5726 1.41167 83.7393
    endloop
  endfacet
  facet normal 0.253245 0.659615 0.707655
    outer loop
      vertex -51.7164 4 77.8148
      vertex -50.861 1.41167 79.9213
      vertex -50.6531 1.41167 79.8469
    endloop
  endfacet
  facet normal 0.250415 0.659549 0.708723
    outer loop
      vertex -50.861 1.41167 79.9213
      vertex -51.7164 4 77.8148
      vertex -51.7314 4 77.8201
    endloop
  endfacet
  facet normal 0.44484 0.659695 -0.605739
    outer loop
      vertex -51.25 1.41167 83.8708
      vertex -52.5263 4 85.7524
      vertex -52.5135 4 85.7618
    endloop
  endfacet
  facet normal 0.447571 0.659629 -0.603796
    outer loop
      vertex -52.5263 4 85.7524
      vertex -51.25 1.41167 83.8708
      vertex -51.4274 1.41167 83.7393
    endloop
  endfacet
  facet normal 0.182856 0.659592 0.729042
    outer loop
      vertex -50.8826 4 77.5627
      vertex -50.6531 1.41167 79.8469
      vertex -50.439 1.41167 79.7932
    endloop
  endfacet
  facet normal 0.180021 0.659799 0.72956
    outer loop
      vertex -50.6531 1.41167 79.8469
      vertex -50.8826 4 77.5627
      vertex -50.898 4 77.5665
    endloop
  endfacet
  facet normal 0.447784 0.659612 0.603657
    outer loop
      vertex -51.4274 1.41167 80.2607
      vertex -52.5263 4 78.2476
      vertex -52.8702 4 78.5027
    endloop
  endfacet
  facet normal 0.504855 0.659604 0.556815
    outer loop
      vertex -51.591 1.41167 80.409
      vertex -52.8819 4 78.5133
      vertex -53.1991 4 78.8009
    endloop
  endfacet
  facet normal -0.678852 0.65951 0.322811
    outer loop
      vertex -48.0157 1.41167 80.9394
      vertex -45.8201 4 80.2686
      vertex -45.8269 4 80.2543
    endloop
  endfacet
  facet normal -0.679438 0.659625 0.321338
    outer loop
      vertex -45.8201 4 80.2686
      vertex -48.0157 1.41167 80.9394
      vertex -47.9213 1.41167 81.139
    endloop
  endfacet
  facet normal 0.603657 0.659612 0.447784
    outer loop
      vertex -51.7393 1.41167 80.5726
      vertex -53.4973 4 79.1298
      vertex -53.7524 4 79.4737
    endloop
  endfacet
  facet normal -0.253313 0.65962 0.707626
    outer loop
      vertex -48.2836 4 77.8148
      vertex -48.6867 4 77.6705
      vertex -49.3469 1.41167 79.8469
    endloop
  endfacet
  facet normal 0.743466 0.659616 0.110294
    outer loop
      vertex -52.2068 1.41167 81.5611
      vertex -54.4397 4 81.133
      vertex -52.2392 1.41167 81.7795
    endloop
  endfacet
  facet normal 0.742795 0.659695 0.114276
    outer loop
      vertex -54.4397 4 81.133
      vertex -52.2068 1.41167 81.5611
      vertex -54.4373 4 81.1174
    endloop
  endfacet
  facet normal 0.743476 0.659612 0.110249
    outer loop
      vertex -52.2392 1.41167 81.7795
      vertex -54.4397 4 81.133
      vertex -54.5025 4 81.5565
    endloop
  endfacet
  facet normal -0.110249 0.659612 0.743476
    outer loop
      vertex -49.133 4 77.5603
      vertex -49.5565 4 77.4975
      vertex -49.7795 1.41167 79.7608
    endloop
  endfacet
  facet normal 0.729057 0.659598 0.182775
    outer loop
      vertex -52.1531 1.41167 81.3469
      vertex -54.4373 4 81.1174
      vertex -52.2068 1.41167 81.5611
    endloop
  endfacet
  facet normal 0.72956 0.659799 0.180021
    outer loop
      vertex -54.4373 4 81.1174
      vertex -52.1531 1.41167 81.3469
      vertex -54.4335 4 81.102
    endloop
  endfacet
  facet normal 0.253245 0.659615 -0.707655
    outer loop
      vertex -50.861 1.41167 84.0787
      vertex -51.7164 4 86.1852
      vertex -50.6531 1.41167 84.1531
    endloop
  endfacet
  facet normal 0.250415 0.659549 -0.708723
    outer loop
      vertex -51.7164 4 86.1852
      vertex -50.861 1.41167 84.0787
      vertex -51.7314 4 86.1799
    endloop
  endfacet
  facet normal -0.114276 0.659692 -0.742797
    outer loop
      vertex -49.561 1.41167 84.2068
      vertex -49.133 4 86.4397
      vertex -49.1174 4 86.4373
    endloop
  endfacet
  facet normal -0.110246 0.659612 -0.743477
    outer loop
      vertex -49.133 4 86.4397
      vertex -49.561 1.41167 84.2068
      vertex -49.7795 1.41167 84.2392
    endloop
  endfacet
  facet normal -0.386337 0.659612 0.644714
    outer loop
      vertex -47.5 4 78.2301
      vertex -47.8673 4 78.01
      vertex -48.9394 1.41167 80.0157
    endloop
  endfacet
  facet normal 0.321338 0.659625 -0.679438
    outer loop
      vertex -51.0606 1.41167 83.9843
      vertex -51.7314 4 86.1799
      vertex -50.861 1.41167 84.0787
    endloop
  endfacet
  facet normal 0.322811 0.65951 -0.678852
    outer loop
      vertex -51.7314 4 86.1799
      vertex -51.0606 1.41167 83.9843
      vertex -51.7457 4 86.1731
    endloop
  endfacet
  facet normal 0.729085 0.659622 0.182578
    outer loop
      vertex -52.1531 1.41167 81.3469
      vertex -54.3295 4 80.6867
      vertex -54.4335 4 81.102
    endloop
  endfacet
  facet normal 0.64449 0.659622 -0.386694
    outer loop
      vertex -51.8708 1.41167 83.25
      vertex -53.7699 4 84.5
      vertex -53.7618 4 84.5135
    endloop
  endfacet
  facet normal 0.644706 0.659613 -0.386347
    outer loop
      vertex -53.7699 4 84.5
      vertex -51.8708 1.41167 83.25
      vertex -51.9843 1.41167 83.0606
    endloop
  endfacet
  facet normal -0.114276 0.659692 0.742797
    outer loop
      vertex -49.133 4 77.5603
      vertex -49.561 1.41167 79.7932
      vertex -49.1174 4 77.5627
    endloop
  endfacet
  facet normal -0.110246 0.659612 0.743477
    outer loop
      vertex -49.561 1.41167 79.7932
      vertex -49.133 4 77.5603
      vertex -49.7795 1.41167 79.7608
    endloop
  endfacet
  facet normal 0.707645 0.659621 0.253257
    outer loop
      vertex -52.1531 1.41167 81.3469
      vertex -54.1852 4 80.2835
      vertex -54.3295 4 80.6867
    endloop
  endfacet
  facet normal 0.750696 0.659618 0.0368677
    outer loop
      vertex -52.25 1.41167 82
      vertex -54.5033 4 81.5724
      vertex -54.5243 4 82
    endloop
  endfacet
  facet normal 0.70765 0.65962 0.253243
    outer loop
      vertex -52.0787 1.41167 81.139
      vertex -54.1852 4 80.2835
      vertex -52.1531 1.41167 81.3469
    endloop
  endfacet
  facet normal 0.70816 0.65959 0.251896
    outer loop
      vertex -54.1852 4 80.2835
      vertex -52.0787 1.41167 81.139
      vertex -54.1799 4 80.2686
    endloop
  endfacet
  facet normal 0.321443 0.659612 0.679401
    outer loop
      vertex -51.0606 1.41167 80.0157
      vertex -51.7457 4 77.8269
      vertex -52.1327 4 78.01
    endloop
  endfacet
  facet normal 0.110246 0.659612 0.743477
    outer loop
      vertex -50.867 4 77.5603
      vertex -50.439 1.41167 79.7932
      vertex -50.2205 1.41167 79.7608
    endloop
  endfacet
  facet normal 0.114276 0.659692 0.742797
    outer loop
      vertex -50.439 1.41167 79.7932
      vertex -50.867 4 77.5603
      vertex -50.8826 4 77.5627
    endloop
  endfacet
  facet normal -0.182578 0.659622 0.729085
    outer loop
      vertex -48.6867 4 77.6705
      vertex -49.102 4 77.5665
      vertex -49.3469 1.41167 79.8469
    endloop
  endfacet
  facet normal 0.750696 0.659618 -0.0368677
    outer loop
      vertex -54.5033 4 82.4276
      vertex -52.25 1.41167 82
      vertex -54.5243 4 82
    endloop
  endfacet
  facet normal 0.750639 0.659632 -0.037768
    outer loop
      vertex -52.2392 1.41167 82.2205
      vertex -54.5033 4 82.4276
      vertex -54.5025 4 82.4435
    endloop
  endfacet
  facet normal 0.750707 0.659611 -0.0367693
    outer loop
      vertex -54.5033 4 82.4276
      vertex -52.2392 1.41167 82.2205
      vertex -52.25 1.41167 82
    endloop
  endfacet
  facet normal -0.707645 0.659621 0.253257
    outer loop
      vertex -45.6705 4 80.6867
      vertex -45.8148 4 80.2835
      vertex -47.8469 1.41167 81.3469
    endloop
  endfacet
  facet normal -0.603657 0.659612 0.447784
    outer loop
      vertex -46.2476 4 79.4737
      vertex -46.5027 4 79.1298
      vertex -48.2607 1.41167 80.5726
    endloop
  endfacet
  facet normal -0.729085 0.659622 0.182578
    outer loop
      vertex -45.5665 4 81.102
      vertex -45.6705 4 80.6867
      vertex -47.8469 1.41167 81.3469
    endloop
  endfacet
  facet normal 0.0368677 0.659618 0.750696
    outer loop
      vertex -50 1.41167 79.75
      vertex -50 4 77.4757
      vertex -50.4276 4 77.4967
    endloop
  endfacet
  facet normal -0.037768 0.659632 0.750639
    outer loop
      vertex -49.5724 4 77.4967
      vertex -49.7795 1.41167 79.7608
      vertex -49.5565 4 77.4975
    endloop
  endfacet
  facet normal -0.0367693 0.659611 0.750707
    outer loop
      vertex -49.7795 1.41167 79.7608
      vertex -49.5724 4 77.4967
      vertex -50 1.41167 79.75
    endloop
  endfacet
  facet normal 0.0367693 0.659611 0.750707
    outer loop
      vertex -50.4276 4 77.4967
      vertex -50.2205 1.41167 79.7608
      vertex -50 1.41167 79.75
    endloop
  endfacet
  facet normal 0.037768 0.659632 0.750639
    outer loop
      vertex -50.2205 1.41167 79.7608
      vertex -50.4276 4 77.4967
      vertex -50.4435 4 77.4975
    endloop
  endfacet
  facet normal -0.644706 0.659613 0.386347
    outer loop
      vertex -46.2301 4 79.5
      vertex -48.1292 1.41167 80.75
      vertex -48.0157 1.41167 80.9394
    endloop
  endfacet
  facet normal -0.64449 0.659622 0.386694
    outer loop
      vertex -48.1292 1.41167 80.75
      vertex -46.2301 4 79.5
      vertex -46.2382 4 79.4865
    endloop
  endfacet
  facet normal -0.605739 0.659695 0.44484
    outer loop
      vertex -46.2476 4 79.4737
      vertex -48.1292 1.41167 80.75
      vertex -46.2382 4 79.4865
    endloop
  endfacet
  facet normal -0.603796 0.659629 0.447571
    outer loop
      vertex -48.1292 1.41167 80.75
      vertex -46.2476 4 79.4737
      vertex -48.2607 1.41167 80.5726
    endloop
  endfacet
  facet normal -0.743476 0.659612 0.110249
    outer loop
      vertex -45.4975 4 81.5565
      vertex -45.5603 4 81.133
      vertex -47.7608 1.41167 81.7795
    endloop
  endfacet
  facet normal -0.70816 0.65959 0.251896
    outer loop
      vertex -47.9213 1.41167 81.139
      vertex -45.8148 4 80.2835
      vertex -45.8201 4 80.2686
    endloop
  endfacet
  facet normal -0.70765 0.65962 0.253243
    outer loop
      vertex -45.8148 4 80.2835
      vertex -47.9213 1.41167 81.139
      vertex -47.8469 1.41167 81.3469
    endloop
  endfacet
  facet normal -0.72956 0.659799 0.180021
    outer loop
      vertex -47.8469 1.41167 81.3469
      vertex -45.5627 4 81.1174
      vertex -45.5665 4 81.102
    endloop
  endfacet
  facet normal -0.729057 0.659598 0.182775
    outer loop
      vertex -45.5627 4 81.1174
      vertex -47.8469 1.41167 81.3469
      vertex -47.7932 1.41167 81.5611
    endloop
  endfacet
  facet normal -0.742795 0.659695 0.114276
    outer loop
      vertex -47.7932 1.41167 81.5611
      vertex -45.5603 4 81.133
      vertex -45.5627 4 81.1174
    endloop
  endfacet
  facet normal -0.743466 0.659616 0.110294
    outer loop
      vertex -45.5603 4 81.133
      vertex -47.7932 1.41167 81.5611
      vertex -47.7608 1.41167 81.7795
    endloop
  endfacet
  facet normal -0.989174 0 0.146746
    outer loop
      vertex 52.2068 0 81.5611
      vertex 52.2392 1.41167 81.7795
      vertex 52.2068 1.41167 81.5611
    endloop
  endfacet
  facet normal -0.989174 0 0.146746
    outer loop
      vertex 52.2392 1.41167 81.7795
      vertex 52.2068 0 81.5611
      vertex 52.2392 0 81.7795
    endloop
  endfacet
  facet normal -0.998803 0 0.0489209
    outer loop
      vertex 52.2392 0 81.7795
      vertex 52.25 1.41167 82
      vertex 52.2392 1.41167 81.7795
    endloop
  endfacet
  facet normal -0.998803 0 0.0489209
    outer loop
      vertex 52.25 1.41167 82
      vertex 52.2392 0 81.7795
      vertex 52.25 0 82
    endloop
  endfacet
  facet normal -0.969982 0 0.243175
    outer loop
      vertex 52.1531 0 81.3469
      vertex 52.2068 1.41167 81.5611
      vertex 52.1531 1.41167 81.3469
    endloop
  endfacet
  facet normal -0.969982 0 0.243175
    outer loop
      vertex 52.2068 1.41167 81.5611
      vertex 52.1531 0 81.3469
      vertex 52.2068 0 81.5611
    endloop
  endfacet
  facet normal -0.336939 0 -0.941527
    outer loop
      vertex 50.6531 0 84.1531
      vertex 50.861 1.41167 84.0787
      vertex 50.861 0 84.0787
    endloop
  endfacet
  facet normal -0.336939 0 -0.941527
    outer loop
      vertex 50.861 1.41167 84.0787
      vertex 50.6531 0 84.1531
      vertex 50.6531 1.41167 84.1531
    endloop
  endfacet
  facet normal -0.671613 0 0.740902
    outer loop
      vertex 51.4274 1.41167 80.2607
      vertex 51.591 0 80.409
      vertex 51.591 1.41167 80.409
    endloop
  endfacet
  facet normal -0.671613 0 0.740902
    outer loop
      vertex 51.591 0 80.409
      vertex 51.4274 1.41167 80.2607
      vertex 51.4274 0 80.2607
    endloop
  endfacet
  facet normal 0.857773 -0 0.514029
    outer loop
      vertex 48.0157 0 80.9394
      vertex 48.1292 1.41167 80.75
      vertex 48.0157 1.41167 80.9394
    endloop
  endfacet
  facet normal 0.857773 0 0.514029
    outer loop
      vertex 48.1292 1.41167 80.75
      vertex 48.0157 0 80.9394
      vertex 48.1292 0 80.75
    endloop
  endfacet
  facet normal 0.14668 0 -0.989184
    outer loop
      vertex 49.561 0 84.2068
      vertex 49.7795 1.41167 84.2392
      vertex 49.7795 0 84.2392
    endloop
  endfacet
  facet normal 0.14668 0 -0.989184
    outer loop
      vertex 49.7795 1.41167 84.2392
      vertex 49.561 0 84.2068
      vertex 49.561 1.41167 84.2068
    endloop
  endfacet
  facet normal -0.941527 0 0.336939
    outer loop
      vertex 52.0787 0 81.139
      vertex 52.1531 1.41167 81.3469
      vertex 52.0787 1.41167 81.139
    endloop
  endfacet
  facet normal -0.941527 0 0.336939
    outer loop
      vertex 52.1531 1.41167 81.3469
      vertex 52.0787 0 81.139
      vertex 52.1531 0 81.3469
    endloop
  endfacet
  facet normal 0.0489209 0 0.998803
    outer loop
      vertex 49.7795 1.41167 79.7608
      vertex 50 0 79.75
      vertex 50 1.41167 79.75
    endloop
  endfacet
  facet normal 0.0489209 0 0.998803
    outer loop
      vertex 50 0 79.75
      vertex 49.7795 1.41167 79.7608
      vertex 49.7795 0 79.7608
    endloop
  endfacet
  facet normal -0.0489209 0 -0.998803
    outer loop
      vertex 50 0 84.25
      vertex 50.2205 1.41167 84.2392
      vertex 50.2205 0 84.2392
    endloop
  endfacet
  facet normal -0.0489209 0 -0.998803
    outer loop
      vertex 50.2205 1.41167 84.2392
      vertex 50 0 84.25
      vertex 50 1.41167 84.25
    endloop
  endfacet
  facet normal 0.903996 0 -0.427541
    outer loop
      vertex 48.0157 0 83.0606
      vertex 47.9213 1.41167 82.861
      vertex 48.0157 1.41167 83.0606
    endloop
  endfacet
  facet normal 0.903996 0 -0.427541
    outer loop
      vertex 47.9213 1.41167 82.861
      vertex 48.0157 0 83.0606
      vertex 47.9213 0 82.861
    endloop
  endfacet
  facet normal 0.595498 0 -0.803357
    outer loop
      vertex 48.5726 0 83.7393
      vertex 48.75 1.41167 83.8708
      vertex 48.75 0 83.8708
    endloop
  endfacet
  facet normal 0.595498 0 -0.803357
    outer loop
      vertex 48.75 1.41167 83.8708
      vertex 48.5726 0 83.7393
      vertex 48.5726 1.41167 83.7393
    endloop
  endfacet
  facet normal 0.803357 -0 0.595498
    outer loop
      vertex 48.1292 0 80.75
      vertex 48.2607 1.41167 80.5726
      vertex 48.1292 1.41167 80.75
    endloop
  endfacet
  facet normal 0.803357 0 0.595498
    outer loop
      vertex 48.2607 1.41167 80.5726
      vertex 48.1292 0 80.75
      vertex 48.2607 0 80.5726
    endloop
  endfacet
  facet normal -0.969982 0 -0.243175
    outer loop
      vertex 52.2068 0 82.4389
      vertex 52.1531 1.41167 82.6531
      vertex 52.2068 1.41167 82.4389
    endloop
  endfacet
  facet normal -0.969982 -0 -0.243175
    outer loop
      vertex 52.1531 1.41167 82.6531
      vertex 52.2068 0 82.4389
      vertex 52.1531 0 82.6531
    endloop
  endfacet
  facet normal -0.857773 0 0.514029
    outer loop
      vertex 51.8708 0 80.75
      vertex 51.9843 1.41167 80.9394
      vertex 51.8708 1.41167 80.75
    endloop
  endfacet
  facet normal -0.857773 0 0.514029
    outer loop
      vertex 51.9843 1.41167 80.9394
      vertex 51.8708 0 80.75
      vertex 51.9843 0 80.9394
    endloop
  endfacet
  facet normal 0.998803 0 -0.0489209
    outer loop
      vertex 47.7608 0 82.2205
      vertex 47.75 1.41167 82
      vertex 47.7608 1.41167 82.2205
    endloop
  endfacet
  facet normal 0.998803 0 -0.0489209
    outer loop
      vertex 47.75 1.41167 82
      vertex 47.7608 0 82.2205
      vertex 47.75 0 82
    endloop
  endfacet
  facet normal -0.903996 0 0.427541
    outer loop
      vertex 51.9843 0 80.9394
      vertex 52.0787 1.41167 81.139
      vertex 51.9843 1.41167 80.9394
    endloop
  endfacet
  facet normal -0.903996 0 0.427541
    outer loop
      vertex 52.0787 1.41167 81.139
      vertex 51.9843 0 80.9394
      vertex 52.0787 0 81.139
    endloop
  endfacet
  facet normal -0.941527 0 -0.336939
    outer loop
      vertex 52.1531 0 82.6531
      vertex 52.0787 1.41167 82.861
      vertex 52.1531 1.41167 82.6531
    endloop
  endfacet
  facet normal -0.941527 -0 -0.336939
    outer loop
      vertex 52.0787 1.41167 82.861
      vertex 52.1531 0 82.6531
      vertex 52.0787 0 82.861
    endloop
  endfacet
  facet normal 0.427541 0 -0.903996
    outer loop
      vertex 48.9394 0 83.9843
      vertex 49.139 1.41167 84.0787
      vertex 49.139 0 84.0787
    endloop
  endfacet
  facet normal 0.427541 0 -0.903996
    outer loop
      vertex 49.139 1.41167 84.0787
      vertex 48.9394 0 83.9843
      vertex 48.9394 1.41167 83.9843
    endloop
  endfacet
  facet normal 0.969982 0 -0.243175
    outer loop
      vertex 47.8469 0 82.6531
      vertex 47.7932 1.41167 82.4389
      vertex 47.8469 1.41167 82.6531
    endloop
  endfacet
  facet normal 0.969982 0 -0.243175
    outer loop
      vertex 47.7932 1.41167 82.4389
      vertex 47.8469 0 82.6531
      vertex 47.7932 0 82.4389
    endloop
  endfacet
  facet normal 0.740902 -0 0.671613
    outer loop
      vertex 48.2607 0 80.5726
      vertex 48.409 1.41167 80.409
      vertex 48.2607 1.41167 80.5726
    endloop
  endfacet
  facet normal 0.740902 0 0.671613
    outer loop
      vertex 48.409 1.41167 80.409
      vertex 48.2607 0 80.5726
      vertex 48.409 0 80.409
    endloop
  endfacet
  facet normal 0.243282 0 -0.969956
    outer loop
      vertex 49.3469 0 84.1531
      vertex 49.561 1.41167 84.2068
      vertex 49.561 0 84.2068
    endloop
  endfacet
  facet normal 0.243282 0 -0.969956
    outer loop
      vertex 49.561 1.41167 84.2068
      vertex 49.3469 0 84.1531
      vertex 49.3469 1.41167 84.1531
    endloop
  endfacet
  facet normal 0.514029 0 0.857773
    outer loop
      vertex 48.75 1.41167 80.1292
      vertex 48.9394 0 80.0157
      vertex 48.9394 1.41167 80.0157
    endloop
  endfacet
  facet normal 0.514029 0 0.857773
    outer loop
      vertex 48.9394 0 80.0157
      vertex 48.75 1.41167 80.1292
      vertex 48.75 0 80.1292
    endloop
  endfacet
  facet normal -0.803357 0 0.595498
    outer loop
      vertex 51.7393 0 80.5726
      vertex 51.8708 1.41167 80.75
      vertex 51.7393 1.41167 80.5726
    endloop
  endfacet
  facet normal -0.803357 0 0.595498
    outer loop
      vertex 51.8708 1.41167 80.75
      vertex 51.7393 0 80.5726
      vertex 51.8708 0 80.75
    endloop
  endfacet
  facet normal 0.14668 0 0.989184
    outer loop
      vertex 49.561 1.41167 79.7932
      vertex 49.7795 0 79.7608
      vertex 49.7795 1.41167 79.7608
    endloop
  endfacet
  facet normal 0.14668 0 0.989184
    outer loop
      vertex 49.7795 0 79.7608
      vertex 49.561 1.41167 79.7932
      vertex 49.561 0 79.7932
    endloop
  endfacet
  facet normal -0.427541 0 -0.903996
    outer loop
      vertex 50.861 0 84.0787
      vertex 51.0606 1.41167 83.9843
      vertex 51.0606 0 83.9843
    endloop
  endfacet
  facet normal -0.427541 0 -0.903996
    outer loop
      vertex 51.0606 1.41167 83.9843
      vertex 50.861 0 84.0787
      vertex 50.861 1.41167 84.0787
    endloop
  endfacet
  facet normal 0.671613 0 0.740902
    outer loop
      vertex 48.409 1.41167 80.409
      vertex 48.5726 0 80.2607
      vertex 48.5726 1.41167 80.2607
    endloop
  endfacet
  facet normal 0.671613 0 0.740902
    outer loop
      vertex 48.5726 0 80.2607
      vertex 48.409 1.41167 80.409
      vertex 48.409 0 80.409
    endloop
  endfacet
  facet normal -0.857773 0 -0.514029
    outer loop
      vertex 51.9843 0 83.0606
      vertex 51.8708 1.41167 83.25
      vertex 51.9843 1.41167 83.0606
    endloop
  endfacet
  facet normal -0.857773 -0 -0.514029
    outer loop
      vertex 51.8708 1.41167 83.25
      vertex 51.9843 0 83.0606
      vertex 51.8708 0 83.25
    endloop
  endfacet
  facet normal 0.595498 0 0.803357
    outer loop
      vertex 48.5726 1.41167 80.2607
      vertex 48.75 0 80.1292
      vertex 48.75 1.41167 80.1292
    endloop
  endfacet
  facet normal 0.595498 0 0.803357
    outer loop
      vertex 48.75 0 80.1292
      vertex 48.5726 1.41167 80.2607
      vertex 48.5726 0 80.2607
    endloop
  endfacet
  facet normal -0.336939 0 0.941527
    outer loop
      vertex 50.6531 1.41167 79.8469
      vertex 50.861 0 79.9213
      vertex 50.861 1.41167 79.9213
    endloop
  endfacet
  facet normal -0.336939 0 0.941527
    outer loop
      vertex 50.861 0 79.9213
      vertex 50.6531 1.41167 79.8469
      vertex 50.6531 0 79.8469
    endloop
  endfacet
  facet normal -0.740902 0 0.671613
    outer loop
      vertex 51.591 0 80.409
      vertex 51.7393 1.41167 80.5726
      vertex 51.591 1.41167 80.409
    endloop
  endfacet
  facet normal -0.740902 0 0.671613
    outer loop
      vertex 51.7393 1.41167 80.5726
      vertex 51.591 0 80.409
      vertex 51.7393 0 80.5726
    endloop
  endfacet
  facet normal -0.998803 0 -0.0489209
    outer loop
      vertex 52.25 0 82
      vertex 52.2392 1.41167 82.2205
      vertex 52.25 1.41167 82
    endloop
  endfacet
  facet normal -0.998803 -0 -0.0489209
    outer loop
      vertex 52.2392 1.41167 82.2205
      vertex 52.25 0 82
      vertex 52.2392 0 82.2205
    endloop
  endfacet
  facet normal 0.941527 0 -0.336939
    outer loop
      vertex 47.9213 0 82.861
      vertex 47.8469 1.41167 82.6531
      vertex 47.9213 1.41167 82.861
    endloop
  endfacet
  facet normal 0.941527 0 -0.336939
    outer loop
      vertex 47.8469 1.41167 82.6531
      vertex 47.9213 0 82.861
      vertex 47.8469 0 82.6531
    endloop
  endfacet
  facet normal -0.514029 0 0.857773
    outer loop
      vertex 51.0606 1.41167 80.0157
      vertex 51.25 0 80.1292
      vertex 51.25 1.41167 80.1292
    endloop
  endfacet
  facet normal -0.514029 0 0.857773
    outer loop
      vertex 51.25 0 80.1292
      vertex 51.0606 1.41167 80.0157
      vertex 51.0606 0 80.0157
    endloop
  endfacet
  facet normal -0.595498 0 0.803357
    outer loop
      vertex 51.25 1.41167 80.1292
      vertex 51.4274 0 80.2607
      vertex 51.4274 1.41167 80.2607
    endloop
  endfacet
  facet normal -0.595498 0 0.803357
    outer loop
      vertex 51.4274 0 80.2607
      vertex 51.25 1.41167 80.1292
      vertex 51.25 0 80.1292
    endloop
  endfacet
  facet normal -0.14668 0 -0.989184
    outer loop
      vertex 50.2205 0 84.2392
      vertex 50.439 1.41167 84.2068
      vertex 50.439 0 84.2068
    endloop
  endfacet
  facet normal -0.14668 0 -0.989184
    outer loop
      vertex 50.439 1.41167 84.2068
      vertex 50.2205 0 84.2392
      vertex 50.2205 1.41167 84.2392
    endloop
  endfacet
  facet normal -0.740902 0 -0.671613
    outer loop
      vertex 51.7393 0 83.4274
      vertex 51.591 1.41167 83.591
      vertex 51.7393 1.41167 83.4274
    endloop
  endfacet
  facet normal -0.740902 -0 -0.671613
    outer loop
      vertex 51.591 1.41167 83.591
      vertex 51.7393 0 83.4274
      vertex 51.591 0 83.591
    endloop
  endfacet
  facet normal -0.803357 0 -0.595498
    outer loop
      vertex 51.8708 0 83.25
      vertex 51.7393 1.41167 83.4274
      vertex 51.8708 1.41167 83.25
    endloop
  endfacet
  facet normal -0.803357 -0 -0.595498
    outer loop
      vertex 51.7393 1.41167 83.4274
      vertex 51.8708 0 83.25
      vertex 51.7393 0 83.4274
    endloop
  endfacet
  facet normal -0.243282 0 -0.969956
    outer loop
      vertex 50.439 0 84.2068
      vertex 50.6531 1.41167 84.1531
      vertex 50.6531 0 84.1531
    endloop
  endfacet
  facet normal -0.243282 0 -0.969956
    outer loop
      vertex 50.6531 1.41167 84.1531
      vertex 50.439 0 84.2068
      vertex 50.439 1.41167 84.2068
    endloop
  endfacet
  facet normal -0.903996 0 -0.427541
    outer loop
      vertex 52.0787 0 82.861
      vertex 51.9843 1.41167 83.0606
      vertex 52.0787 1.41167 82.861
    endloop
  endfacet
  facet normal -0.903996 -0 -0.427541
    outer loop
      vertex 51.9843 1.41167 83.0606
      vertex 52.0787 0 82.861
      vertex 51.9843 0 83.0606
    endloop
  endfacet
  facet normal 0.243282 0 0.969956
    outer loop
      vertex 49.3469 1.41167 79.8469
      vertex 49.561 0 79.7932
      vertex 49.561 1.41167 79.7932
    endloop
  endfacet
  facet normal 0.243282 0 0.969956
    outer loop
      vertex 49.561 0 79.7932
      vertex 49.3469 1.41167 79.8469
      vertex 49.3469 0 79.8469
    endloop
  endfacet
  facet normal 0.941527 -0 0.336939
    outer loop
      vertex 47.8469 0 81.3469
      vertex 47.9213 1.41167 81.139
      vertex 47.8469 1.41167 81.3469
    endloop
  endfacet
  facet normal 0.941527 0 0.336939
    outer loop
      vertex 47.9213 1.41167 81.139
      vertex 47.8469 0 81.3469
      vertex 47.9213 0 81.139
    endloop
  endfacet
  facet normal 0.427541 0 0.903996
    outer loop
      vertex 48.9394 1.41167 80.0157
      vertex 49.139 0 79.9213
      vertex 49.139 1.41167 79.9213
    endloop
  endfacet
  facet normal 0.427541 0 0.903996
    outer loop
      vertex 49.139 0 79.9213
      vertex 48.9394 1.41167 80.0157
      vertex 48.9394 0 80.0157
    endloop
  endfacet
  facet normal 0.989174 -0 0.146746
    outer loop
      vertex 47.7608 0 81.7795
      vertex 47.7932 1.41167 81.5611
      vertex 47.7608 1.41167 81.7795
    endloop
  endfacet
  facet normal 0.989174 0 0.146746
    outer loop
      vertex 47.7932 1.41167 81.5611
      vertex 47.7608 0 81.7795
      vertex 47.7932 0 81.5611
    endloop
  endfacet
  facet normal 0.969982 -0 0.243175
    outer loop
      vertex 47.7932 0 81.5611
      vertex 47.8469 1.41167 81.3469
      vertex 47.7932 1.41167 81.5611
    endloop
  endfacet
  facet normal 0.969982 0 0.243175
    outer loop
      vertex 47.8469 1.41167 81.3469
      vertex 47.7932 0 81.5611
      vertex 47.8469 0 81.3469
    endloop
  endfacet
  facet normal -0.427541 0 0.903996
    outer loop
      vertex 50.861 1.41167 79.9213
      vertex 51.0606 0 80.0157
      vertex 51.0606 1.41167 80.0157
    endloop
  endfacet
  facet normal -0.427541 0 0.903996
    outer loop
      vertex 51.0606 0 80.0157
      vertex 50.861 1.41167 79.9213
      vertex 50.861 0 79.9213
    endloop
  endfacet
  facet normal -0.989174 0 -0.146746
    outer loop
      vertex 52.2392 0 82.2205
      vertex 52.2068 1.41167 82.4389
      vertex 52.2392 1.41167 82.2205
    endloop
  endfacet
  facet normal -0.989174 -0 -0.146746
    outer loop
      vertex 52.2068 1.41167 82.4389
      vertex 52.2392 0 82.2205
      vertex 52.2068 0 82.4389
    endloop
  endfacet
  facet normal -0.14668 0 0.989184
    outer loop
      vertex 50.2205 1.41167 79.7608
      vertex 50.439 0 79.7932
      vertex 50.439 1.41167 79.7932
    endloop
  endfacet
  facet normal -0.14668 0 0.989184
    outer loop
      vertex 50.439 0 79.7932
      vertex 50.2205 1.41167 79.7608
      vertex 50.2205 0 79.7608
    endloop
  endfacet
  facet normal -0.0489209 0 0.998803
    outer loop
      vertex 50 1.41167 79.75
      vertex 50.2205 0 79.7608
      vertex 50.2205 1.41167 79.7608
    endloop
  endfacet
  facet normal -0.0489209 0 0.998803
    outer loop
      vertex 50.2205 0 79.7608
      vertex 50 1.41167 79.75
      vertex 50 0 79.75
    endloop
  endfacet
  facet normal 0.740902 0 -0.671613
    outer loop
      vertex 48.409 0 83.591
      vertex 48.2607 1.41167 83.4274
      vertex 48.409 1.41167 83.591
    endloop
  endfacet
  facet normal 0.740902 0 -0.671613
    outer loop
      vertex 48.2607 1.41167 83.4274
      vertex 48.409 0 83.591
      vertex 48.2607 0 83.4274
    endloop
  endfacet
  facet normal 0.857773 0 -0.514029
    outer loop
      vertex 48.1292 0 83.25
      vertex 48.0157 1.41167 83.0606
      vertex 48.1292 1.41167 83.25
    endloop
  endfacet
  facet normal 0.857773 0 -0.514029
    outer loop
      vertex 48.0157 1.41167 83.0606
      vertex 48.1292 0 83.25
      vertex 48.0157 0 83.0606
    endloop
  endfacet
  facet normal 0.336939 0 0.941527
    outer loop
      vertex 49.139 1.41167 79.9213
      vertex 49.3469 0 79.8469
      vertex 49.3469 1.41167 79.8469
    endloop
  endfacet
  facet normal 0.336939 0 0.941527
    outer loop
      vertex 49.3469 0 79.8469
      vertex 49.139 1.41167 79.9213
      vertex 49.139 0 79.9213
    endloop
  endfacet
  facet normal 0.514029 0 -0.857773
    outer loop
      vertex 48.75 0 83.8708
      vertex 48.9394 1.41167 83.9843
      vertex 48.9394 0 83.9843
    endloop
  endfacet
  facet normal 0.514029 0 -0.857773
    outer loop
      vertex 48.9394 1.41167 83.9843
      vertex 48.75 0 83.8708
      vertex 48.75 1.41167 83.8708
    endloop
  endfacet
  facet normal -0.595498 0 -0.803357
    outer loop
      vertex 51.25 0 83.8708
      vertex 51.4274 1.41167 83.7393
      vertex 51.4274 0 83.7393
    endloop
  endfacet
  facet normal -0.595498 0 -0.803357
    outer loop
      vertex 51.4274 1.41167 83.7393
      vertex 51.25 0 83.8708
      vertex 51.25 1.41167 83.8708
    endloop
  endfacet
  facet normal 0.336939 0 -0.941527
    outer loop
      vertex 49.139 0 84.0787
      vertex 49.3469 1.41167 84.1531
      vertex 49.3469 0 84.1531
    endloop
  endfacet
  facet normal 0.336939 0 -0.941527
    outer loop
      vertex 49.3469 1.41167 84.1531
      vertex 49.139 0 84.0787
      vertex 49.139 1.41167 84.0787
    endloop
  endfacet
  facet normal 0.803357 0 -0.595498
    outer loop
      vertex 48.2607 0 83.4274
      vertex 48.1292 1.41167 83.25
      vertex 48.2607 1.41167 83.4274
    endloop
  endfacet
  facet normal 0.803357 0 -0.595498
    outer loop
      vertex 48.1292 1.41167 83.25
      vertex 48.2607 0 83.4274
      vertex 48.1292 0 83.25
    endloop
  endfacet
  facet normal 0.903996 -0 0.427541
    outer loop
      vertex 47.9213 0 81.139
      vertex 48.0157 1.41167 80.9394
      vertex 47.9213 1.41167 81.139
    endloop
  endfacet
  facet normal 0.903996 0 0.427541
    outer loop
      vertex 48.0157 1.41167 80.9394
      vertex 47.9213 0 81.139
      vertex 48.0157 0 80.9394
    endloop
  endfacet
  facet normal 0.989174 0 -0.146746
    outer loop
      vertex 47.7932 0 82.4389
      vertex 47.7608 1.41167 82.2205
      vertex 47.7932 1.41167 82.4389
    endloop
  endfacet
  facet normal 0.989174 0 -0.146746
    outer loop
      vertex 47.7608 1.41167 82.2205
      vertex 47.7932 0 82.4389
      vertex 47.7608 0 82.2205
    endloop
  endfacet
  facet normal -0.243282 0 0.969956
    outer loop
      vertex 50.439 1.41167 79.7932
      vertex 50.6531 0 79.8469
      vertex 50.6531 1.41167 79.8469
    endloop
  endfacet
  facet normal -0.243282 0 0.969956
    outer loop
      vertex 50.6531 0 79.8469
      vertex 50.439 1.41167 79.7932
      vertex 50.439 0 79.7932
    endloop
  endfacet
  facet normal -0.514029 0 -0.857773
    outer loop
      vertex 51.0606 0 83.9843
      vertex 51.25 1.41167 83.8708
      vertex 51.25 0 83.8708
    endloop
  endfacet
  facet normal -0.514029 0 -0.857773
    outer loop
      vertex 51.25 1.41167 83.8708
      vertex 51.0606 0 83.9843
      vertex 51.0606 1.41167 83.9843
    endloop
  endfacet
  facet normal 0.671613 0 -0.740902
    outer loop
      vertex 48.409 0 83.591
      vertex 48.5726 1.41167 83.7393
      vertex 48.5726 0 83.7393
    endloop
  endfacet
  facet normal 0.671613 0 -0.740902
    outer loop
      vertex 48.5726 1.41167 83.7393
      vertex 48.409 0 83.591
      vertex 48.409 1.41167 83.591
    endloop
  endfacet
  facet normal 0.0489209 0 -0.998803
    outer loop
      vertex 49.7795 0 84.2392
      vertex 50 1.41167 84.25
      vertex 50 0 84.25
    endloop
  endfacet
  facet normal 0.0489209 0 -0.998803
    outer loop
      vertex 50 1.41167 84.25
      vertex 49.7795 0 84.2392
      vertex 49.7795 1.41167 84.2392
    endloop
  endfacet
  facet normal 0.998803 -0 0.0489209
    outer loop
      vertex 47.75 0 82
      vertex 47.7608 1.41167 81.7795
      vertex 47.75 1.41167 82
    endloop
  endfacet
  facet normal 0.998803 0 0.0489209
    outer loop
      vertex 47.7608 1.41167 81.7795
      vertex 47.75 0 82
      vertex 47.7608 0 81.7795
    endloop
  endfacet
  facet normal -0.671613 0 -0.740902
    outer loop
      vertex 51.4274 0 83.7393
      vertex 51.591 1.41167 83.591
      vertex 51.591 0 83.591
    endloop
  endfacet
  facet normal -0.671613 0 -0.740902
    outer loop
      vertex 51.591 1.41167 83.591
      vertex 51.4274 0 83.7393
      vertex 51.4274 1.41167 83.7393
    endloop
  endfacet
  facet normal 0.556868 0.65961 0.50479
    outer loop
      vertex 46.5133 4 79.1181
      vertex 48.2607 1.41167 80.5726
      vertex 48.409 1.41167 80.409
    endloop
  endfacet
  facet normal 0.557003 0.659614 0.504635
    outer loop
      vertex 48.2607 1.41167 80.5726
      vertex 46.5133 4 79.1181
      vertex 46.5027 4 79.1298
    endloop
  endfacet
  facet normal 0.110249 0.659612 0.743476
    outer loop
      vertex 49.7795 1.41167 79.7608
      vertex 49.5565 4 77.4975
      vertex 49.133 4 77.5603
    endloop
  endfacet
  facet normal 0.182578 0.659622 -0.729085
    outer loop
      vertex 49.102 4 86.4335
      vertex 49.3469 1.41167 84.1531
      vertex 48.6867 4 86.3295
    endloop
  endfacet
  facet normal -0.750696 0.659618 0.0368677
    outer loop
      vertex 54.5243 4 82
      vertex 54.5033 4 81.5724
      vertex 52.25 1.41167 82
    endloop
  endfacet
  facet normal -0.750639 0.659632 0.037768
    outer loop
      vertex 52.2392 1.41167 81.7795
      vertex 54.5033 4 81.5724
      vertex 54.5025 4 81.5565
    endloop
  endfacet
  facet normal -0.750707 0.659611 0.0367693
    outer loop
      vertex 54.5033 4 81.5724
      vertex 52.2392 1.41167 81.7795
      vertex 52.25 1.41167 82
    endloop
  endfacet
  facet normal -0.182578 0.659622 -0.729085
    outer loop
      vertex 50.898 4 86.4335
      vertex 51.3133 4 86.3295
      vertex 50.6531 1.41167 84.1531
    endloop
  endfacet
  facet normal -0.321443 0.659612 -0.679401
    outer loop
      vertex 51.7457 4 86.1731
      vertex 52.1327 4 85.99
      vertex 51.0606 1.41167 83.9843
    endloop
  endfacet
  facet normal 0.0368677 0.659618 -0.750696
    outer loop
      vertex 50 4 86.5243
      vertex 50 1.41167 84.25
      vertex 49.5724 4 86.5033
    endloop
  endfacet
  facet normal 0.707645 0.659621 -0.253257
    outer loop
      vertex 45.8148 4 83.7165
      vertex 47.8469 1.41167 82.6531
      vertex 45.6705 4 83.3133
    endloop
  endfacet
  facet normal -0.447784 0.659612 -0.603657
    outer loop
      vertex 52.5263 4 85.7524
      vertex 52.8702 4 85.4973
      vertex 51.4274 1.41167 83.7393
    endloop
  endfacet
  facet normal -0.447571 0.659629 0.603796
    outer loop
      vertex 52.5263 4 78.2476
      vertex 51.25 1.41167 80.1292
      vertex 51.4274 1.41167 80.2607
    endloop
  endfacet
  facet normal -0.44484 0.659695 0.605739
    outer loop
      vertex 51.25 1.41167 80.1292
      vertex 52.5263 4 78.2476
      vertex 52.5135 4 78.2382
    endloop
  endfacet
  facet normal 0.182578 0.659622 0.729085
    outer loop
      vertex 49.3469 1.41167 79.8469
      vertex 49.102 4 77.5665
      vertex 48.6867 4 77.6705
    endloop
  endfacet
  facet normal 0.678852 0.65951 -0.322811
    outer loop
      vertex 48.0157 1.41167 83.0606
      vertex 45.8201 4 83.7314
      vertex 45.8269 4 83.7457
    endloop
  endfacet
  facet normal 0.679438 0.659625 -0.321338
    outer loop
      vertex 45.8201 4 83.7314
      vertex 48.0157 1.41167 83.0606
      vertex 47.9213 1.41167 82.861
    endloop
  endfacet
  facet normal 0.603796 0.659629 0.447571
    outer loop
      vertex 46.2476 4 79.4737
      vertex 48.1292 1.41167 80.75
      vertex 48.2607 1.41167 80.5726
    endloop
  endfacet
  facet normal 0.605739 0.659695 0.44484
    outer loop
      vertex 48.1292 1.41167 80.75
      vertex 46.2476 4 79.4737
      vertex 46.2382 4 79.4865
    endloop
  endfacet
  facet normal 0.447571 0.659629 0.603796
    outer loop
      vertex 48.75 1.41167 80.1292
      vertex 47.4737 4 78.2476
      vertex 48.5726 1.41167 80.2607
    endloop
  endfacet
  facet normal 0.44484 0.659695 0.605739
    outer loop
      vertex 47.4737 4 78.2476
      vertex 48.75 1.41167 80.1292
      vertex 47.4865 4 78.2382
    endloop
  endfacet
  facet normal 0.321443 0.659612 -0.679401
    outer loop
      vertex 48.2543 4 86.1731
      vertex 48.9394 1.41167 83.9843
      vertex 47.8673 4 85.99
    endloop
  endfacet
  facet normal -0.504855 0.659604 0.556815
    outer loop
      vertex 53.1991 4 78.8009
      vertex 52.8819 4 78.5133
      vertex 51.591 1.41167 80.409
    endloop
  endfacet
  facet normal -0.743466 0.659616 -0.110294
    outer loop
      vertex 52.2068 1.41167 82.4389
      vertex 54.4397 4 82.867
      vertex 52.2392 1.41167 82.2205
    endloop
  endfacet
  facet normal -0.742795 0.659695 -0.114276
    outer loop
      vertex 54.4397 4 82.867
      vertex 52.2068 1.41167 82.4389
      vertex 54.4373 4 82.8826
    endloop
  endfacet
  facet normal 0.504635 0.659614 -0.557003
    outer loop
      vertex 48.5726 1.41167 83.7393
      vertex 47.1181 4 85.4867
      vertex 47.1298 4 85.4973
    endloop
  endfacet
  facet normal 0.50479 0.65961 -0.556868
    outer loop
      vertex 47.1181 4 85.4867
      vertex 48.5726 1.41167 83.7393
      vertex 48.409 1.41167 83.591
    endloop
  endfacet
  facet normal 0.72956 0.659799 -0.180021
    outer loop
      vertex 47.8469 1.41167 82.6531
      vertex 45.5627 4 82.8826
      vertex 45.5665 4 82.898
    endloop
  endfacet
  facet normal 0.729057 0.659598 -0.182775
    outer loop
      vertex 45.5627 4 82.8826
      vertex 47.8469 1.41167 82.6531
      vertex 47.7932 1.41167 82.4389
    endloop
  endfacet
  facet normal -0.729057 0.659598 -0.182775
    outer loop
      vertex 52.1531 1.41167 82.6531
      vertex 54.4373 4 82.8826
      vertex 52.2068 1.41167 82.4389
    endloop
  endfacet
  facet normal -0.72956 0.659799 -0.180021
    outer loop
      vertex 54.4373 4 82.8826
      vertex 52.1531 1.41167 82.6531
      vertex 54.4335 4 82.898
    endloop
  endfacet
  facet normal 0.70816 0.65959 -0.251896
    outer loop
      vertex 47.9213 1.41167 82.861
      vertex 45.8148 4 83.7165
      vertex 45.8201 4 83.7314
    endloop
  endfacet
  facet normal 0.70765 0.65962 -0.253243
    outer loop
      vertex 45.8148 4 83.7165
      vertex 47.9213 1.41167 82.861
      vertex 47.8469 1.41167 82.6531
    endloop
  endfacet
  facet normal -0.644714 0.659612 -0.386337
    outer loop
      vertex 53.7699 4 84.5
      vertex 53.99 4 84.1327
      vertex 51.9843 1.41167 83.0606
    endloop
  endfacet
  facet normal -0.322811 0.65951 -0.678852
    outer loop
      vertex 51.0606 1.41167 83.9843
      vertex 51.7314 4 86.1799
      vertex 51.7457 4 86.1731
    endloop
  endfacet
  facet normal -0.321338 0.659625 -0.679438
    outer loop
      vertex 51.7314 4 86.1799
      vertex 51.0606 1.41167 83.9843
      vertex 50.861 1.41167 84.0787
    endloop
  endfacet
  facet normal -0.556815 0.659604 -0.504855
    outer loop
      vertex 53.1991 4 85.1991
      vertex 53.4867 4 84.8819
      vertex 51.591 1.41167 83.591
    endloop
  endfacet
  facet normal 0.556815 0.659604 0.504855
    outer loop
      vertex 48.409 1.41167 80.409
      vertex 46.8009 4 78.8009
      vertex 46.5133 4 79.1181
    endloop
  endfacet
  facet normal -0.504635 0.659614 -0.557003
    outer loop
      vertex 52.8819 4 85.4867
      vertex 51.4274 1.41167 83.7393
      vertex 52.8702 4 85.4973
    endloop
  endfacet
  facet normal -0.50479 0.65961 -0.556868
    outer loop
      vertex 51.4274 1.41167 83.7393
      vertex 52.8819 4 85.4867
      vertex 51.591 1.41167 83.591
    endloop
  endfacet
  facet normal 0.253313 0.65962 0.707626
    outer loop
      vertex 49.3469 1.41167 79.8469
      vertex 48.6867 4 77.6705
      vertex 48.2836 4 77.8148
    endloop
  endfacet
  facet normal -0.743476 0.659612 -0.110249
    outer loop
      vertex 54.4397 4 82.867
      vertex 54.5025 4 82.4435
      vertex 52.2392 1.41167 82.2205
    endloop
  endfacet
  facet normal -0.64449 0.659622 -0.386694
    outer loop
      vertex 53.7699 4 84.5
      vertex 51.8708 1.41167 83.25
      vertex 53.7618 4 84.5135
    endloop
  endfacet
  facet normal -0.644706 0.659613 -0.386347
    outer loop
      vertex 51.8708 1.41167 83.25
      vertex 53.7699 4 84.5
      vertex 51.9843 1.41167 83.0606
    endloop
  endfacet
  facet normal -0.750707 0.659611 -0.0367693
    outer loop
      vertex 52.2392 1.41167 82.2205
      vertex 54.5033 4 82.4276
      vertex 52.25 1.41167 82
    endloop
  endfacet
  facet normal -0.750639 0.659632 -0.037768
    outer loop
      vertex 54.5033 4 82.4276
      vertex 52.2392 1.41167 82.2205
      vertex 54.5025 4 82.4435
    endloop
  endfacet
  facet normal -0.750696 0.659618 -0.0368677
    outer loop
      vertex 54.5033 4 82.4276
      vertex 54.5243 4 82
      vertex 52.25 1.41167 82
    endloop
  endfacet
  facet normal -0.250415 0.659549 -0.708723
    outer loop
      vertex 50.861 1.41167 84.0787
      vertex 51.7164 4 86.1852
      vertex 51.7314 4 86.1799
    endloop
  endfacet
  facet normal -0.253245 0.659615 -0.707655
    outer loop
      vertex 51.7164 4 86.1852
      vertex 50.861 1.41167 84.0787
      vertex 50.6531 1.41167 84.1531
    endloop
  endfacet
  facet normal -0.605739 0.659695 -0.44484
    outer loop
      vertex 51.8708 1.41167 83.25
      vertex 53.7524 4 84.5263
      vertex 53.7618 4 84.5135
    endloop
  endfacet
  facet normal -0.603796 0.659629 -0.447571
    outer loop
      vertex 53.7524 4 84.5263
      vertex 51.8708 1.41167 83.25
      vertex 51.7393 1.41167 83.4274
    endloop
  endfacet
  facet normal 0.679438 0.659625 0.321338
    outer loop
      vertex 48.0157 1.41167 80.9394
      vertex 45.8201 4 80.2686
      vertex 47.9213 1.41167 81.139
    endloop
  endfacet
  facet normal 0.678852 0.65951 0.322811
    outer loop
      vertex 45.8201 4 80.2686
      vertex 48.0157 1.41167 80.9394
      vertex 45.8269 4 80.2543
    endloop
  endfacet
  facet normal -0.250415 0.659549 0.708723
    outer loop
      vertex 51.7164 4 77.8148
      vertex 50.861 1.41167 79.9213
      vertex 51.7314 4 77.8201
    endloop
  endfacet
  facet normal -0.253245 0.659615 0.707655
    outer loop
      vertex 50.861 1.41167 79.9213
      vertex 51.7164 4 77.8148
      vertex 50.6531 1.41167 79.8469
    endloop
  endfacet
  facet normal -0.253313 0.65962 -0.707626
    outer loop
      vertex 51.3133 4 86.3295
      vertex 51.7164 4 86.1852
      vertex 50.6531 1.41167 84.1531
    endloop
  endfacet
  facet normal 0.0367693 0.659611 -0.750707
    outer loop
      vertex 49.7795 1.41167 84.2392
      vertex 49.5724 4 86.5033
      vertex 50 1.41167 84.25
    endloop
  endfacet
  facet normal 0.037768 0.659632 -0.750639
    outer loop
      vertex 49.5724 4 86.5033
      vertex 49.7795 1.41167 84.2392
      vertex 49.5565 4 86.5025
    endloop
  endfacet
  facet normal 0.743476 0.659612 -0.110249
    outer loop
      vertex 45.5603 4 82.867
      vertex 47.7608 1.41167 82.2205
      vertex 45.4975 4 82.4435
    endloop
  endfacet
  facet normal 0.556815 0.659604 -0.504855
    outer loop
      vertex 46.8009 4 85.1991
      vertex 48.409 1.41167 83.591
      vertex 46.5133 4 84.8819
    endloop
  endfacet
  facet normal -0.603657 0.659612 -0.447784
    outer loop
      vertex 53.4973 4 84.8702
      vertex 53.7524 4 84.5263
      vertex 51.7393 1.41167 83.4274
    endloop
  endfacet
  facet normal -0.679401 0.659612 -0.321443
    outer loop
      vertex 53.99 4 84.1327
      vertex 54.1731 4 83.7457
      vertex 51.9843 1.41167 83.0606
    endloop
  endfacet
  facet normal -0.504855 0.659604 -0.556815
    outer loop
      vertex 52.8819 4 85.4867
      vertex 53.1991 4 85.1991
      vertex 51.591 1.41167 83.591
    endloop
  endfacet
  facet normal -0.729085 0.659622 -0.182578
    outer loop
      vertex 54.3295 4 83.3133
      vertex 54.4335 4 82.898
      vertex 52.1531 1.41167 82.6531
    endloop
  endfacet
  facet normal -0.679438 0.659625 -0.321338
    outer loop
      vertex 51.9843 1.41167 83.0606
      vertex 54.1799 4 83.7314
      vertex 52.0787 1.41167 82.861
    endloop
  endfacet
  facet normal -0.678852 0.65951 -0.322811
    outer loop
      vertex 54.1799 4 83.7314
      vertex 51.9843 1.41167 83.0606
      vertex 54.1731 4 83.7457
    endloop
  endfacet
  facet normal -0.70765 0.65962 -0.253243
    outer loop
      vertex 52.0787 1.41167 82.861
      vertex 54.1852 4 83.7165
      vertex 52.1531 1.41167 82.6531
    endloop
  endfacet
  facet normal -0.70816 0.65959 -0.251896
    outer loop
      vertex 54.1852 4 83.7165
      vertex 52.0787 1.41167 82.861
      vertex 54.1799 4 83.7314
    endloop
  endfacet
  facet normal -0.321443 0.659612 0.679401
    outer loop
      vertex 52.1327 4 78.01
      vertex 51.7457 4 77.8269
      vertex 51.0606 1.41167 80.0157
    endloop
  endfacet
  facet normal -0.557003 0.659614 -0.504635
    outer loop
      vertex 51.7393 1.41167 83.4274
      vertex 53.4867 4 84.8819
      vertex 53.4973 4 84.8702
    endloop
  endfacet
  facet normal -0.556868 0.65961 -0.50479
    outer loop
      vertex 53.4867 4 84.8819
      vertex 51.7393 1.41167 83.4274
      vertex 51.591 1.41167 83.591
    endloop
  endfacet
  facet normal -0.110249 0.659612 -0.743476
    outer loop
      vertex 50.4435 4 86.5025
      vertex 50.867 4 86.4397
      vertex 50.2205 1.41167 84.2392
    endloop
  endfacet
  facet normal 0.644706 0.659613 0.386347
    outer loop
      vertex 48.1292 1.41167 80.75
      vertex 46.2301 4 79.5
      vertex 48.0157 1.41167 80.9394
    endloop
  endfacet
  facet normal 0.64449 0.659622 0.386694
    outer loop
      vertex 46.2301 4 79.5
      vertex 48.1292 1.41167 80.75
      vertex 46.2382 4 79.4865
    endloop
  endfacet
  facet normal 0.386337 0.659612 0.644714
    outer loop
      vertex 48.9394 1.41167 80.0157
      vertex 47.8673 4 78.01
      vertex 47.5 4 78.2301
    endloop
  endfacet
  facet normal -0.386337 0.659612 -0.644714
    outer loop
      vertex 52.1327 4 85.99
      vertex 52.5 4 85.7699
      vertex 51.0606 1.41167 83.9843
    endloop
  endfacet
  facet normal -0.0368677 0.659618 -0.750696
    outer loop
      vertex 50 4 86.5243
      vertex 50.4276 4 86.5033
      vertex 50 1.41167 84.25
    endloop
  endfacet
  facet normal 0.603657 0.659612 -0.447784
    outer loop
      vertex 46.5027 4 84.8702
      vertex 48.2607 1.41167 83.4274
      vertex 46.2476 4 84.5263
    endloop
  endfacet
  facet normal -0.50479 0.65961 0.556868
    outer loop
      vertex 52.8819 4 78.5133
      vertex 51.4274 1.41167 80.2607
      vertex 51.591 1.41167 80.409
    endloop
  endfacet
  facet normal -0.504635 0.659614 0.557003
    outer loop
      vertex 51.4274 1.41167 80.2607
      vertex 52.8819 4 78.5133
      vertex 52.8702 4 78.5027
    endloop
  endfacet
  facet normal -0.707645 0.659621 -0.253257
    outer loop
      vertex 54.1852 4 83.7165
      vertex 54.3295 4 83.3133
      vertex 52.1531 1.41167 82.6531
    endloop
  endfacet
  facet normal 0.447784 0.659612 -0.603657
    outer loop
      vertex 47.4737 4 85.7524
      vertex 48.5726 1.41167 83.7393
      vertex 47.1298 4 85.4973
    endloop
  endfacet
  facet normal -0.447784 0.659612 0.603657
    outer loop
      vertex 52.8702 4 78.5027
      vertex 52.5263 4 78.2476
      vertex 51.4274 1.41167 80.2607
    endloop
  endfacet
  facet normal 0.644714 0.659612 0.386337
    outer loop
      vertex 48.0157 1.41167 80.9394
      vertex 46.2301 4 79.5
      vertex 46.01 4 79.8673
    endloop
  endfacet
  facet normal 0.729085 0.659622 -0.182578
    outer loop
      vertex 45.6705 4 83.3133
      vertex 47.8469 1.41167 82.6531
      vertex 45.5665 4 82.898
    endloop
  endfacet
  facet normal 0.742795 0.659695 -0.114276
    outer loop
      vertex 47.7932 1.41167 82.4389
      vertex 45.5603 4 82.867
      vertex 45.5627 4 82.8826
    endloop
  endfacet
  facet normal 0.743466 0.659616 -0.110294
    outer loop
      vertex 45.5603 4 82.867
      vertex 47.7932 1.41167 82.4389
      vertex 47.7608 1.41167 82.2205
    endloop
  endfacet
  facet normal 0.50479 0.65961 0.556868
    outer loop
      vertex 48.5726 1.41167 80.2607
      vertex 47.1181 4 78.5133
      vertex 48.409 1.41167 80.409
    endloop
  endfacet
  facet normal 0.504635 0.659614 0.557003
    outer loop
      vertex 47.1181 4 78.5133
      vertex 48.5726 1.41167 80.2607
      vertex 47.1298 4 78.5027
    endloop
  endfacet
  facet normal -0.180021 0.659799 -0.72956
    outer loop
      vertex 50.6531 1.41167 84.1531
      vertex 50.8826 4 86.4373
      vertex 50.898 4 86.4335
    endloop
  endfacet
  facet normal -0.182856 0.659592 -0.729042
    outer loop
      vertex 50.8826 4 86.4373
      vertex 50.6531 1.41167 84.1531
      vertex 50.439 1.41167 84.2068
    endloop
  endfacet
  facet normal 0.603796 0.659629 -0.447571
    outer loop
      vertex 48.1292 1.41167 83.25
      vertex 46.2476 4 84.5263
      vertex 48.2607 1.41167 83.4274
    endloop
  endfacet
  facet normal 0.605739 0.659695 -0.44484
    outer loop
      vertex 46.2476 4 84.5263
      vertex 48.1292 1.41167 83.25
      vertex 46.2382 4 84.5135
    endloop
  endfacet
  facet normal 0.556868 0.65961 -0.50479
    outer loop
      vertex 48.2607 1.41167 83.4274
      vertex 46.5133 4 84.8819
      vertex 48.409 1.41167 83.591
    endloop
  endfacet
  facet normal 0.557003 0.659614 -0.504635
    outer loop
      vertex 46.5133 4 84.8819
      vertex 48.2607 1.41167 83.4274
      vertex 46.5027 4 84.8702
    endloop
  endfacet
  facet normal -0.0368677 0.659618 0.750696
    outer loop
      vertex 50.4276 4 77.4967
      vertex 50 4 77.4757
      vertex 50 1.41167 79.75
    endloop
  endfacet
  facet normal 0.750707 0.659611 0.0367693
    outer loop
      vertex 47.7608 1.41167 81.7795
      vertex 45.4967 4 81.5724
      vertex 47.75 1.41167 82
    endloop
  endfacet
  facet normal 0.750639 0.659632 0.037768
    outer loop
      vertex 45.4967 4 81.5724
      vertex 47.7608 1.41167 81.7795
      vertex 45.4975 4 81.5565
    endloop
  endfacet
  facet normal 0.321338 0.659625 0.679438
    outer loop
      vertex 48.2686 4 77.8201
      vertex 48.9394 1.41167 80.0157
      vertex 49.139 1.41167 79.9213
    endloop
  endfacet
  facet normal 0.322811 0.65951 0.678852
    outer loop
      vertex 48.9394 1.41167 80.0157
      vertex 48.2686 4 77.8201
      vertex 48.2543 4 77.8269
    endloop
  endfacet
  facet normal 0.386347 0.659613 0.644706
    outer loop
      vertex 47.5 4 78.2301
      vertex 48.75 1.41167 80.1292
      vertex 48.9394 1.41167 80.0157
    endloop
  endfacet
  facet normal 0.386694 0.659622 0.64449
    outer loop
      vertex 48.75 1.41167 80.1292
      vertex 47.5 4 78.2301
      vertex 47.4865 4 78.2382
    endloop
  endfacet
  facet normal 0.644714 0.659612 -0.386337
    outer loop
      vertex 46.2301 4 84.5
      vertex 48.0157 1.41167 83.0606
      vertex 46.01 4 84.1327
    endloop
  endfacet
  facet normal -0.037768 0.659632 -0.750639
    outer loop
      vertex 50.2205 1.41167 84.2392
      vertex 50.4276 4 86.5033
      vertex 50.4435 4 86.5025
    endloop
  endfacet
  facet normal -0.0367693 0.659611 -0.750707
    outer loop
      vertex 50.4276 4 86.5033
      vertex 50.2205 1.41167 84.2392
      vertex 50 1.41167 84.25
    endloop
  endfacet
  facet normal 0.110249 0.659612 -0.743476
    outer loop
      vertex 49.5565 4 86.5025
      vertex 49.7795 1.41167 84.2392
      vertex 49.133 4 86.4397
    endloop
  endfacet
  facet normal 0.253313 0.65962 -0.707626
    outer loop
      vertex 48.6867 4 86.3295
      vertex 49.3469 1.41167 84.1531
      vertex 48.2836 4 86.1852
    endloop
  endfacet
  facet normal -0.556815 0.659604 0.504855
    outer loop
      vertex 53.4867 4 79.1181
      vertex 53.1991 4 78.8009
      vertex 51.591 1.41167 80.409
    endloop
  endfacet
  facet normal 0.679401 0.659612 -0.321443
    outer loop
      vertex 46.01 4 84.1327
      vertex 48.0157 1.41167 83.0606
      vertex 45.8269 4 83.7457
    endloop
  endfacet
  facet normal 0.679401 0.659612 0.321443
    outer loop
      vertex 48.0157 1.41167 80.9394
      vertex 46.01 4 79.8673
      vertex 45.8269 4 80.2543
    endloop
  endfacet
  facet normal -0.180021 0.659799 0.72956
    outer loop
      vertex 50.8826 4 77.5627
      vertex 50.6531 1.41167 79.8469
      vertex 50.898 4 77.5665
    endloop
  endfacet
  facet normal -0.182856 0.659592 0.729042
    outer loop
      vertex 50.6531 1.41167 79.8469
      vertex 50.8826 4 77.5627
      vertex 50.439 1.41167 79.7932
    endloop
  endfacet
  facet normal 0.110246 0.659612 -0.743477
    outer loop
      vertex 49.561 1.41167 84.2068
      vertex 49.133 4 86.4397
      vertex 49.7795 1.41167 84.2392
    endloop
  endfacet
  facet normal 0.114276 0.659692 -0.742797
    outer loop
      vertex 49.133 4 86.4397
      vertex 49.561 1.41167 84.2068
      vertex 49.1174 4 86.4373
    endloop
  endfacet
  facet normal -0.386694 0.659622 0.64449
    outer loop
      vertex 52.5 4 78.2301
      vertex 51.25 1.41167 80.1292
      vertex 52.5135 4 78.2382
    endloop
  endfacet
  facet normal -0.386347 0.659613 0.644706
    outer loop
      vertex 51.25 1.41167 80.1292
      vertex 52.5 4 78.2301
      vertex 51.0606 1.41167 80.0157
    endloop
  endfacet
  facet normal -0.322811 0.65951 0.678852
    outer loop
      vertex 51.7314 4 77.8201
      vertex 51.0606 1.41167 80.0157
      vertex 51.7457 4 77.8269
    endloop
  endfacet
  facet normal -0.321338 0.659625 0.679438
    outer loop
      vertex 51.0606 1.41167 80.0157
      vertex 51.7314 4 77.8201
      vertex 50.861 1.41167 79.9213
    endloop
  endfacet
  facet normal -0.679401 0.659612 0.321443
    outer loop
      vertex 54.1731 4 80.2543
      vertex 53.99 4 79.8673
      vertex 51.9843 1.41167 80.9394
    endloop
  endfacet
  facet normal 0.504855 0.659604 -0.556815
    outer loop
      vertex 47.1181 4 85.4867
      vertex 48.409 1.41167 83.591
      vertex 46.8009 4 85.1991
    endloop
  endfacet
  facet normal 0.386347 0.659613 -0.644706
    outer loop
      vertex 48.75 1.41167 83.8708
      vertex 47.5 4 85.7699
      vertex 48.9394 1.41167 83.9843
    endloop
  endfacet
  facet normal 0.386694 0.659622 -0.64449
    outer loop
      vertex 47.5 4 85.7699
      vertex 48.75 1.41167 83.8708
      vertex 47.4865 4 85.7618
    endloop
  endfacet
  facet normal 0.386337 0.659612 -0.644714
    outer loop
      vertex 47.8673 4 85.99
      vertex 48.9394 1.41167 83.9843
      vertex 47.5 4 85.7699
    endloop
  endfacet
  facet normal 0.182856 0.659592 -0.729042
    outer loop
      vertex 49.3469 1.41167 84.1531
      vertex 49.1174 4 86.4373
      vertex 49.561 1.41167 84.2068
    endloop
  endfacet
  facet normal 0.180021 0.659799 -0.72956
    outer loop
      vertex 49.1174 4 86.4373
      vertex 49.3469 1.41167 84.1531
      vertex 49.102 4 86.4335
    endloop
  endfacet
  facet normal -0.644714 0.659612 0.386337
    outer loop
      vertex 53.99 4 79.8673
      vertex 53.7699 4 79.5
      vertex 51.9843 1.41167 80.9394
    endloop
  endfacet
  facet normal -0.557003 0.659614 0.504635
    outer loop
      vertex 53.4867 4 79.1181
      vertex 51.7393 1.41167 80.5726
      vertex 53.4973 4 79.1298
    endloop
  endfacet
  facet normal -0.556868 0.65961 0.50479
    outer loop
      vertex 51.7393 1.41167 80.5726
      vertex 53.4867 4 79.1181
      vertex 51.591 1.41167 80.409
    endloop
  endfacet
  facet normal -0.386694 0.659622 -0.64449
    outer loop
      vertex 51.25 1.41167 83.8708
      vertex 52.5 4 85.7699
      vertex 52.5135 4 85.7618
    endloop
  endfacet
  facet normal -0.386347 0.659613 -0.644706
    outer loop
      vertex 52.5 4 85.7699
      vertex 51.25 1.41167 83.8708
      vertex 51.0606 1.41167 83.9843
    endloop
  endfacet
  facet normal -0.44484 0.659695 -0.605739
    outer loop
      vertex 52.5263 4 85.7524
      vertex 51.25 1.41167 83.8708
      vertex 52.5135 4 85.7618
    endloop
  endfacet
  facet normal -0.447571 0.659629 -0.603796
    outer loop
      vertex 51.25 1.41167 83.8708
      vertex 52.5263 4 85.7524
      vertex 51.4274 1.41167 83.7393
    endloop
  endfacet
  facet normal 0.253245 0.659615 0.707655
    outer loop
      vertex 48.2836 4 77.8148
      vertex 49.139 1.41167 79.9213
      vertex 49.3469 1.41167 79.8469
    endloop
  endfacet
  facet normal 0.250415 0.659549 0.708723
    outer loop
      vertex 49.139 1.41167 79.9213
      vertex 48.2836 4 77.8148
      vertex 48.2686 4 77.8201
    endloop
  endfacet
  facet normal 0.44484 0.659695 -0.605739
    outer loop
      vertex 48.75 1.41167 83.8708
      vertex 47.4737 4 85.7524
      vertex 47.4865 4 85.7618
    endloop
  endfacet
  facet normal 0.447571 0.659629 -0.603796
    outer loop
      vertex 47.4737 4 85.7524
      vertex 48.75 1.41167 83.8708
      vertex 48.5726 1.41167 83.7393
    endloop
  endfacet
  facet normal 0.182856 0.659592 0.729042
    outer loop
      vertex 49.1174 4 77.5627
      vertex 49.3469 1.41167 79.8469
      vertex 49.561 1.41167 79.7932
    endloop
  endfacet
  facet normal 0.180021 0.659799 0.72956
    outer loop
      vertex 49.3469 1.41167 79.8469
      vertex 49.1174 4 77.5627
      vertex 49.102 4 77.5665
    endloop
  endfacet
  facet normal 0.447784 0.659612 0.603657
    outer loop
      vertex 48.5726 1.41167 80.2607
      vertex 47.4737 4 78.2476
      vertex 47.1298 4 78.5027
    endloop
  endfacet
  facet normal 0.504855 0.659604 0.556815
    outer loop
      vertex 48.409 1.41167 80.409
      vertex 47.1181 4 78.5133
      vertex 46.8009 4 78.8009
    endloop
  endfacet
  facet normal -0.678852 0.65951 0.322811
    outer loop
      vertex 51.9843 1.41167 80.9394
      vertex 54.1799 4 80.2686
      vertex 54.1731 4 80.2543
    endloop
  endfacet
  facet normal -0.679438 0.659625 0.321338
    outer loop
      vertex 54.1799 4 80.2686
      vertex 51.9843 1.41167 80.9394
      vertex 52.0787 1.41167 81.139
    endloop
  endfacet
  facet normal 0.603657 0.659612 0.447784
    outer loop
      vertex 48.2607 1.41167 80.5726
      vertex 46.5027 4 79.1298
      vertex 46.2476 4 79.4737
    endloop
  endfacet
  facet normal -0.253313 0.65962 0.707626
    outer loop
      vertex 51.7164 4 77.8148
      vertex 51.3133 4 77.6705
      vertex 50.6531 1.41167 79.8469
    endloop
  endfacet
  facet normal 0.743466 0.659616 0.110294
    outer loop
      vertex 47.7932 1.41167 81.5611
      vertex 45.5603 4 81.133
      vertex 47.7608 1.41167 81.7795
    endloop
  endfacet
  facet normal 0.742795 0.659695 0.114276
    outer loop
      vertex 45.5603 4 81.133
      vertex 47.7932 1.41167 81.5611
      vertex 45.5627 4 81.1174
    endloop
  endfacet
  facet normal 0.743476 0.659612 0.110249
    outer loop
      vertex 47.7608 1.41167 81.7795
      vertex 45.5603 4 81.133
      vertex 45.4975 4 81.5565
    endloop
  endfacet
  facet normal -0.110249 0.659612 0.743476
    outer loop
      vertex 50.867 4 77.5603
      vertex 50.4435 4 77.4975
      vertex 50.2205 1.41167 79.7608
    endloop
  endfacet
  facet normal 0.729057 0.659598 0.182775
    outer loop
      vertex 47.8469 1.41167 81.3469
      vertex 45.5627 4 81.1174
      vertex 47.7932 1.41167 81.5611
    endloop
  endfacet
  facet normal 0.72956 0.659799 0.180021
    outer loop
      vertex 45.5627 4 81.1174
      vertex 47.8469 1.41167 81.3469
      vertex 45.5665 4 81.102
    endloop
  endfacet
  facet normal 0.253245 0.659615 -0.707655
    outer loop
      vertex 49.139 1.41167 84.0787
      vertex 48.2836 4 86.1852
      vertex 49.3469 1.41167 84.1531
    endloop
  endfacet
  facet normal 0.250415 0.659549 -0.708723
    outer loop
      vertex 48.2836 4 86.1852
      vertex 49.139 1.41167 84.0787
      vertex 48.2686 4 86.1799
    endloop
  endfacet
  facet normal -0.114276 0.659692 -0.742797
    outer loop
      vertex 50.439 1.41167 84.2068
      vertex 50.867 4 86.4397
      vertex 50.8826 4 86.4373
    endloop
  endfacet
  facet normal -0.110246 0.659612 -0.743477
    outer loop
      vertex 50.867 4 86.4397
      vertex 50.439 1.41167 84.2068
      vertex 50.2205 1.41167 84.2392
    endloop
  endfacet
  facet normal -0.386337 0.659612 0.644714
    outer loop
      vertex 52.5 4 78.2301
      vertex 52.1327 4 78.01
      vertex 51.0606 1.41167 80.0157
    endloop
  endfacet
  facet normal 0.321338 0.659625 -0.679438
    outer loop
      vertex 48.9394 1.41167 83.9843
      vertex 48.2686 4 86.1799
      vertex 49.139 1.41167 84.0787
    endloop
  endfacet
  facet normal 0.322811 0.65951 -0.678852
    outer loop
      vertex 48.2686 4 86.1799
      vertex 48.9394 1.41167 83.9843
      vertex 48.2543 4 86.1731
    endloop
  endfacet
  facet normal 0.729085 0.659622 0.182578
    outer loop
      vertex 47.8469 1.41167 81.3469
      vertex 45.6705 4 80.6867
      vertex 45.5665 4 81.102
    endloop
  endfacet
  facet normal 0.64449 0.659622 -0.386694
    outer loop
      vertex 48.1292 1.41167 83.25
      vertex 46.2301 4 84.5
      vertex 46.2382 4 84.5135
    endloop
  endfacet
  facet normal 0.644706 0.659613 -0.386347
    outer loop
      vertex 46.2301 4 84.5
      vertex 48.1292 1.41167 83.25
      vertex 48.0157 1.41167 83.0606
    endloop
  endfacet
  facet normal -0.114276 0.659692 0.742797
    outer loop
      vertex 50.867 4 77.5603
      vertex 50.439 1.41167 79.7932
      vertex 50.8826 4 77.5627
    endloop
  endfacet
  facet normal -0.110246 0.659612 0.743477
    outer loop
      vertex 50.439 1.41167 79.7932
      vertex 50.867 4 77.5603
      vertex 50.2205 1.41167 79.7608
    endloop
  endfacet
  facet normal 0.707645 0.659621 0.253257
    outer loop
      vertex 47.8469 1.41167 81.3469
      vertex 45.8148 4 80.2835
      vertex 45.6705 4 80.6867
    endloop
  endfacet
  facet normal 0.750696 0.659618 0.0368677
    outer loop
      vertex 47.75 1.41167 82
      vertex 45.4967 4 81.5724
      vertex 45.4757 4 82
    endloop
  endfacet
  facet normal 0.70765 0.65962 0.253243
    outer loop
      vertex 47.9213 1.41167 81.139
      vertex 45.8148 4 80.2835
      vertex 47.8469 1.41167 81.3469
    endloop
  endfacet
  facet normal 0.70816 0.65959 0.251896
    outer loop
      vertex 45.8148 4 80.2835
      vertex 47.9213 1.41167 81.139
      vertex 45.8201 4 80.2686
    endloop
  endfacet
  facet normal 0.321443 0.659612 0.679401
    outer loop
      vertex 48.9394 1.41167 80.0157
      vertex 48.2543 4 77.8269
      vertex 47.8673 4 78.01
    endloop
  endfacet
  facet normal 0.110246 0.659612 0.743477
    outer loop
      vertex 49.133 4 77.5603
      vertex 49.561 1.41167 79.7932
      vertex 49.7795 1.41167 79.7608
    endloop
  endfacet
  facet normal 0.114276 0.659692 0.742797
    outer loop
      vertex 49.561 1.41167 79.7932
      vertex 49.133 4 77.5603
      vertex 49.1174 4 77.5627
    endloop
  endfacet
  facet normal -0.182578 0.659622 0.729085
    outer loop
      vertex 51.3133 4 77.6705
      vertex 50.898 4 77.5665
      vertex 50.6531 1.41167 79.8469
    endloop
  endfacet
  facet normal 0.750696 0.659618 -0.0368677
    outer loop
      vertex 45.4967 4 82.4276
      vertex 47.75 1.41167 82
      vertex 45.4757 4 82
    endloop
  endfacet
  facet normal 0.750639 0.659632 -0.037768
    outer loop
      vertex 47.7608 1.41167 82.2205
      vertex 45.4967 4 82.4276
      vertex 45.4975 4 82.4435
    endloop
  endfacet
  facet normal 0.750707 0.659611 -0.0367693
    outer loop
      vertex 45.4967 4 82.4276
      vertex 47.7608 1.41167 82.2205
      vertex 47.75 1.41167 82
    endloop
  endfacet
  facet normal -0.707645 0.659621 0.253257
    outer loop
      vertex 54.3295 4 80.6867
      vertex 54.1852 4 80.2835
      vertex 52.1531 1.41167 81.3469
    endloop
  endfacet
  facet normal -0.603657 0.659612 0.447784
    outer loop
      vertex 53.7524 4 79.4737
      vertex 53.4973 4 79.1298
      vertex 51.7393 1.41167 80.5726
    endloop
  endfacet
  facet normal -0.729085 0.659622 0.182578
    outer loop
      vertex 54.4335 4 81.102
      vertex 54.3295 4 80.6867
      vertex 52.1531 1.41167 81.3469
    endloop
  endfacet
  facet normal 0.0368677 0.659618 0.750696
    outer loop
      vertex 50 1.41167 79.75
      vertex 50 4 77.4757
      vertex 49.5724 4 77.4967
    endloop
  endfacet
  facet normal -0.037768 0.659632 0.750639
    outer loop
      vertex 50.4276 4 77.4967
      vertex 50.2205 1.41167 79.7608
      vertex 50.4435 4 77.4975
    endloop
  endfacet
  facet normal -0.0367693 0.659611 0.750707
    outer loop
      vertex 50.2205 1.41167 79.7608
      vertex 50.4276 4 77.4967
      vertex 50 1.41167 79.75
    endloop
  endfacet
  facet normal 0.0367693 0.659611 0.750707
    outer loop
      vertex 49.5724 4 77.4967
      vertex 49.7795 1.41167 79.7608
      vertex 50 1.41167 79.75
    endloop
  endfacet
  facet normal 0.037768 0.659632 0.750639
    outer loop
      vertex 49.7795 1.41167 79.7608
      vertex 49.5724 4 77.4967
      vertex 49.5565 4 77.4975
    endloop
  endfacet
  facet normal -0.644706 0.659613 0.386347
    outer loop
      vertex 53.7699 4 79.5
      vertex 51.8708 1.41167 80.75
      vertex 51.9843 1.41167 80.9394
    endloop
  endfacet
  facet normal -0.64449 0.659622 0.386694
    outer loop
      vertex 51.8708 1.41167 80.75
      vertex 53.7699 4 79.5
      vertex 53.7618 4 79.4865
    endloop
  endfacet
  facet normal -0.605739 0.659695 0.44484
    outer loop
      vertex 53.7524 4 79.4737
      vertex 51.8708 1.41167 80.75
      vertex 53.7618 4 79.4865
    endloop
  endfacet
  facet normal -0.603796 0.659629 0.447571
    outer loop
      vertex 51.8708 1.41167 80.75
      vertex 53.7524 4 79.4737
      vertex 51.7393 1.41167 80.5726
    endloop
  endfacet
  facet normal -0.743476 0.659612 0.110249
    outer loop
      vertex 54.5025 4 81.5565
      vertex 54.4397 4 81.133
      vertex 52.2392 1.41167 81.7795
    endloop
  endfacet
  facet normal -0.70816 0.65959 0.251896
    outer loop
      vertex 52.0787 1.41167 81.139
      vertex 54.1852 4 80.2835
      vertex 54.1799 4 80.2686
    endloop
  endfacet
  facet normal -0.70765 0.65962 0.253243
    outer loop
      vertex 54.1852 4 80.2835
      vertex 52.0787 1.41167 81.139
      vertex 52.1531 1.41167 81.3469
    endloop
  endfacet
  facet normal -0.72956 0.659799 0.180021
    outer loop
      vertex 52.1531 1.41167 81.3469
      vertex 54.4373 4 81.1174
      vertex 54.4335 4 81.102
    endloop
  endfacet
  facet normal -0.729057 0.659598 0.182775
    outer loop
      vertex 54.4373 4 81.1174
      vertex 52.1531 1.41167 81.3469
      vertex 52.2068 1.41167 81.5611
    endloop
  endfacet
  facet normal -0.742795 0.659695 0.114276
    outer loop
      vertex 52.2068 1.41167 81.5611
      vertex 54.4397 4 81.133
      vertex 54.4373 4 81.1174
    endloop
  endfacet
  facet normal -0.743466 0.659616 0.110294
    outer loop
      vertex 54.4397 4 81.133
      vertex 52.2068 1.41167 81.5611
      vertex 52.2392 1.41167 81.7795
    endloop
  endfacet
  facet normal -0.989184 0 0.14668
    outer loop
      vertex 2.20677 0 31.561
      vertex 2.23917 1.41167 31.7795
      vertex 2.20677 1.41167 31.561
    endloop
  endfacet
  facet normal -0.989184 0 0.14668
    outer loop
      vertex 2.23917 1.41167 31.7795
      vertex 2.20677 0 31.561
      vertex 2.23917 0 31.7795
    endloop
  endfacet
  facet normal -0.998796 0 0.0490565
    outer loop
      vertex 2.23917 0 31.7795
      vertex 2.25 1.41167 32
      vertex 2.23917 1.41167 31.7795
    endloop
  endfacet
  facet normal -0.998796 0 0.0490565
    outer loop
      vertex 2.25 1.41167 32
      vertex 2.23917 0 31.7795
      vertex 2.25 0 32
    endloop
  endfacet
  facet normal -0.970009 0 0.243069
    outer loop
      vertex 2.15312 0 31.3469
      vertex 2.20677 1.41167 31.561
      vertex 2.15312 1.41167 31.3469
    endloop
  endfacet
  facet normal -0.970009 0 0.243069
    outer loop
      vertex 2.20677 1.41167 31.561
      vertex 2.15312 0 31.3469
      vertex 2.20677 0 31.561
    endloop
  endfacet
  facet normal -0.336943 0 -0.941525
    outer loop
      vertex 0.65314 0 34.1531
      vertex 0.861037 1.41167 34.0787
      vertex 0.861037 0 34.0787
    endloop
  endfacet
  facet normal -0.336943 0 -0.941525
    outer loop
      vertex 0.861037 1.41167 34.0787
      vertex 0.65314 0 34.1531
      vertex 0.65314 1.41167 34.1531
    endloop
  endfacet
  facet normal -0.67159 0 0.740923
    outer loop
      vertex 1.42738 1.41167 30.2607
      vertex 1.59099 0 30.409
      vertex 1.59099 1.41167 30.409
    endloop
  endfacet
  facet normal -0.67159 0 0.740923
    outer loop
      vertex 1.59099 0 30.409
      vertex 1.42738 1.41167 30.2607
      vertex 1.42738 0 30.2607
    endloop
  endfacet
  facet normal 0.857753 -0 0.514063
    outer loop
      vertex -1.98432 0 30.9394
      vertex -1.87081 1.41167 30.75
      vertex -1.98432 1.41167 30.9394
    endloop
  endfacet
  facet normal 0.857753 0 0.514063
    outer loop
      vertex -1.87081 1.41167 30.75
      vertex -1.98432 0 30.9394
      vertex -1.87081 0 30.75
    endloop
  endfacet
  facet normal 0.146736 0 -0.989176
    outer loop
      vertex -0.438952 0 34.2068
      vertex -0.220538 1.41167 34.2392
      vertex -0.220538 0 34.2392
    endloop
  endfacet
  facet normal 0.146736 0 -0.989176
    outer loop
      vertex -0.220538 1.41167 34.2392
      vertex -0.438952 0 34.2068
      vertex -0.438952 1.41167 34.2068
    endloop
  endfacet
  facet normal -0.941541 0 0.336899
    outer loop
      vertex 2.07873 0 31.139
      vertex 2.15312 1.41167 31.3469
      vertex 2.07873 1.41167 31.139
    endloop
  endfacet
  facet normal -0.941541 0 0.336899
    outer loop
      vertex 2.15312 1.41167 31.3469
      vertex 2.07873 0 31.139
      vertex 2.15312 0 31.3469
    endloop
  endfacet
  facet normal 0.0489125 0 0.998803
    outer loop
      vertex -0.220538 1.41167 29.7608
      vertex 0 0 29.75
      vertex 0 1.41167 29.75
    endloop
  endfacet
  facet normal 0.0489125 0 0.998803
    outer loop
      vertex 0 0 29.75
      vertex -0.220538 1.41167 29.7608
      vertex -0.220538 0 29.7608
    endloop
  endfacet
  facet normal -0.0489125 0 -0.998803
    outer loop
      vertex 0 0 34.25
      vertex 0.220538 1.41167 34.2392
      vertex 0.220538 0 34.2392
    endloop
  endfacet
  facet normal -0.0489125 0 -0.998803
    outer loop
      vertex 0.220538 1.41167 34.2392
      vertex 0 0 34.25
      vertex 0 1.41167 34.25
    endloop
  endfacet
  facet normal 0.903978 0 -0.427578
    outer loop
      vertex -1.98432 0 33.0606
      vertex -2.07873 1.41167 32.861
      vertex -1.98432 1.41167 33.0606
    endloop
  endfacet
  facet normal 0.903978 0 -0.427578
    outer loop
      vertex -2.07873 1.41167 32.861
      vertex -1.98432 0 33.0606
      vertex -2.07873 0 32.861
    endloop
  endfacet
  facet normal 0.595607 0 -0.803276
    outer loop
      vertex -1.42738 0 33.7393
      vertex -1.25003 1.41167 33.8708
      vertex -1.25003 0 33.8708
    endloop
  endfacet
  facet normal 0.595607 0 -0.803276
    outer loop
      vertex -1.25003 1.41167 33.8708
      vertex -1.42738 0 33.7393
      vertex -1.42738 1.41167 33.7393
    endloop
  endfacet
  facet normal 0.80327 -0 0.595615
    outer loop
      vertex -1.87081 0 30.75
      vertex -1.73927 1.41167 30.5726
      vertex -1.87081 1.41167 30.75
    endloop
  endfacet
  facet normal 0.80327 0 0.595615
    outer loop
      vertex -1.73927 1.41167 30.5726
      vertex -1.87081 0 30.75
      vertex -1.73927 0 30.5726
    endloop
  endfacet
  facet normal -0.970009 0 -0.243069
    outer loop
      vertex 2.20677 0 32.439
      vertex 2.15312 1.41167 32.6531
      vertex 2.20677 1.41167 32.439
    endloop
  endfacet
  facet normal -0.970009 -0 -0.243069
    outer loop
      vertex 2.15312 1.41167 32.6531
      vertex 2.20677 0 32.439
      vertex 2.15312 0 32.6531
    endloop
  endfacet
  facet normal -0.857753 0 0.514063
    outer loop
      vertex 1.87081 0 30.75
      vertex 1.98432 1.41167 30.9394
      vertex 1.87081 1.41167 30.75
    endloop
  endfacet
  facet normal -0.857753 0 0.514063
    outer loop
      vertex 1.98432 1.41167 30.9394
      vertex 1.87081 0 30.75
      vertex 1.98432 0 30.9394
    endloop
  endfacet
  facet normal 0.998796 0 -0.0490565
    outer loop
      vertex -2.23917 0 32.2205
      vertex -2.25 1.41167 32
      vertex -2.23917 1.41167 32.2205
    endloop
  endfacet
  facet normal 0.998796 0 -0.0490565
    outer loop
      vertex -2.25 1.41167 32
      vertex -2.23917 0 32.2205
      vertex -2.25 0 32
    endloop
  endfacet
  facet normal -0.903978 0 0.427578
    outer loop
      vertex 1.98432 0 30.9394
      vertex 2.07873 1.41167 31.139
      vertex 1.98432 1.41167 30.9394
    endloop
  endfacet
  facet normal -0.903978 0 0.427578
    outer loop
      vertex 2.07873 1.41167 31.139
      vertex 1.98432 0 30.9394
      vertex 2.07873 0 31.139
    endloop
  endfacet
  facet normal -0.941541 0 -0.336899
    outer loop
      vertex 2.15312 0 32.6531
      vertex 2.07873 1.41167 32.861
      vertex 2.15312 1.41167 32.6531
    endloop
  endfacet
  facet normal -0.941541 -0 -0.336899
    outer loop
      vertex 2.07873 1.41167 32.861
      vertex 2.15312 0 32.6531
      vertex 2.07873 0 32.861
    endloop
  endfacet
  facet normal 0.427536 0 -0.903998
    outer loop
      vertex -1.06064 0 33.9843
      vertex -0.861037 1.41167 34.0787
      vertex -0.861037 0 34.0787
    endloop
  endfacet
  facet normal 0.427536 0 -0.903998
    outer loop
      vertex -0.861037 1.41167 34.0787
      vertex -1.06064 0 33.9843
      vertex -1.06064 1.41167 33.9843
    endloop
  endfacet
  facet normal 0.970009 0 -0.243069
    outer loop
      vertex -2.15312 0 32.6531
      vertex -2.20677 1.41167 32.439
      vertex -2.15312 1.41167 32.6531
    endloop
  endfacet
  facet normal 0.970009 0 -0.243069
    outer loop
      vertex -2.20677 1.41167 32.439
      vertex -2.15312 0 32.6531
      vertex -2.20677 0 32.439
    endloop
  endfacet
  facet normal 0.740948 -0 0.671563
    outer loop
      vertex -1.73927 0 30.5726
      vertex -1.59099 1.41167 30.409
      vertex -1.73927 1.41167 30.5726
    endloop
  endfacet
  facet normal 0.740948 0 0.671563
    outer loop
      vertex -1.59099 1.41167 30.409
      vertex -1.73927 0 30.5726
      vertex -1.59099 0 30.409
    endloop
  endfacet
  facet normal 0.243188 0 -0.969979
    outer loop
      vertex -0.65314 0 34.1531
      vertex -0.438952 1.41167 34.2068
      vertex -0.438952 0 34.2068
    endloop
  endfacet
  facet normal 0.243188 0 -0.969979
    outer loop
      vertex -0.438952 1.41167 34.2068
      vertex -0.65314 0 34.1531
      vertex -0.65314 1.41167 34.1531
    endloop
  endfacet
  facet normal 0.514049 0 0.857761
    outer loop
      vertex -1.25003 1.41167 30.1292
      vertex -1.06064 0 30.0157
      vertex -1.06064 1.41167 30.0157
    endloop
  endfacet
  facet normal 0.514049 0 0.857761
    outer loop
      vertex -1.06064 0 30.0157
      vertex -1.25003 1.41167 30.1292
      vertex -1.25003 0 30.1292
    endloop
  endfacet
  facet normal -0.80327 0 0.595615
    outer loop
      vertex 1.73927 0 30.5726
      vertex 1.87081 1.41167 30.75
      vertex 1.73927 1.41167 30.5726
    endloop
  endfacet
  facet normal -0.80327 0 0.595615
    outer loop
      vertex 1.87081 1.41167 30.75
      vertex 1.73927 0 30.5726
      vertex 1.87081 0 30.75
    endloop
  endfacet
  facet normal 0.146736 0 0.989176
    outer loop
      vertex -0.438952 1.41167 29.7932
      vertex -0.220538 0 29.7608
      vertex -0.220538 1.41167 29.7608
    endloop
  endfacet
  facet normal 0.146736 0 0.989176
    outer loop
      vertex -0.220538 0 29.7608
      vertex -0.438952 1.41167 29.7932
      vertex -0.438952 0 29.7932
    endloop
  endfacet
  facet normal -0.427536 0 -0.903998
    outer loop
      vertex 0.861037 0 34.0787
      vertex 1.06064 1.41167 33.9843
      vertex 1.06064 0 33.9843
    endloop
  endfacet
  facet normal -0.427536 0 -0.903998
    outer loop
      vertex 1.06064 1.41167 33.9843
      vertex 0.861037 0 34.0787
      vertex 0.861037 1.41167 34.0787
    endloop
  endfacet
  facet normal 0.67159 0 0.740923
    outer loop
      vertex -1.59099 1.41167 30.409
      vertex -1.42738 0 30.2607
      vertex -1.42738 1.41167 30.2607
    endloop
  endfacet
  facet normal 0.67159 0 0.740923
    outer loop
      vertex -1.42738 0 30.2607
      vertex -1.59099 1.41167 30.409
      vertex -1.59099 0 30.409
    endloop
  endfacet
  facet normal -0.857753 0 -0.514063
    outer loop
      vertex 1.98432 0 33.0606
      vertex 1.87081 1.41167 33.25
      vertex 1.98432 1.41167 33.0606
    endloop
  endfacet
  facet normal -0.857753 -0 -0.514063
    outer loop
      vertex 1.87081 1.41167 33.25
      vertex 1.98432 0 33.0606
      vertex 1.87081 0 33.25
    endloop
  endfacet
  facet normal 0.595607 0 0.803276
    outer loop
      vertex -1.42738 1.41167 30.2607
      vertex -1.25003 0 30.1292
      vertex -1.25003 1.41167 30.1292
    endloop
  endfacet
  facet normal 0.595607 0 0.803276
    outer loop
      vertex -1.25003 0 30.1292
      vertex -1.42738 1.41167 30.2607
      vertex -1.42738 0 30.2607
    endloop
  endfacet
  facet normal -0.336943 0 0.941525
    outer loop
      vertex 0.65314 1.41167 29.8469
      vertex 0.861037 0 29.9213
      vertex 0.861037 1.41167 29.9213
    endloop
  endfacet
  facet normal -0.336943 0 0.941525
    outer loop
      vertex 0.861037 0 29.9213
      vertex 0.65314 1.41167 29.8469
      vertex 0.65314 0 29.8469
    endloop
  endfacet
  facet normal -0.740948 0 0.671563
    outer loop
      vertex 1.59099 0 30.409
      vertex 1.73927 1.41167 30.5726
      vertex 1.59099 1.41167 30.409
    endloop
  endfacet
  facet normal -0.740948 0 0.671563
    outer loop
      vertex 1.73927 1.41167 30.5726
      vertex 1.59099 0 30.409
      vertex 1.73927 0 30.5726
    endloop
  endfacet
  facet normal -0.998796 0 -0.0490565
    outer loop
      vertex 2.25 0 32
      vertex 2.23917 1.41167 32.2205
      vertex 2.25 1.41167 32
    endloop
  endfacet
  facet normal -0.998796 -0 -0.0490565
    outer loop
      vertex 2.23917 1.41167 32.2205
      vertex 2.25 0 32
      vertex 2.23917 0 32.2205
    endloop
  endfacet
  facet normal 0.941541 0 -0.336899
    outer loop
      vertex -2.07873 0 32.861
      vertex -2.15312 1.41167 32.6531
      vertex -2.07873 1.41167 32.861
    endloop
  endfacet
  facet normal 0.941541 0 -0.336899
    outer loop
      vertex -2.15312 1.41167 32.6531
      vertex -2.07873 0 32.861
      vertex -2.15312 0 32.6531
    endloop
  endfacet
  facet normal -0.514049 0 0.857761
    outer loop
      vertex 1.06064 1.41167 30.0157
      vertex 1.25003 0 30.1292
      vertex 1.25003 1.41167 30.1292
    endloop
  endfacet
  facet normal -0.514049 0 0.857761
    outer loop
      vertex 1.25003 0 30.1292
      vertex 1.06064 1.41167 30.0157
      vertex 1.06064 0 30.0157
    endloop
  endfacet
  facet normal -0.595607 0 0.803276
    outer loop
      vertex 1.25003 1.41167 30.1292
      vertex 1.42738 0 30.2607
      vertex 1.42738 1.41167 30.2607
    endloop
  endfacet
  facet normal -0.595607 0 0.803276
    outer loop
      vertex 1.42738 0 30.2607
      vertex 1.25003 1.41167 30.1292
      vertex 1.25003 0 30.1292
    endloop
  endfacet
  facet normal -0.146736 0 -0.989176
    outer loop
      vertex 0.220538 0 34.2392
      vertex 0.438952 1.41167 34.2068
      vertex 0.438952 0 34.2068
    endloop
  endfacet
  facet normal -0.146736 0 -0.989176
    outer loop
      vertex 0.438952 1.41167 34.2068
      vertex 0.220538 0 34.2392
      vertex 0.220538 1.41167 34.2392
    endloop
  endfacet
  facet normal -0.740948 0 -0.671563
    outer loop
      vertex 1.73927 0 33.4274
      vertex 1.59099 1.41167 33.591
      vertex 1.73927 1.41167 33.4274
    endloop
  endfacet
  facet normal -0.740948 -0 -0.671563
    outer loop
      vertex 1.59099 1.41167 33.591
      vertex 1.73927 0 33.4274
      vertex 1.59099 0 33.591
    endloop
  endfacet
  facet normal -0.80327 0 -0.595615
    outer loop
      vertex 1.87081 0 33.25
      vertex 1.73927 1.41167 33.4274
      vertex 1.87081 1.41167 33.25
    endloop
  endfacet
  facet normal -0.80327 -0 -0.595615
    outer loop
      vertex 1.73927 1.41167 33.4274
      vertex 1.87081 0 33.25
      vertex 1.73927 0 33.4274
    endloop
  endfacet
  facet normal -0.243188 0 -0.969979
    outer loop
      vertex 0.438952 0 34.2068
      vertex 0.65314 1.41167 34.1531
      vertex 0.65314 0 34.1531
    endloop
  endfacet
  facet normal -0.243188 0 -0.969979
    outer loop
      vertex 0.65314 1.41167 34.1531
      vertex 0.438952 0 34.2068
      vertex 0.438952 1.41167 34.2068
    endloop
  endfacet
  facet normal -0.903978 0 -0.427578
    outer loop
      vertex 2.07873 0 32.861
      vertex 1.98432 1.41167 33.0606
      vertex 2.07873 1.41167 32.861
    endloop
  endfacet
  facet normal -0.903978 -0 -0.427578
    outer loop
      vertex 1.98432 1.41167 33.0606
      vertex 2.07873 0 32.861
      vertex 1.98432 0 33.0606
    endloop
  endfacet
  facet normal 0.243188 0 0.969979
    outer loop
      vertex -0.65314 1.41167 29.8469
      vertex -0.438952 0 29.7932
      vertex -0.438952 1.41167 29.7932
    endloop
  endfacet
  facet normal 0.243188 0 0.969979
    outer loop
      vertex -0.438952 0 29.7932
      vertex -0.65314 1.41167 29.8469
      vertex -0.65314 0 29.8469
    endloop
  endfacet
  facet normal 0.941541 -0 0.336899
    outer loop
      vertex -2.15312 0 31.3469
      vertex -2.07873 1.41167 31.139
      vertex -2.15312 1.41167 31.3469
    endloop
  endfacet
  facet normal 0.941541 0 0.336899
    outer loop
      vertex -2.07873 1.41167 31.139
      vertex -2.15312 0 31.3469
      vertex -2.07873 0 31.139
    endloop
  endfacet
  facet normal 0.427536 0 0.903998
    outer loop
      vertex -1.06064 1.41167 30.0157
      vertex -0.861037 0 29.9213
      vertex -0.861037 1.41167 29.9213
    endloop
  endfacet
  facet normal 0.427536 0 0.903998
    outer loop
      vertex -0.861037 0 29.9213
      vertex -1.06064 1.41167 30.0157
      vertex -1.06064 0 30.0157
    endloop
  endfacet
  facet normal 0.989184 -0 0.14668
    outer loop
      vertex -2.23917 0 31.7795
      vertex -2.20677 1.41167 31.561
      vertex -2.23917 1.41167 31.7795
    endloop
  endfacet
  facet normal 0.989184 0 0.14668
    outer loop
      vertex -2.20677 1.41167 31.561
      vertex -2.23917 0 31.7795
      vertex -2.20677 0 31.561
    endloop
  endfacet
  facet normal 0.970009 -0 0.243069
    outer loop
      vertex -2.20677 0 31.561
      vertex -2.15312 1.41167 31.3469
      vertex -2.20677 1.41167 31.561
    endloop
  endfacet
  facet normal 0.970009 0 0.243069
    outer loop
      vertex -2.15312 1.41167 31.3469
      vertex -2.20677 0 31.561
      vertex -2.15312 0 31.3469
    endloop
  endfacet
  facet normal -0.427536 0 0.903998
    outer loop
      vertex 0.861037 1.41167 29.9213
      vertex 1.06064 0 30.0157
      vertex 1.06064 1.41167 30.0157
    endloop
  endfacet
  facet normal -0.427536 0 0.903998
    outer loop
      vertex 1.06064 0 30.0157
      vertex 0.861037 1.41167 29.9213
      vertex 0.861037 0 29.9213
    endloop
  endfacet
  facet normal -0.989184 0 -0.14668
    outer loop
      vertex 2.23917 0 32.2205
      vertex 2.20677 1.41167 32.439
      vertex 2.23917 1.41167 32.2205
    endloop
  endfacet
  facet normal -0.989184 -0 -0.14668
    outer loop
      vertex 2.20677 1.41167 32.439
      vertex 2.23917 0 32.2205
      vertex 2.20677 0 32.439
    endloop
  endfacet
  facet normal -0.146736 0 0.989176
    outer loop
      vertex 0.220538 1.41167 29.7608
      vertex 0.438952 0 29.7932
      vertex 0.438952 1.41167 29.7932
    endloop
  endfacet
  facet normal -0.146736 0 0.989176
    outer loop
      vertex 0.438952 0 29.7932
      vertex 0.220538 1.41167 29.7608
      vertex 0.220538 0 29.7608
    endloop
  endfacet
  facet normal -0.0489125 0 0.998803
    outer loop
      vertex 0 1.41167 29.75
      vertex 0.220538 0 29.7608
      vertex 0.220538 1.41167 29.7608
    endloop
  endfacet
  facet normal -0.0489125 0 0.998803
    outer loop
      vertex 0.220538 0 29.7608
      vertex 0 1.41167 29.75
      vertex 0 0 29.75
    endloop
  endfacet
  facet normal 0.740948 0 -0.671563
    outer loop
      vertex -1.59099 0 33.591
      vertex -1.73927 1.41167 33.4274
      vertex -1.59099 1.41167 33.591
    endloop
  endfacet
  facet normal 0.740948 0 -0.671563
    outer loop
      vertex -1.73927 1.41167 33.4274
      vertex -1.59099 0 33.591
      vertex -1.73927 0 33.4274
    endloop
  endfacet
  facet normal 0.857753 0 -0.514063
    outer loop
      vertex -1.87081 0 33.25
      vertex -1.98432 1.41167 33.0606
      vertex -1.87081 1.41167 33.25
    endloop
  endfacet
  facet normal 0.857753 0 -0.514063
    outer loop
      vertex -1.98432 1.41167 33.0606
      vertex -1.87081 0 33.25
      vertex -1.98432 0 33.0606
    endloop
  endfacet
  facet normal 0.336943 0 0.941525
    outer loop
      vertex -0.861037 1.41167 29.9213
      vertex -0.65314 0 29.8469
      vertex -0.65314 1.41167 29.8469
    endloop
  endfacet
  facet normal 0.336943 0 0.941525
    outer loop
      vertex -0.65314 0 29.8469
      vertex -0.861037 1.41167 29.9213
      vertex -0.861037 0 29.9213
    endloop
  endfacet
  facet normal 0.514049 0 -0.857761
    outer loop
      vertex -1.25003 0 33.8708
      vertex -1.06064 1.41167 33.9843
      vertex -1.06064 0 33.9843
    endloop
  endfacet
  facet normal 0.514049 0 -0.857761
    outer loop
      vertex -1.06064 1.41167 33.9843
      vertex -1.25003 0 33.8708
      vertex -1.25003 1.41167 33.8708
    endloop
  endfacet
  facet normal -0.595607 0 -0.803276
    outer loop
      vertex 1.25003 0 33.8708
      vertex 1.42738 1.41167 33.7393
      vertex 1.42738 0 33.7393
    endloop
  endfacet
  facet normal -0.595607 0 -0.803276
    outer loop
      vertex 1.42738 1.41167 33.7393
      vertex 1.25003 0 33.8708
      vertex 1.25003 1.41167 33.8708
    endloop
  endfacet
  facet normal 0.336943 0 -0.941525
    outer loop
      vertex -0.861037 0 34.0787
      vertex -0.65314 1.41167 34.1531
      vertex -0.65314 0 34.1531
    endloop
  endfacet
  facet normal 0.336943 0 -0.941525
    outer loop
      vertex -0.65314 1.41167 34.1531
      vertex -0.861037 0 34.0787
      vertex -0.861037 1.41167 34.0787
    endloop
  endfacet
  facet normal 0.80327 0 -0.595615
    outer loop
      vertex -1.73927 0 33.4274
      vertex -1.87081 1.41167 33.25
      vertex -1.73927 1.41167 33.4274
    endloop
  endfacet
  facet normal 0.80327 0 -0.595615
    outer loop
      vertex -1.87081 1.41167 33.25
      vertex -1.73927 0 33.4274
      vertex -1.87081 0 33.25
    endloop
  endfacet
  facet normal 0.903978 -0 0.427578
    outer loop
      vertex -2.07873 0 31.139
      vertex -1.98432 1.41167 30.9394
      vertex -2.07873 1.41167 31.139
    endloop
  endfacet
  facet normal 0.903978 0 0.427578
    outer loop
      vertex -1.98432 1.41167 30.9394
      vertex -2.07873 0 31.139
      vertex -1.98432 0 30.9394
    endloop
  endfacet
  facet normal 0.989184 0 -0.14668
    outer loop
      vertex -2.20677 0 32.439
      vertex -2.23917 1.41167 32.2205
      vertex -2.20677 1.41167 32.439
    endloop
  endfacet
  facet normal 0.989184 0 -0.14668
    outer loop
      vertex -2.23917 1.41167 32.2205
      vertex -2.20677 0 32.439
      vertex -2.23917 0 32.2205
    endloop
  endfacet
  facet normal -0.243188 0 0.969979
    outer loop
      vertex 0.438952 1.41167 29.7932
      vertex 0.65314 0 29.8469
      vertex 0.65314 1.41167 29.8469
    endloop
  endfacet
  facet normal -0.243188 0 0.969979
    outer loop
      vertex 0.65314 0 29.8469
      vertex 0.438952 1.41167 29.7932
      vertex 0.438952 0 29.7932
    endloop
  endfacet
  facet normal -0.514049 0 -0.857761
    outer loop
      vertex 1.06064 0 33.9843
      vertex 1.25003 1.41167 33.8708
      vertex 1.25003 0 33.8708
    endloop
  endfacet
  facet normal -0.514049 0 -0.857761
    outer loop
      vertex 1.25003 1.41167 33.8708
      vertex 1.06064 0 33.9843
      vertex 1.06064 1.41167 33.9843
    endloop
  endfacet
  facet normal 0.67159 0 -0.740923
    outer loop
      vertex -1.59099 0 33.591
      vertex -1.42738 1.41167 33.7393
      vertex -1.42738 0 33.7393
    endloop
  endfacet
  facet normal 0.67159 0 -0.740923
    outer loop
      vertex -1.42738 1.41167 33.7393
      vertex -1.59099 0 33.591
      vertex -1.59099 1.41167 33.591
    endloop
  endfacet
  facet normal 0.0489125 0 -0.998803
    outer loop
      vertex -0.220538 0 34.2392
      vertex 0 1.41167 34.25
      vertex 0 0 34.25
    endloop
  endfacet
  facet normal 0.0489125 0 -0.998803
    outer loop
      vertex 0 1.41167 34.25
      vertex -0.220538 0 34.2392
      vertex -0.220538 1.41167 34.2392
    endloop
  endfacet
  facet normal 0.998796 -0 0.0490565
    outer loop
      vertex -2.25 0 32
      vertex -2.23917 1.41167 31.7795
      vertex -2.25 1.41167 32
    endloop
  endfacet
  facet normal 0.998796 0 0.0490565
    outer loop
      vertex -2.23917 1.41167 31.7795
      vertex -2.25 0 32
      vertex -2.23917 0 31.7795
    endloop
  endfacet
  facet normal -0.67159 0 -0.740923
    outer loop
      vertex 1.42738 0 33.7393
      vertex 1.59099 1.41167 33.591
      vertex 1.59099 0 33.591
    endloop
  endfacet
  facet normal -0.67159 0 -0.740923
    outer loop
      vertex 1.59099 1.41167 33.591
      vertex 1.42738 0 33.7393
      vertex 1.42738 1.41167 33.7393
    endloop
  endfacet
  facet normal 0.556901 0.659611 0.504752
    outer loop
      vertex -3.48667 4 29.1181
      vertex -1.73927 1.41167 30.5726
      vertex -1.59099 1.41167 30.409
    endloop
  endfacet
  facet normal 0.556076 0.659584 0.505696
    outer loop
      vertex -1.73927 1.41167 30.5726
      vertex -3.48667 4 29.1181
      vertex -3.49731 4 29.1298
    endloop
  endfacet
  facet normal 0.110244 0.659611 0.743478
    outer loop
      vertex -0.220538 1.41167 29.7608
      vertex -0.443455 4 27.4975
      vertex -0.866974 4 27.5603
    endloop
  endfacet
  facet normal 0.182568 0.659621 -0.729088
    outer loop
      vertex -0.898004 4 36.4335
      vertex -0.65314 1.41167 34.1531
      vertex -1.31333 4 36.3295
    endloop
  endfacet
  facet normal -0.7507 0.659613 0.0368854
    outer loop
      vertex 4.52427 4 32
      vertex 4.50326 4 31.5724
      vertex 2.25 1.41167 32
    endloop
  endfacet
  facet normal -0.750705 0.659611 0.036827
    outer loop
      vertex 2.23917 1.41167 31.7795
      vertex 4.50326 4 31.5724
      vertex 4.50248 4 31.5565
    endloop
  endfacet
  facet normal -0.750702 0.659612 0.0368712
    outer loop
      vertex 4.50326 4 31.5724
      vertex 2.23917 1.41167 31.7795
      vertex 2.25 1.41167 32
    endloop
  endfacet
  facet normal -0.182568 0.659621 -0.729088
    outer loop
      vertex 0.898004 4 36.4335
      vertex 1.31333 4 36.3295
      vertex 0.65314 1.41167 34.1531
    endloop
  endfacet
  facet normal -0.321417 0.65961 -0.679416
    outer loop
      vertex 1.74568 4 36.1731
      vertex 2.13272 4 35.99
      vertex 1.06064 1.41167 33.9843
    endloop
  endfacet
  facet normal 0.0368645 0.659618 -0.750696
    outer loop
      vertex 0 4 36.5243
      vertex 0 1.41167 34.25
      vertex -0.427637 4 36.5033
    endloop
  endfacet
  facet normal 0.707666 0.659611 -0.253222
    outer loop
      vertex -4.18521 4 33.7164
      vertex -2.15312 1.41167 32.6531
      vertex -4.32945 4 33.3133
    endloop
  endfacet
  facet normal -0.447793 0.65961 -0.603652
    outer loop
      vertex 2.52627 4 35.7524
      vertex 2.87016 4 35.4973
      vertex 1.42738 1.41167 33.7393
    endloop
  endfacet
  facet normal -0.447657 0.659621 0.603741
    outer loop
      vertex 2.52627 4 28.2476
      vertex 1.25003 1.41167 30.1292
      vertex 1.42738 1.41167 30.2607
    endloop
  endfacet
  facet normal -0.446677 0.659646 0.60444
    outer loop
      vertex 1.25003 1.41167 30.1292
      vertex 2.52627 4 28.2476
      vertex 2.51355 4 28.2382
    endloop
  endfacet
  facet normal 0.182568 0.659621 0.729088
    outer loop
      vertex -0.65314 1.41167 29.8469
      vertex -0.898004 4 27.5665
      vertex -1.31333 4 27.6705
    endloop
  endfacet
  facet normal 0.679334 0.659598 -0.321615
    outer loop
      vertex -1.98432 1.41167 33.0606
      vertex -4.17988 4 33.7314
      vertex -4.17311 4 33.7457
    endloop
  endfacet
  facet normal 0.679432 0.659617 -0.321368
    outer loop
      vertex -4.17988 4 33.7314
      vertex -1.98432 1.41167 33.0606
      vertex -2.07873 1.41167 32.861
    endloop
  endfacet
  facet normal 0.603737 0.65962 0.447664
    outer loop
      vertex -3.75236 4 29.4737
      vertex -1.87081 1.41167 30.75
      vertex -1.73927 1.41167 30.5726
    endloop
  endfacet
  facet normal 0.605082 0.659667 0.445775
    outer loop
      vertex -1.87081 1.41167 30.75
      vertex -3.75236 4 29.4737
      vertex -3.76179 4 29.4865
    endloop
  endfacet
  facet normal 0.447657 0.659621 0.603741
    outer loop
      vertex -1.25003 1.41167 30.1292
      vertex -2.52627 4 28.2476
      vertex -1.42738 1.41167 30.2607
    endloop
  endfacet
  facet normal 0.446677 0.659646 0.60444
    outer loop
      vertex -2.52627 4 28.2476
      vertex -1.25003 1.41167 30.1292
      vertex -2.51355 4 28.2382
    endloop
  endfacet
  facet normal 0.321417 0.65961 -0.679416
    outer loop
      vertex -1.74568 4 36.1731
      vertex -1.06064 1.41167 33.9843
      vertex -2.13272 4 35.99
    endloop
  endfacet
  facet normal -0.504818 0.659608 0.556844
    outer loop
      vertex 3.19914 4 28.8009
      vertex 2.8819 4 28.5133
      vertex 1.59099 1.41167 30.409
    endloop
  endfacet
  facet normal -0.743478 0.659611 -0.110246
    outer loop
      vertex 2.20677 1.41167 32.439
      vertex 4.43966 4 32.867
      vertex 2.23917 1.41167 32.2205
    endloop
  endfacet
  facet normal -0.743425 0.659617 -0.110561
    outer loop
      vertex 4.43966 4 32.867
      vertex 2.20677 1.41167 32.439
      vertex 4.43734 4 32.8826
    endloop
  endfacet
  facet normal 0.503672 0.659642 -0.557841
    outer loop
      vertex -1.42738 1.41167 33.7393
      vertex -2.8819 4 35.4867
      vertex -2.87016 4 35.4973
    endloop
  endfacet
  facet normal 0.504771 0.659613 -0.556882
    outer loop
      vertex -2.8819 4 35.4867
      vertex -1.42738 1.41167 33.7393
      vertex -1.59099 1.41167 33.591
    endloop
  endfacet
  facet normal 0.729144 0.659637 -0.182286
    outer loop
      vertex -2.15312 1.41167 32.6531
      vertex -4.43734 4 32.8826
      vertex -4.43349 4 32.898
    endloop
  endfacet
  facet normal 0.729069 0.659607 -0.182693
    outer loop
      vertex -4.43734 4 32.8826
      vertex -2.15312 1.41167 32.6531
      vertex -2.20677 1.41167 32.439
    endloop
  endfacet
  facet normal -0.729069 0.659607 -0.182693
    outer loop
      vertex 2.15312 1.41167 32.6531
      vertex 4.43734 4 32.8826
      vertex 2.20677 1.41167 32.439
    endloop
  endfacet
  facet normal -0.729144 0.659637 -0.182286
    outer loop
      vertex 4.43734 4 32.8826
      vertex 2.15312 1.41167 32.6531
      vertex 4.43349 4 32.898
    endloop
  endfacet
  facet normal 0.708254 0.659575 -0.251666
    outer loop
      vertex -2.07873 1.41167 32.861
      vertex -4.18521 4 33.7164
      vertex -4.17988 4 33.7314
    endloop
  endfacet
  facet normal 0.707669 0.659611 -0.253215
    outer loop
      vertex -4.18521 4 33.7164
      vertex -2.07873 1.41167 32.861
      vertex -2.15312 1.41167 32.6531
    endloop
  endfacet
  facet normal -0.644696 0.659616 -0.386361
    outer loop
      vertex 3.76993 4 34.5
      vertex 3.99005 4 34.1327
      vertex 1.98432 1.41167 33.0606
    endloop
  endfacet
  facet normal -0.322434 0.659534 -0.679008
    outer loop
      vertex 1.06064 1.41167 33.9843
      vertex 1.73136 4 36.1799
      vertex 1.74568 4 36.1731
    endloop
  endfacet
  facet normal -0.321336 0.65962 -0.679444
    outer loop
      vertex 1.73136 4 36.1799
      vertex 1.06064 1.41167 33.9843
      vertex 0.861037 1.41167 34.0787
    endloop
  endfacet
  facet normal -0.556874 0.659608 -0.504786
    outer loop
      vertex 3.19914 4 35.1991
      vertex 3.48667 4 34.8819
      vertex 1.59099 1.41167 33.591
    endloop
  endfacet
  facet normal 0.556874 0.659608 0.504786
    outer loop
      vertex -1.59099 1.41167 30.409
      vertex -3.19914 4 28.8009
      vertex -3.48667 4 29.1181
    endloop
  endfacet
  facet normal -0.503672 0.659642 -0.557841
    outer loop
      vertex 2.8819 4 35.4867
      vertex 1.42738 1.41167 33.7393
      vertex 2.87016 4 35.4973
    endloop
  endfacet
  facet normal -0.504771 0.659613 -0.556882
    outer loop
      vertex 1.42738 1.41167 33.7393
      vertex 2.8819 4 35.4867
      vertex 1.59099 1.41167 33.591
    endloop
  endfacet
  facet normal 0.253302 0.65962 0.70763
    outer loop
      vertex -0.65314 1.41167 29.8469
      vertex -1.31333 4 27.6705
      vertex -1.71645 4 27.8148
    endloop
  endfacet
  facet normal -0.74347 0.659613 -0.110283
    outer loop
      vertex 4.43966 4 32.867
      vertex 4.50248 4 32.4435
      vertex 2.23917 1.41167 32.2205
    endloop
  endfacet
  facet normal -0.64362 0.659657 -0.388079
    outer loop
      vertex 3.76993 4 34.5
      vertex 1.87081 1.41167 33.25
      vertex 3.76179 4 34.5135
    endloop
  endfacet
  facet normal -0.644689 0.659616 -0.386371
    outer loop
      vertex 1.87081 1.41167 33.25
      vertex 3.76993 4 34.5
      vertex 1.98432 1.41167 33.0606
    endloop
  endfacet
  facet normal -0.750702 0.659612 -0.0368712
    outer loop
      vertex 2.23917 1.41167 32.2205
      vertex 4.50326 4 32.4276
      vertex 2.25 1.41167 32
    endloop
  endfacet
  facet normal -0.750705 0.659611 -0.036827
    outer loop
      vertex 4.50326 4 32.4276
      vertex 2.23917 1.41167 32.2205
      vertex 4.50248 4 32.4435
    endloop
  endfacet
  facet normal -0.7507 0.659613 -0.0368854
    outer loop
      vertex 4.50326 4 32.4276
      vertex 4.52427 4 32
      vertex 2.25 1.41167 32
    endloop
  endfacet
  facet normal -0.251748 0.659581 -0.70822
    outer loop
      vertex 0.861037 1.41167 34.0787
      vertex 1.71645 4 36.1852
      vertex 1.73136 4 36.1799
    endloop
  endfacet
  facet normal -0.253248 0.659616 -0.707653
    outer loop
      vertex 1.71645 4 36.1852
      vertex 0.861037 1.41167 34.0787
      vertex 0.65314 1.41167 34.1531
    endloop
  endfacet
  facet normal -0.605082 0.659667 -0.445775
    outer loop
      vertex 1.87081 1.41167 33.25
      vertex 3.75236 4 34.5263
      vertex 3.76179 4 34.5135
    endloop
  endfacet
  facet normal -0.603737 0.65962 -0.447664
    outer loop
      vertex 3.75236 4 34.5263
      vertex 1.87081 1.41167 33.25
      vertex 1.73927 1.41167 33.4274
    endloop
  endfacet
  facet normal 0.679432 0.659617 0.321368
    outer loop
      vertex -1.98432 1.41167 30.9394
      vertex -4.17988 4 30.2686
      vertex -2.07873 1.41167 31.139
    endloop
  endfacet
  facet normal 0.679334 0.659598 0.321615
    outer loop
      vertex -4.17988 4 30.2686
      vertex -1.98432 1.41167 30.9394
      vertex -4.17311 4 30.2543
    endloop
  endfacet
  facet normal -0.251748 0.659581 0.70822
    outer loop
      vertex 1.71645 4 27.8148
      vertex 0.861037 1.41167 29.9213
      vertex 1.73136 4 27.8201
    endloop
  endfacet
  facet normal -0.253248 0.659616 0.707653
    outer loop
      vertex 0.861037 1.41167 29.9213
      vertex 1.71645 4 27.8148
      vertex 0.65314 1.41167 29.8469
    endloop
  endfacet
  facet normal -0.253302 0.65962 -0.70763
    outer loop
      vertex 1.31333 4 36.3295
      vertex 1.71645 4 36.1852
      vertex 0.65314 1.41167 34.1531
    endloop
  endfacet
  facet normal 0.036763 0.659611 -0.750708
    outer loop
      vertex -0.220538 1.41167 34.2392
      vertex -0.427637 4 36.5033
      vertex 0 1.41167 34.25
    endloop
  endfacet
  facet normal 0.0379631 0.659636 -0.750626
    outer loop
      vertex -0.427637 4 36.5033
      vertex -0.220538 1.41167 34.2392
      vertex -0.443455 4 36.5025
    endloop
  endfacet
  facet normal 0.74347 0.659613 -0.110283
    outer loop
      vertex -4.43966 4 32.867
      vertex -2.23917 1.41167 32.2205
      vertex -4.50248 4 32.4435
    endloop
  endfacet
  facet normal 0.556874 0.659608 -0.504786
    outer loop
      vertex -3.19914 4 35.1991
      vertex -1.59099 1.41167 33.591
      vertex -3.48667 4 34.8819
    endloop
  endfacet
  facet normal -0.603697 0.659615 -0.447726
    outer loop
      vertex 3.49731 4 34.8702
      vertex 3.75236 4 34.5263
      vertex 1.73927 1.41167 33.4274
    endloop
  endfacet
  facet normal -0.679426 0.659615 -0.321384
    outer loop
      vertex 3.99005 4 34.1327
      vertex 4.17311 4 33.7457
      vertex 1.98432 1.41167 33.0606
    endloop
  endfacet
  facet normal -0.504818 0.659608 -0.556844
    outer loop
      vertex 2.8819 4 35.4867
      vertex 3.19914 4 35.1991
      vertex 1.59099 1.41167 33.591
    endloop
  endfacet
  facet normal -0.729076 0.659612 -0.182647
    outer loop
      vertex 4.32945 4 33.3133
      vertex 4.43349 4 32.898
      vertex 2.15312 1.41167 32.6531
    endloop
  endfacet
  facet normal -0.679432 0.659617 -0.321368
    outer loop
      vertex 1.98432 1.41167 33.0606
      vertex 4.17988 4 33.7314
      vertex 2.07873 1.41167 32.861
    endloop
  endfacet
  facet normal -0.679334 0.659598 -0.321615
    outer loop
      vertex 4.17988 4 33.7314
      vertex 1.98432 1.41167 33.0606
      vertex 4.17311 4 33.7457
    endloop
  endfacet
  facet normal -0.707669 0.659611 -0.253215
    outer loop
      vertex 2.07873 1.41167 32.861
      vertex 4.18521 4 33.7164
      vertex 2.15312 1.41167 32.6531
    endloop
  endfacet
  facet normal -0.708254 0.659575 -0.251666
    outer loop
      vertex 4.18521 4 33.7164
      vertex 2.07873 1.41167 32.861
      vertex 4.17988 4 33.7314
    endloop
  endfacet
  facet normal -0.321417 0.65961 0.679416
    outer loop
      vertex 2.13272 4 28.01
      vertex 1.74568 4 27.8269
      vertex 1.06064 1.41167 30.0157
    endloop
  endfacet
  facet normal -0.556076 0.659584 -0.505696
    outer loop
      vertex 1.73927 1.41167 33.4274
      vertex 3.48667 4 34.8819
      vertex 3.49731 4 34.8702
    endloop
  endfacet
  facet normal -0.556901 0.659611 -0.504752
    outer loop
      vertex 3.48667 4 34.8819
      vertex 1.73927 1.41167 33.4274
      vertex 1.59099 1.41167 33.591
    endloop
  endfacet
  facet normal -0.110244 0.659611 -0.743478
    outer loop
      vertex 0.443455 4 36.5025
      vertex 0.866974 4 36.4397
      vertex 0.220538 1.41167 34.2392
    endloop
  endfacet
  facet normal 0.644689 0.659616 0.386371
    outer loop
      vertex -1.87081 1.41167 30.75
      vertex -3.76993 4 29.5
      vertex -1.98432 1.41167 30.9394
    endloop
  endfacet
  facet normal 0.64362 0.659657 0.388079
    outer loop
      vertex -3.76993 4 29.5
      vertex -1.87081 1.41167 30.75
      vertex -3.76179 4 29.4865
    endloop
  endfacet
  facet normal 0.386385 0.659609 0.644688
    outer loop
      vertex -1.06064 1.41167 30.0157
      vertex -2.13272 4 28.01
      vertex -2.49996 4 28.2301
    endloop
  endfacet
  facet normal -0.386385 0.659609 -0.644688
    outer loop
      vertex 2.13272 4 35.99
      vertex 2.49996 4 35.7699
      vertex 1.06064 1.41167 33.9843
    endloop
  endfacet
  facet normal -0.0368645 0.659618 -0.750696
    outer loop
      vertex 0 4 36.5243
      vertex 0.427637 4 36.5033
      vertex 0 1.41167 34.25
    endloop
  endfacet
  facet normal 0.603697 0.659615 -0.447726
    outer loop
      vertex -3.49731 4 34.8702
      vertex -1.73927 1.41167 33.4274
      vertex -3.75236 4 34.5263
    endloop
  endfacet
  facet normal -0.504771 0.659613 0.556882
    outer loop
      vertex 2.8819 4 28.5133
      vertex 1.42738 1.41167 30.2607
      vertex 1.59099 1.41167 30.409
    endloop
  endfacet
  facet normal -0.503672 0.659642 0.557841
    outer loop
      vertex 1.42738 1.41167 30.2607
      vertex 2.8819 4 28.5133
      vertex 2.87016 4 28.5027
    endloop
  endfacet
  facet normal -0.707666 0.659611 -0.253222
    outer loop
      vertex 4.18521 4 33.7164
      vertex 4.32945 4 33.3133
      vertex 2.15312 1.41167 32.6531
    endloop
  endfacet
  facet normal 0.447793 0.65961 -0.603652
    outer loop
      vertex -2.52627 4 35.7524
      vertex -1.42738 1.41167 33.7393
      vertex -2.87016 4 35.4973
    endloop
  endfacet
  facet normal -0.447793 0.65961 0.603652
    outer loop
      vertex 2.87016 4 28.5027
      vertex 2.52627 4 28.2476
      vertex 1.42738 1.41167 30.2607
    endloop
  endfacet
  facet normal 0.644696 0.659616 0.386361
    outer loop
      vertex -1.98432 1.41167 30.9394
      vertex -3.76993 4 29.5
      vertex -3.99005 4 29.8673
    endloop
  endfacet
  facet normal 0.729076 0.659612 -0.182647
    outer loop
      vertex -4.32945 4 33.3133
      vertex -2.15312 1.41167 32.6531
      vertex -4.43349 4 32.898
    endloop
  endfacet
  facet normal 0.743425 0.659617 -0.110561
    outer loop
      vertex -2.20677 1.41167 32.439
      vertex -4.43966 4 32.867
      vertex -4.43734 4 32.8826
    endloop
  endfacet
  facet normal 0.743478 0.659611 -0.110246
    outer loop
      vertex -4.43966 4 32.867
      vertex -2.20677 1.41167 32.439
      vertex -2.23917 1.41167 32.2205
    endloop
  endfacet
  facet normal 0.504771 0.659613 0.556882
    outer loop
      vertex -1.42738 1.41167 30.2607
      vertex -2.8819 4 28.5133
      vertex -1.59099 1.41167 30.409
    endloop
  endfacet
  facet normal 0.503672 0.659642 0.557841
    outer loop
      vertex -2.8819 4 28.5133
      vertex -1.42738 1.41167 30.2607
      vertex -2.87016 4 28.5027
    endloop
  endfacet
  facet normal -0.180436 0.659769 -0.729485
    outer loop
      vertex 0.65314 1.41167 34.1531
      vertex 0.882641 4 36.4373
      vertex 0.898004 4 36.4335
    endloop
  endfacet
  facet normal -0.182784 0.659598 -0.729055
    outer loop
      vertex 0.882641 4 36.4373
      vertex 0.65314 1.41167 34.1531
      vertex 0.438952 1.41167 34.2068
    endloop
  endfacet
  facet normal 0.603737 0.65962 -0.447664
    outer loop
      vertex -1.87081 1.41167 33.25
      vertex -3.75236 4 34.5263
      vertex -1.73927 1.41167 33.4274
    endloop
  endfacet
  facet normal 0.605082 0.659667 -0.445775
    outer loop
      vertex -3.75236 4 34.5263
      vertex -1.87081 1.41167 33.25
      vertex -3.76179 4 34.5135
    endloop
  endfacet
  facet normal 0.556901 0.659611 -0.504752
    outer loop
      vertex -1.73927 1.41167 33.4274
      vertex -3.48667 4 34.8819
      vertex -1.59099 1.41167 33.591
    endloop
  endfacet
  facet normal 0.556076 0.659584 -0.505696
    outer loop
      vertex -3.48667 4 34.8819
      vertex -1.73927 1.41167 33.4274
      vertex -3.49731 4 34.8702
    endloop
  endfacet
  facet normal -0.0368645 0.659618 0.750696
    outer loop
      vertex 0.427637 4 27.4967
      vertex 0 4 27.4757
      vertex 0 1.41167 29.75
    endloop
  endfacet
  facet normal 0.750702 0.659612 0.0368712
    outer loop
      vertex -2.23917 1.41167 31.7795
      vertex -4.50326 4 31.5724
      vertex -2.25 1.41167 32
    endloop
  endfacet
  facet normal 0.750705 0.659611 0.036827
    outer loop
      vertex -4.50326 4 31.5724
      vertex -2.23917 1.41167 31.7795
      vertex -4.50248 4 31.5565
    endloop
  endfacet
  facet normal 0.321336 0.65962 0.679444
    outer loop
      vertex -1.73136 4 27.8201
      vertex -1.06064 1.41167 30.0157
      vertex -0.861037 1.41167 29.9213
    endloop
  endfacet
  facet normal 0.322434 0.659534 0.679008
    outer loop
      vertex -1.06064 1.41167 30.0157
      vertex -1.73136 4 27.8201
      vertex -1.74568 4 27.8269
    endloop
  endfacet
  facet normal 0.386365 0.659607 0.644702
    outer loop
      vertex -2.49996 4 28.2301
      vertex -1.25003 1.41167 30.1292
      vertex -1.06064 1.41167 30.0157
    endloop
  endfacet
  facet normal 0.38483 0.659569 0.645659
    outer loop
      vertex -1.25003 1.41167 30.1292
      vertex -2.49996 4 28.2301
      vertex -2.51355 4 28.2382
    endloop
  endfacet
  facet normal 0.644696 0.659616 -0.386361
    outer loop
      vertex -3.76993 4 34.5
      vertex -1.98432 1.41167 33.0606
      vertex -3.99005 4 34.1327
    endloop
  endfacet
  facet normal -0.0379631 0.659636 -0.750626
    outer loop
      vertex 0.220538 1.41167 34.2392
      vertex 0.427637 4 36.5033
      vertex 0.443455 4 36.5025
    endloop
  endfacet
  facet normal -0.036763 0.659611 -0.750708
    outer loop
      vertex 0.427637 4 36.5033
      vertex 0.220538 1.41167 34.2392
      vertex 0 1.41167 34.25
    endloop
  endfacet
  facet normal 0.110244 0.659611 -0.743478
    outer loop
      vertex -0.443455 4 36.5025
      vertex -0.220538 1.41167 34.2392
      vertex -0.866974 4 36.4397
    endloop
  endfacet
  facet normal 0.253302 0.65962 -0.70763
    outer loop
      vertex -1.31333 4 36.3295
      vertex -0.65314 1.41167 34.1531
      vertex -1.71645 4 36.1852
    endloop
  endfacet
  facet normal -0.556874 0.659608 0.504786
    outer loop
      vertex 3.48667 4 29.1181
      vertex 3.19914 4 28.8009
      vertex 1.59099 1.41167 30.409
    endloop
  endfacet
  facet normal 0.679426 0.659615 -0.321384
    outer loop
      vertex -3.99005 4 34.1327
      vertex -1.98432 1.41167 33.0606
      vertex -4.17311 4 33.7457
    endloop
  endfacet
  facet normal 0.679426 0.659615 0.321384
    outer loop
      vertex -1.98432 1.41167 30.9394
      vertex -3.99005 4 29.8673
      vertex -4.17311 4 30.2543
    endloop
  endfacet
  facet normal -0.180436 0.659769 0.729485
    outer loop
      vertex 0.882641 4 27.5627
      vertex 0.65314 1.41167 29.8469
      vertex 0.898004 4 27.5665
    endloop
  endfacet
  facet normal -0.182784 0.659598 0.729055
    outer loop
      vertex 0.65314 1.41167 29.8469
      vertex 0.882641 4 27.5627
      vertex 0.438952 1.41167 29.7932
    endloop
  endfacet
  facet normal 0.110288 0.659614 -0.743469
    outer loop
      vertex -0.438952 1.41167 34.2068
      vertex -0.866974 4 36.4397
      vertex -0.220538 1.41167 34.2392
    endloop
  endfacet
  facet normal 0.1138 0.659684 -0.742877
    outer loop
      vertex -0.866974 4 36.4397
      vertex -0.438952 1.41167 34.2068
      vertex -0.882641 4 36.4373
    endloop
  endfacet
  facet normal -0.38483 0.659569 0.645659
    outer loop
      vertex 2.49996 4 28.2301
      vertex 1.25003 1.41167 30.1292
      vertex 2.51355 4 28.2382
    endloop
  endfacet
  facet normal -0.386365 0.659607 0.644702
    outer loop
      vertex 1.25003 1.41167 30.1292
      vertex 2.49996 4 28.2301
      vertex 1.06064 1.41167 30.0157
    endloop
  endfacet
  facet normal -0.322434 0.659534 0.679008
    outer loop
      vertex 1.73136 4 27.8201
      vertex 1.06064 1.41167 30.0157
      vertex 1.74568 4 27.8269
    endloop
  endfacet
  facet normal -0.321336 0.65962 0.679444
    outer loop
      vertex 1.06064 1.41167 30.0157
      vertex 1.73136 4 27.8201
      vertex 0.861037 1.41167 29.9213
    endloop
  endfacet
  facet normal -0.679426 0.659615 0.321384
    outer loop
      vertex 4.17311 4 30.2543
      vertex 3.99005 4 29.8673
      vertex 1.98432 1.41167 30.9394
    endloop
  endfacet
  facet normal 0.504818 0.659608 -0.556844
    outer loop
      vertex -2.8819 4 35.4867
      vertex -1.59099 1.41167 33.591
      vertex -3.19914 4 35.1991
    endloop
  endfacet
  facet normal 0.386365 0.659607 -0.644702
    outer loop
      vertex -1.25003 1.41167 33.8708
      vertex -2.49996 4 35.7699
      vertex -1.06064 1.41167 33.9843
    endloop
  endfacet
  facet normal 0.38483 0.659569 -0.645659
    outer loop
      vertex -2.49996 4 35.7699
      vertex -1.25003 1.41167 33.8708
      vertex -2.51355 4 35.7618
    endloop
  endfacet
  facet normal 0.386385 0.659609 -0.644688
    outer loop
      vertex -2.13272 4 35.99
      vertex -1.06064 1.41167 33.9843
      vertex -2.49996 4 35.7699
    endloop
  endfacet
  facet normal 0.182784 0.659598 -0.729055
    outer loop
      vertex -0.65314 1.41167 34.1531
      vertex -0.882641 4 36.4373
      vertex -0.438952 1.41167 34.2068
    endloop
  endfacet
  facet normal 0.180436 0.659769 -0.729485
    outer loop
      vertex -0.882641 4 36.4373
      vertex -0.65314 1.41167 34.1531
      vertex -0.898004 4 36.4335
    endloop
  endfacet
  facet normal -0.644696 0.659616 0.386361
    outer loop
      vertex 3.99005 4 29.8673
      vertex 3.76993 4 29.5
      vertex 1.98432 1.41167 30.9394
    endloop
  endfacet
  facet normal -0.556076 0.659584 0.505696
    outer loop
      vertex 3.48667 4 29.1181
      vertex 1.73927 1.41167 30.5726
      vertex 3.49731 4 29.1298
    endloop
  endfacet
  facet normal -0.556901 0.659611 0.504752
    outer loop
      vertex 1.73927 1.41167 30.5726
      vertex 3.48667 4 29.1181
      vertex 1.59099 1.41167 30.409
    endloop
  endfacet
  facet normal -0.38483 0.659569 -0.645659
    outer loop
      vertex 1.25003 1.41167 33.8708
      vertex 2.49996 4 35.7699
      vertex 2.51355 4 35.7618
    endloop
  endfacet
  facet normal -0.386365 0.659607 -0.644702
    outer loop
      vertex 2.49996 4 35.7699
      vertex 1.25003 1.41167 33.8708
      vertex 1.06064 1.41167 33.9843
    endloop
  endfacet
  facet normal -0.446677 0.659646 -0.60444
    outer loop
      vertex 2.52627 4 35.7524
      vertex 1.25003 1.41167 33.8708
      vertex 2.51355 4 35.7618
    endloop
  endfacet
  facet normal -0.447657 0.659621 -0.603741
    outer loop
      vertex 1.25003 1.41167 33.8708
      vertex 2.52627 4 35.7524
      vertex 1.42738 1.41167 33.7393
    endloop
  endfacet
  facet normal 0.253248 0.659616 0.707653
    outer loop
      vertex -1.71645 4 27.8148
      vertex -0.861037 1.41167 29.9213
      vertex -0.65314 1.41167 29.8469
    endloop
  endfacet
  facet normal 0.251748 0.659581 0.70822
    outer loop
      vertex -0.861037 1.41167 29.9213
      vertex -1.71645 4 27.8148
      vertex -1.73136 4 27.8201
    endloop
  endfacet
  facet normal 0.446677 0.659646 -0.60444
    outer loop
      vertex -1.25003 1.41167 33.8708
      vertex -2.52627 4 35.7524
      vertex -2.51355 4 35.7618
    endloop
  endfacet
  facet normal 0.447657 0.659621 -0.603741
    outer loop
      vertex -2.52627 4 35.7524
      vertex -1.25003 1.41167 33.8708
      vertex -1.42738 1.41167 33.7393
    endloop
  endfacet
  facet normal 0.182784 0.659598 0.729055
    outer loop
      vertex -0.882641 4 27.5627
      vertex -0.65314 1.41167 29.8469
      vertex -0.438952 1.41167 29.7932
    endloop
  endfacet
  facet normal 0.180436 0.659769 0.729485
    outer loop
      vertex -0.65314 1.41167 29.8469
      vertex -0.882641 4 27.5627
      vertex -0.898004 4 27.5665
    endloop
  endfacet
  facet normal 0.447793 0.65961 0.603652
    outer loop
      vertex -1.42738 1.41167 30.2607
      vertex -2.52627 4 28.2476
      vertex -2.87016 4 28.5027
    endloop
  endfacet
  facet normal 0.504818 0.659608 0.556844
    outer loop
      vertex -1.59099 1.41167 30.409
      vertex -2.8819 4 28.5133
      vertex -3.19914 4 28.8009
    endloop
  endfacet
  facet normal -0.679334 0.659598 0.321615
    outer loop
      vertex 1.98432 1.41167 30.9394
      vertex 4.17988 4 30.2686
      vertex 4.17311 4 30.2543
    endloop
  endfacet
  facet normal -0.679432 0.659617 0.321368
    outer loop
      vertex 4.17988 4 30.2686
      vertex 1.98432 1.41167 30.9394
      vertex 2.07873 1.41167 31.139
    endloop
  endfacet
  facet normal 0.603697 0.659615 0.447726
    outer loop
      vertex -1.73927 1.41167 30.5726
      vertex -3.49731 4 29.1298
      vertex -3.75236 4 29.4737
    endloop
  endfacet
  facet normal -0.253302 0.65962 0.70763
    outer loop
      vertex 1.71645 4 27.8148
      vertex 1.31333 4 27.6705
      vertex 0.65314 1.41167 29.8469
    endloop
  endfacet
  facet normal 0.743478 0.659611 0.110246
    outer loop
      vertex -2.20677 1.41167 31.561
      vertex -4.43966 4 31.133
      vertex -2.23917 1.41167 31.7795
    endloop
  endfacet
  facet normal 0.743425 0.659617 0.110561
    outer loop
      vertex -4.43966 4 31.133
      vertex -2.20677 1.41167 31.561
      vertex -4.43734 4 31.1174
    endloop
  endfacet
  facet normal 0.74347 0.659613 0.110283
    outer loop
      vertex -2.23917 1.41167 31.7795
      vertex -4.43966 4 31.133
      vertex -4.50248 4 31.5565
    endloop
  endfacet
  facet normal -0.110244 0.659611 0.743478
    outer loop
      vertex 0.866974 4 27.5603
      vertex 0.443455 4 27.4975
      vertex 0.220538 1.41167 29.7608
    endloop
  endfacet
  facet normal 0.729069 0.659607 0.182693
    outer loop
      vertex -2.15312 1.41167 31.3469
      vertex -4.43734 4 31.1174
      vertex -2.20677 1.41167 31.561
    endloop
  endfacet
  facet normal 0.729144 0.659637 0.182286
    outer loop
      vertex -4.43734 4 31.1174
      vertex -2.15312 1.41167 31.3469
      vertex -4.43349 4 31.102
    endloop
  endfacet
  facet normal 0.253248 0.659616 -0.707653
    outer loop
      vertex -0.861037 1.41167 34.0787
      vertex -1.71645 4 36.1852
      vertex -0.65314 1.41167 34.1531
    endloop
  endfacet
  facet normal 0.251748 0.659581 -0.70822
    outer loop
      vertex -1.71645 4 36.1852
      vertex -0.861037 1.41167 34.0787
      vertex -1.73136 4 36.1799
    endloop
  endfacet
  facet normal -0.1138 0.659684 -0.742877
    outer loop
      vertex 0.438952 1.41167 34.2068
      vertex 0.866974 4 36.4397
      vertex 0.882641 4 36.4373
    endloop
  endfacet
  facet normal -0.110288 0.659614 -0.743469
    outer loop
      vertex 0.866974 4 36.4397
      vertex 0.438952 1.41167 34.2068
      vertex 0.220538 1.41167 34.2392
    endloop
  endfacet
  facet normal -0.386385 0.659609 0.644688
    outer loop
      vertex 2.49996 4 28.2301
      vertex 2.13272 4 28.01
      vertex 1.06064 1.41167 30.0157
    endloop
  endfacet
  facet normal 0.321336 0.65962 -0.679444
    outer loop
      vertex -1.06064 1.41167 33.9843
      vertex -1.73136 4 36.1799
      vertex -0.861037 1.41167 34.0787
    endloop
  endfacet
  facet normal 0.322434 0.659534 -0.679008
    outer loop
      vertex -1.73136 4 36.1799
      vertex -1.06064 1.41167 33.9843
      vertex -1.74568 4 36.1731
    endloop
  endfacet
  facet normal 0.729076 0.659612 0.182647
    outer loop
      vertex -2.15312 1.41167 31.3469
      vertex -4.32945 4 30.6867
      vertex -4.43349 4 31.102
    endloop
  endfacet
  facet normal 0.64362 0.659657 -0.388079
    outer loop
      vertex -1.87081 1.41167 33.25
      vertex -3.76993 4 34.5
      vertex -3.76179 4 34.5135
    endloop
  endfacet
  facet normal 0.644689 0.659616 -0.386371
    outer loop
      vertex -3.76993 4 34.5
      vertex -1.87081 1.41167 33.25
      vertex -1.98432 1.41167 33.0606
    endloop
  endfacet
  facet normal -0.1138 0.659684 0.742877
    outer loop
      vertex 0.866974 4 27.5603
      vertex 0.438952 1.41167 29.7932
      vertex 0.882641 4 27.5627
    endloop
  endfacet
  facet normal -0.110288 0.659614 0.743469
    outer loop
      vertex 0.438952 1.41167 29.7932
      vertex 0.866974 4 27.5603
      vertex 0.220538 1.41167 29.7608
    endloop
  endfacet
  facet normal 0.707666 0.659611 0.253222
    outer loop
      vertex -2.15312 1.41167 31.3469
      vertex -4.18521 4 30.2836
      vertex -4.32945 4 30.6867
    endloop
  endfacet
  facet normal 0.7507 0.659613 0.0368854
    outer loop
      vertex -2.25 1.41167 32
      vertex -4.50326 4 31.5724
      vertex -4.52427 4 32
    endloop
  endfacet
  facet normal 0.707669 0.659611 0.253215
    outer loop
      vertex -2.07873 1.41167 31.139
      vertex -4.18521 4 30.2836
      vertex -2.15312 1.41167 31.3469
    endloop
  endfacet
  facet normal 0.708254 0.659575 0.251666
    outer loop
      vertex -4.18521 4 30.2836
      vertex -2.07873 1.41167 31.139
      vertex -4.17988 4 30.2686
    endloop
  endfacet
  facet normal 0.321417 0.65961 0.679416
    outer loop
      vertex -1.06064 1.41167 30.0157
      vertex -1.74568 4 27.8269
      vertex -2.13272 4 28.01
    endloop
  endfacet
  facet normal 0.110288 0.659614 0.743469
    outer loop
      vertex -0.866974 4 27.5603
      vertex -0.438952 1.41167 29.7932
      vertex -0.220538 1.41167 29.7608
    endloop
  endfacet
  facet normal 0.1138 0.659684 0.742877
    outer loop
      vertex -0.438952 1.41167 29.7932
      vertex -0.866974 4 27.5603
      vertex -0.882641 4 27.5627
    endloop
  endfacet
  facet normal -0.182568 0.659621 0.729088
    outer loop
      vertex 1.31333 4 27.6705
      vertex 0.898004 4 27.5665
      vertex 0.65314 1.41167 29.8469
    endloop
  endfacet
  facet normal 0.7507 0.659613 -0.0368854
    outer loop
      vertex -4.50326 4 32.4276
      vertex -2.25 1.41167 32
      vertex -4.52427 4 32
    endloop
  endfacet
  facet normal 0.750705 0.659611 -0.036827
    outer loop
      vertex -2.23917 1.41167 32.2205
      vertex -4.50326 4 32.4276
      vertex -4.50248 4 32.4435
    endloop
  endfacet
  facet normal 0.750702 0.659612 -0.0368712
    outer loop
      vertex -4.50326 4 32.4276
      vertex -2.23917 1.41167 32.2205
      vertex -2.25 1.41167 32
    endloop
  endfacet
  facet normal -0.707666 0.659611 0.253222
    outer loop
      vertex 4.32945 4 30.6867
      vertex 4.18521 4 30.2836
      vertex 2.15312 1.41167 31.3469
    endloop
  endfacet
  facet normal -0.603697 0.659615 0.447726
    outer loop
      vertex 3.75236 4 29.4737
      vertex 3.49731 4 29.1298
      vertex 1.73927 1.41167 30.5726
    endloop
  endfacet
  facet normal -0.729076 0.659612 0.182647
    outer loop
      vertex 4.43349 4 31.102
      vertex 4.32945 4 30.6867
      vertex 2.15312 1.41167 31.3469
    endloop
  endfacet
  facet normal 0.0368645 0.659618 0.750696
    outer loop
      vertex 0 1.41167 29.75
      vertex 0 4 27.4757
      vertex -0.427637 4 27.4967
    endloop
  endfacet
  facet normal -0.0379631 0.659636 0.750626
    outer loop
      vertex 0.427637 4 27.4967
      vertex 0.220538 1.41167 29.7608
      vertex 0.443455 4 27.4975
    endloop
  endfacet
  facet normal -0.036763 0.659611 0.750708
    outer loop
      vertex 0.220538 1.41167 29.7608
      vertex 0.427637 4 27.4967
      vertex 0 1.41167 29.75
    endloop
  endfacet
  facet normal 0.036763 0.659611 0.750708
    outer loop
      vertex -0.427637 4 27.4967
      vertex -0.220538 1.41167 29.7608
      vertex 0 1.41167 29.75
    endloop
  endfacet
  facet normal 0.0379631 0.659636 0.750626
    outer loop
      vertex -0.220538 1.41167 29.7608
      vertex -0.427637 4 27.4967
      vertex -0.443455 4 27.4975
    endloop
  endfacet
  facet normal -0.644689 0.659616 0.386371
    outer loop
      vertex 3.76993 4 29.5
      vertex 1.87081 1.41167 30.75
      vertex 1.98432 1.41167 30.9394
    endloop
  endfacet
  facet normal -0.64362 0.659657 0.388079
    outer loop
      vertex 1.87081 1.41167 30.75
      vertex 3.76993 4 29.5
      vertex 3.76179 4 29.4865
    endloop
  endfacet
  facet normal -0.605082 0.659667 0.445775
    outer loop
      vertex 3.75236 4 29.4737
      vertex 1.87081 1.41167 30.75
      vertex 3.76179 4 29.4865
    endloop
  endfacet
  facet normal -0.603737 0.65962 0.447664
    outer loop
      vertex 1.87081 1.41167 30.75
      vertex 3.75236 4 29.4737
      vertex 1.73927 1.41167 30.5726
    endloop
  endfacet
  facet normal -0.74347 0.659613 0.110283
    outer loop
      vertex 4.50248 4 31.5565
      vertex 4.43966 4 31.133
      vertex 2.23917 1.41167 31.7795
    endloop
  endfacet
  facet normal -0.708254 0.659575 0.251666
    outer loop
      vertex 2.07873 1.41167 31.139
      vertex 4.18521 4 30.2836
      vertex 4.17988 4 30.2686
    endloop
  endfacet
  facet normal -0.707669 0.659611 0.253215
    outer loop
      vertex 4.18521 4 30.2836
      vertex 2.07873 1.41167 31.139
      vertex 2.15312 1.41167 31.3469
    endloop
  endfacet
  facet normal -0.729144 0.659637 0.182286
    outer loop
      vertex 2.15312 1.41167 31.3469
      vertex 4.43734 4 31.1174
      vertex 4.43349 4 31.102
    endloop
  endfacet
  facet normal -0.729069 0.659607 0.182693
    outer loop
      vertex 4.43734 4 31.1174
      vertex 2.15312 1.41167 31.3469
      vertex 2.20677 1.41167 31.561
    endloop
  endfacet
  facet normal -0.743425 0.659617 0.110561
    outer loop
      vertex 2.20677 1.41167 31.561
      vertex 4.43966 4 31.133
      vertex 4.43734 4 31.1174
    endloop
  endfacet
  facet normal -0.743478 0.659611 0.110246
    outer loop
      vertex 4.43966 4 31.133
      vertex 2.20677 1.41167 31.561
      vertex 2.23917 1.41167 31.7795
    endloop
  endfacet
endsolid OpenSCAD_Model
